id_commande,date_commande,client_id,ville_client,categorie_produit,nom_produit,quantite,prix_unitaire,remise_pourcentage,mode_paiement,canal_vente,delai_livraison_jours,note_satisfaction,statut_commande
104746,2025-01-28,1412,Lille,Vetements,Baskets,4,40.3,5,PayPal,Site web,3.0,4.0,Livree
103100,2025-08-13,2494,Lille,Maison,Tapis,2,48.13,20,CB,Site web,11.0,5.0,Livree
103690,2024-06-01,1381,Bordeaux,Maison,Etagere,1,46.61,10,CB,Magasin,3.0,,Livree
102454,2024-04-16,2017,Toulouse,Maison,Set de cuisine,1,49.4,0,CB,Application mobile,14.0,3.0,Livree
100437,2025-02-14,1074,Lyon,Electronique,Tablette,1,197.3,0,CB,Magasin,8.0,5.0,Livree
100521,2025-01-12,2010,Paris,Vetements,Robe,1,44.63,10,PayPal,Site web,8.0,3.0,Livree
103918,2025-12-10,1165,Nantes,Beaute,Creme visage,3,14.32,0,Especes,Site web,11.0,5.0,Annulee
102842,2025-10-08,1016,Strasbourg,Electronique,Enceinte bluetooth,3,405.07,0,Especes,Site web,9.0,3.0,Livree
100958,2025-05-30,2077,Marseille,Beaute,Creme visage,1,23.43,15,PayPal,Magasin,10.0,3.0,Livree
102475,2025-08-04,1920,Nantes,Electronique,Casque audio,2,314.36,0,Especes,Magasin,7.0,4.0,Livree
103356,2024-12-13,1515,Toulouse,Livres,Roman,4,21.97,10,CB,Application mobile,5.0,4.0,Livree
102426,2025-04-22,2356,Nantes,Sport,Montre connectee,2,19.81,0,CB,Site web,4.0,3.0,Livree
104127,2025-06-01,2418,Toulouse,Beaute,Parfum,3,15.06,20,CB,Site web,2.0,,Livree
102823,2024-05-24,1273,Lille,Maison,Coussin,4,36.43,10,CB,Site web,9.0,5.0,Livree
104581,2025-01-22,1653,Nantes,Electronique,Tablette,1,302.18,0,CB,Application mobile,4.0,4.0,Livree
101624,2024-06-02,2440,Paris,Livres,Manuel scolaire,2,14.59,20,CB,Site web,8.0,5.0,Retournee
104842,2025-09-24,2434,Bordeaux,Beaute,Parfum,5,20.28,0,PayPal,Site web,3.0,5.0,Livree
104149,2025-07-23,1608,Toulouse,Electronique,Smartphone,2,318.79,0,Virement,Site web,14.0,2.0,Livree
104858,2024-11-08,1372,Toulouse,Electronique,Smartphone,1,273.64,0,PayPal,Site web,1.0,1.0,Livree
102105,2024-10-24,1773,Bordeaux,Vetements,Jean,1,40.1,0,CB,Magasin,10.0,5.0,Livree
100020,2024-07-29,1143,Paris,Maison,Etagere,1,65.38,5,Especes,Magasin,3.0,4.0,En cours
102041,2024-10-24,1290,Toulouse,Maison,Etagere,2,60.34,5,CB,Site web,1.0,3.0,En cours
100777,2024-03-10,2130,Toulouse,Vetements,Robe,2,40.52,0,CB,Site web,9.0,4.0,Livree
101292,2025-05-22,2096,Marseille,Vetements,T-shirt,5,28.46,10,Especes,Site web,7.0,1.0,En cours
101808,2024-02-10,1566,Strasbourg,Sport,Velo,3,62.33,30,PayPal,Site web,14.0,5.0,Livree
102419,2024-07-05,1019,Lille,Sport,Ballon,2,73.2,0,Virement,Site web,5.0,1.0,Livree
101771,2025-07-12,2488,Paris,Electronique,Tablette,2,71.49,15,PayPal,Application mobile,12.0,3.0,Retournee
101741,2025-01-19,2257,Lyon,Vetements,Jean,1,38.06,0,PayPal,Application mobile,5.0,4.0,Livree
102821,2025-08-21,2133,Bordeaux,Sport,Velo,2,55.83,15,CB,Site web,4.0,4.0,Livree
104979,2024-08-26,1118,Lyon,Electronique,Casque audio,5,285.44,0,CB,Site web,12.0,5.0,Livree
102087,2024-01-27,2117,Strasbourg,Sport,Halteres,2,82.23,0,PayPal,Application mobile,4.0,1.0,Livree
103731,2024-08-22,1628,Marseille,Vetements,Veste,1,30.07,0,PayPal,Application mobile,6.0,4.0,Livree
102719,2024-04-17,1727,Marseille,Maison,Lampe,2,57.92,0,CB,Magasin,11.0,3.0,Livree
104371,2025-07-19,1071,Lille,Vetements,Baskets,3,36.15,0,CB,Site web,12.0,3.0,Livree
100433,2024-08-03,1424,Lyon,Vetements,Veste,1,18.07,20,CB,Application mobile,6.0,4.0,Livree
102537,2025-04-18,1099,Nantes,Maison,Set de cuisine,2,40.96,5,CB,Site web,1.0,5.0,Livree
102606,2025-07-14,1676,Marseille,Sport,Halteres,5,37.02,30,CB,Application mobile,11.0,3.0,Livree
104208,2025-05-18,1695,Bordeaux,Beaute,Serum,3,18.15,0,CB,Site web,2.0,4.0,Livree
101410,2024-03-02,1545,Paris,Electronique,Tablette,2,284.43,0,Virement,Application mobile,3.0,4.0,Livree
104636,2024-09-01,2463,Lille,Electronique,Ordinateur portable,1,327.19,0,CB,Application mobile,12.0,5.0,Livree
104870,2025-06-13,1510,Lyon,Electronique,Tablette,1,279.8,20,Virement,Site web,3.0,3.0,Livree
104906,2025-02-08,2337,Lille,Vetements,Veste,2,43.86,15,Virement,Site web,2.0,5.0,Livree
103776,2025-10-05,2185,Nantes,Electronique,Tablette,2,186.09,0,PayPal,Magasin,1.0,2.0,Livree
102809,2024-04-18,1555,Lyon,Electronique,Tablette,2,377.2,20,PayPal,Site web,5.0,3.0,Livree
101736,2024-12-08,1339,Lyon,Electronique,Enceinte bluetooth,2,130.48,15,PayPal,Magasin,11.0,5.0,Livree
101563,2024-07-07,1409,Lille,Vetements,T-shirt,5,39.96,10,CB,Site web,3.0,5.0,Livree
102181,2024-03-03,1290,Strasbourg,Sport,Halteres,2,60.07,5,CB,Site web,8.0,3.0,En cours
103454,2025-03-22,1502,Strasbourg,Electronique,Casque audio,1,155.79,0,CB,Magasin,1.0,5.0,Livree
101207,2025-12-21,2400,Toulouse,Vetements,Baskets,2,49.66,0,CB,Site web,12.0,4.0,Livree
101416,2024-04-26,2404,Nantes,Electronique,Casque audio,2,172.87,10,CB,Site web,7.0,4.0,Livree
102993,2024-02-04,1605,Lille,Electronique,Casque audio,1,245.71,30,PayPal,Site web,3.0,5.0,Livree
101155,2024-10-04,1034,Nantes,Sport,Montre connectee,2,53.69,5,Virement,Application mobile,6.0,4.0,Livree
104993,2025-12-10,2352,Strasbourg,Maison,Lampe,1,28.2,10,CB,Application mobile,14.0,5.0,Livree
103652,2025-05-22,1598,Marseille,Electronique,Casque audio,2,281.49,10,CB,Magasin,8.0,4.0,Livree
102496,2025-03-04,1123,Lille,Beaute,Rouge a levres,3,25.94,0,CB,Site web,2.0,3.0,Livree
103720,2024-06-10,2309,Bordeaux,Vetements,Baskets,1,44.28,10,Especes,Magasin,13.0,5.0,Livree
101749,2025-11-25,1346,Bordeaux,Electronique,Enceinte bluetooth,1,142.01,0,CB,Application mobile,9.0,3.0,En cours
102175,2024-09-19,2116,Marseille,Vetements,T-shirt,1,39.52,0,CB,Site web,13.0,2.0,Livree
104562,2025-12-19,2291,Lyon,Maison,Tapis,2,45.11,10,PayPal,Magasin,6.0,4.0,Livree
101361,2024-05-26,1336,Bordeaux,Sport,Halteres,1,80.79,10,Virement,Site web,2.0,4.0,Livree
102294,2025-09-01,1478,Toulouse,Sport,Montre connectee,1,54.82,10,PayPal,Site web,12.0,,Livree
104850,2024-01-06,1962,Paris,Livres,Livre de cuisine,3,13.66,5,CB,Site web,8.0,4.0,Livree
101740,2025-07-24,1407,Toulouse,Sport,Montre connectee,5,58.24,10,Virement,Site web,14.0,5.0,Livree
101541,2025-09-20,2302,Paris,Electronique,Casque audio,1,198.41,0,CB,Magasin,5.0,,Annulee
104442,2025-02-26,1068,Paris,Maison,Set de cuisine,1,43.06,0,PayPal,Magasin,2.0,5.0,Livree
104781,2024-09-19,1661,Nantes,Beaute,Parfum,1,28.4,30,PayPal,Application mobile,2.0,4.0,Livree
103805,2024-08-30,2393,Lyon,Sport,Montre connectee,5,65.18,0,PayPal,Magasin,8.0,4.0,Livree
103471,2025-06-28,2062,Strasbourg,Beaute,Rouge a levres,1,20.22,0,CB,Site web,4.0,5.0,Livree
104259,2025-01-11,1838,Lille,Electronique,Enceinte bluetooth,1,176.45,0,PayPal,Site web,3.0,4.0,Livree
102331,2025-08-26,2428,Lille,Vetements,T-shirt,4,47.72,0,Virement,Site web,14.0,5.0,En cours
101794,2025-02-10,2472,Strasbourg,Maison,Set de cuisine,5,38.09,10,PayPal,Magasin,14.0,1.0,Livree
103846,2024-02-01,1357,Lille,Electronique,Enceinte bluetooth,5,183.42,0,Virement,Magasin,13.0,5.0,Livree
104527,2025-12-07,2287,Nantes,Electronique,Casque audio,4,313.68,0,PayPal,Application mobile,12.0,5.0,Livree
103279,2025-04-19,2289,Nantes,Electronique,Casque audio,1,279.1,0,CB,Site web,11.0,,Annulee
102962,2025-12-13,1004,Nantes,Vetements,Robe,1,45.51,0,Virement,Application mobile,14.0,5.0,Livree
100922,2025-12-23,1785,Lyon,Maison,Etagere,1,37.39,15,CB,Magasin,8.0,4.0,Livree
103993,2024-03-29,2318,Strasbourg,Vetements,T-shirt,2,41.51,0,PayPal,Magasin,1.0,3.0,Livree
100111,2025-02-07,1884,Strasbourg,Electronique,Tablette,2,397.97,30,CB,Site web,14.0,4.0,Livree
104298,2025-08-18,1212,Bordeaux,Sport,Velo,1,56.74,15,CB,Application mobile,13.0,5.0,Retournee
100009,2024-12-05,2079,Lille,Maison,Lampe,1,50.41,5,CB,Application mobile,3.0,2.0,Retournee
103291,2025-11-29,1812,Toulouse,Sport,Halteres,3,101.34,20,CB,Site web,14.0,4.0,En cours
100209,2025-04-10,1691,Strasbourg,Electronique,Smartphone,2,332.33,0,PayPal,Site web,3.0,5.0,Livree
104432,2024-06-12,1833,Lyon,Electronique,Smartphone,1,132.76,30,CB,Site web,3.0,5.0,En cours
101971,2024-11-14,1646,Toulouse,Electronique,Smartphone,2,322.94,0,CB,Site web,7.0,5.0,Retournee
102807,2024-06-13,2147,Lille,Maison,Lampe,1,45.58,0,Especes,Site web,14.0,,Livree
103836,2024-02-29,1107,Lyon,Electronique,Tablette,1,338.09,0,Especes,Site web,11.0,4.0,Livree
100884,2025-07-11,2068,Marseille,Vetements,Baskets,3,40.51,0,CB,Magasin,6.0,5.0,Livree
101176,2025-09-04,1574,Lille,Sport,Velo,2,53.41,10,Especes,Application mobile,10.0,3.0,En cours
103711,2025-03-11,2049,Lyon,Sport,Velo,1,61.72,0,CB,Site web,11.0,5.0,Livree
100685,2024-12-11,2057,Strasbourg,Beaute,Parfum,4,24.13,0,Virement,Site web,3.0,4.0,Livree
101275,2024-03-10,2149,Paris,Beaute,Rouge a levres,1,13.43,30,CB,Application mobile,8.0,4.0,Livree
101230,2025-04-21,2480,Toulouse,Livres,BD,2,14.82,5,CB,Application mobile,12.0,,Annulee
101224,2025-05-02,2323,Toulouse,Electronique,Ordinateur portable,1,264.94,30,CB,Site web,5.0,5.0,Livree
103567,2025-05-25,1224,Lyon,Livres,Roman,4,12.72,0,CB,Application mobile,11.0,4.0,Retournee
102277,2025-11-28,2200,Bordeaux,Electronique,Smartphone,4,290.21,5,CB,Site web,6.0,5.0,Livree
102773,2024-12-03,1844,Nantes,Electronique,Tablette,1,392.71,30,Especes,Site web,7.0,4.0,Livree
102337,2025-01-07,1939,Bordeaux,Vetements,Jean,1,40.25,15,CB,Site web,9.0,,Livree
103390,2025-04-28,1313,Toulouse,Sport,Velo,2,77.0,5,Especes,Site web,12.0,1.0,Livree
100439,2024-07-06,1993,Lille,Vetements,Jean,2,42.53,30,Virement,Site web,7.0,4.0,Livree
104984,2025-08-27,1855,Bordeaux,Beaute,Creme visage,2,18.11,0,PayPal,Site web,14.0,5.0,Livree
104150,2025-10-11,1546,Lyon,Vetements,T-shirt,1,55.25,0,CB,Site web,9.0,2.0,Livree
102640,2025-05-19,2498,Marseille,Sport,Ballon,3,68.23,0,PayPal,Application mobile,9.0,4.0,Livree
104522,2025-06-03,1657,Marseille,Electronique,Ordinateur portable,1,,10,CB,Magasin,10.0,,Annulee
100033,2024-03-26,1123,Lyon,Maison,Etagere,2,37.31,0,CB,Application mobile,10.0,,Annulee
100451,2025-04-11,1411,Bordeaux,Vetements,Veste,1,36.82,10,PayPal,Application mobile,1.0,5.0,Livree
104437,2025-09-04,1437,Lille,Maison,Lampe,5,52.4,0,CB,Site web,8.0,3.0,Livree
102610,2024-08-24,1131,Strasbourg,Sport,Velo,1,51.09,5,CB,Site web,2.0,3.0,Livree
103064,2025-01-23,1693,Paris,Vetements,Robe,4,31.33,0,CB,Application mobile,12.0,5.0,Annulee
100821,2024-09-10,2150,,Beaute,Rouge a levres,2,14.27,20,CB,Site web,9.0,3.0,Livree
100023,2024-01-30,2337,Paris,Maison,Coussin,2,29.44,0,CB,Application mobile,1.0,2.0,Livree
103529,2024-09-02,2254,Strasbourg,Maison,Etagere,5,33.31,15,CB,Site web,,4.0,Livree
101959,2024-12-07,1036,Bordeaux,Livres,Manuel scolaire,4,19.79,5,CB,Application mobile,1.0,5.0,Retournee
104153,2025-05-09,1431,Lille,Electronique,Casque audio,2,300.68,15,CB,Magasin,6.0,4.0,Livree
103500,2024-03-02,2268,Strasbourg,Maison,Etagere,1,50.56,0,PayPal,Site web,10.0,,Livree
104857,2025-07-25,2107,Nantes,Beaute,Serum,3,21.25,30,PayPal,Application mobile,12.0,3.0,Livree
104295,2025-04-27,2336,Lille,Beaute,Serum,4,20.89,0,CB,Application mobile,13.0,5.0,En cours
103975,2024-07-09,1077,Bordeaux,Beaute,Parfum,2,6.09,10,CB,Site web,2.0,3.0,Livree
100424,2025-03-19,1739,Lille,Livres,Manuel scolaire,1,19.66,0,PayPal,Application mobile,1.0,2.0,Livree
100367,2024-03-08,1632,Marseille,Electronique,Casque audio,1,46.11,0,PayPal,Application mobile,4.0,4.0,Livree
101119,2025-03-31,2007,Toulouse,Vetements,Jean,4,61.41,30,PayPal,Site web,10.0,5.0,Livree
100057,2025-02-05,2103,Lyon,Sport,Montre connectee,3,53.83,30,PayPal,Application mobile,10.0,,Annulee
104753,2024-10-07,1632,Strasbourg,Vetements,Baskets,2,33.13,0,PayPal,Magasin,7.0,,Annulee
103420,2025-04-25,1310,Bordeaux,Sport,Halteres,2,90.95,30,Especes,Site web,13.0,4.0,Livree
104438,2025-02-14,1576,Strasbourg,Beaute,Shampoing,1,21.18,0,PayPal,Site web,2.0,3.0,Livree
104209,2024-09-08,1885,Marseille,Maison,Coussin,2,23.97,10,Virement,Site web,3.0,2.0,Livree
100350,2024-06-23,2153,Nantes,Sport,Halteres,2,55.19,0,PayPal,Site web,14.0,5.0,Livree
104368,2024-02-28,1132,Lille,Livres,Manuel scolaire,4,17.24,0,PayPal,Site web,10.0,5.0,Livree
100285,2024-11-17,1166,,Vetements,Robe,1,38.34,0,PayPal,Site web,13.0,4.0,Retournee
104218,2025-12-16,2312,Nantes,Vetements,Veste,2,37.68,30,Virement,Site web,1.0,4.0,Livree
103923,2025-03-01,1118,Paris,Maison,Tapis,1,37.75,10,CB,Site web,5.0,4.0,Livree
104559,2024-10-06,1857,Strasbourg,Electronique,Enceinte bluetooth,2,134.55,0,CB,Site web,13.0,2.0,Livree
104284,2025-02-18,2267,Toulouse,Livres,Manuel scolaire,2,20.12,0,Especes,Application mobile,13.0,4.0,Livree
104311,2025-06-12,1195,Paris,Vetements,Baskets,2,52.86,0,CB,Site web,12.0,5.0,Livree
101365,2025-01-23,2339,Paris,Livres,Manuel scolaire,5,13.09,15,PayPal,Application mobile,6.0,3.0,Livree
101820,2024-04-15,1234,Bordeaux,Electronique,Ordinateur portable,5,240.54,0,CB,Application mobile,14.0,5.0,Livree
101171,2025-08-05,2446,Marseille,Beaute,Parfum,4,27.02,30,CB,Site web,14.0,5.0,Livree
103937,2025-10-29,2258,Nantes,Electronique,Tablette,2,344.86,20,PayPal,Magasin,5.0,,Livree
104862,2024-04-01,1651,Nantes,Livres,Essai,1,18.14,15,PayPal,Site web,4.0,2.0,Livree
101100,2024-07-11,1733,Toulouse,Livres,Livre de cuisine,1,13.71,0,CB,Magasin,3.0,4.0,Livree
101021,2025-04-01,1526,Bordeaux,Livres,BD,4,10.85,0,PayPal,Site web,10.0,4.0,En cours
102698,2025-05-23,2101,Marseille,Electronique,Ordinateur portable,5,199.84,0,PayPal,Magasin,9.0,3.0,Livree
101543,2024-01-10,2285,Lyon,Livres,Roman,1,6.24,10,CB,Magasin,6.0,4.0,En cours
104226,2024-04-21,1253,Strasbourg,Beaute,Shampoing,4,28.75,30,PayPal,Site web,12.0,2.0,Livree
101094,2024-07-18,1881,Strasbourg,Vetements,Veste,4,34.55,0,CB,Site web,1.0,4.0,Livree
103123,2024-08-19,1576,Lille,Sport,Montre connectee,1,65.09,15,CB,Site web,3.0,5.0,Livree
100808,2025-08-21,1081,Toulouse,Sport,Tapis de yoga,3,56.81,0,Virement,Site web,11.0,,Annulee
103898,2024-08-20,1554,Bordeaux,Electronique,Smartphone,2,292.35,0,PayPal,Magasin,7.0,2.0,En cours
104211,2025-03-31,1246,Marseille,Electronique,Smartphone,2,180.84,0,PayPal,Magasin,9.0,3.0,Annulee
101698,2025-08-13,1012,Toulouse,Livres,Livre de cuisine,1,18.44,0,CB,Magasin,9.0,4.0,Livree
104076,2024-06-07,1667,Nantes,Beaute,Creme visage,2,20.59,15,CB,Site web,4.0,5.0,Livree
101989,2025-05-17,2462,Strasbourg,Vetements,Jean,2,31.85,0,CB,Application mobile,8.0,5.0,Livree
101374,2025-12-04,2106,Lille,Maison,Tapis,2,52.96,20,Especes,Site web,2.0,4.0,Livree
103791,2025-08-09,1549,Strasbourg,Vetements,Robe,1,35.82,0,CB,Site web,12.0,5.0,Livree
104661,2025-02-04,2225,Bordeaux,Sport,Ballon,1,62.4,20,CB,Application mobile,12.0,4.0,Livree
104155,2025-05-16,1083,Lille,Beaute,Shampoing,1,22.18,15,Especes,Site web,8.0,5.0,Livree
102818,2025-04-07,2106,Lyon,Electronique,Casque audio,1,152.65,0,Especes,Application mobile,2.0,,Annulee
103085,2025-07-29,2451,Nantes,Sport,Tapis de yoga,1,62.01,15,CB,Site web,11.0,5.0,Livree
103845,2024-03-21,1741,Lille,Vetements,T-shirt,5,16.76,0,CB,Application mobile,11.0,1.0,En cours
101037,2024-06-23,1427,Strasbourg,Electronique,Casque audio,1,336.88,0,PayPal,Magasin,4.0,4.0,Livree
104207,2025-07-15,1359,Lyon,Vetements,Veste,5,35.16,0,CB,Application mobile,7.0,5.0,Livree
104170,2025-12-27,1764,Lille,Maison,Etagere,4,62.76,20,Especes,Site web,8.0,3.0,Livree
103526,2024-04-22,2234,Toulouse,Livres,Roman,2,12.02,10,Especes,Site web,13.0,5.0,Retournee
100279,2025-04-08,2269,Nantes,Sport,Halteres,3,77.81,5,CB,Magasin,13.0,4.0,Livree
101074,2024-02-07,1297,Lyon,Vetements,Robe,2,41.84,30,CB,Application mobile,8.0,5.0,Livree
104638,2025-11-29,1715,Nantes,Electronique,Casque audio,1,171.63,0,PayPal,Application mobile,8.0,5.0,Livree
104994,2024-10-18,1922,Marseille,Electronique,Tablette,1,368.46,10,PayPal,Site web,5.0,2.0,Livree
100841,2025-01-25,1408,Bordeaux,Maison,Set de cuisine,4,59.9,20,CB,Site web,,4.0,Livree
101352,2024-07-20,1812,Lyon,Vetements,Jean,2,40.93,0,PayPal,Site web,2.0,3.0,Retournee
104038,2025-03-15,1395,Bordeaux,Livres,BD,1,15.54,30,PayPal,Site web,9.0,5.0,Livree
100550,2024-01-12,1337,Lille,Electronique,Enceinte bluetooth,3,476.31,10,CB,Magasin,1.0,1.0,Livree
103718,2025-08-02,2444,Bordeaux,Vetements,T-shirt,2,33.73,15,CB,Application mobile,4.0,5.0,Livree
103558,2025-04-17,2317,Bordeaux,Vetements,Baskets,4,29.05,15,CB,Site web,5.0,5.0,Livree
100261,2024-01-20,1310,Lyon,Electronique,Enceinte bluetooth,5,344.24,10,CB,Application mobile,7.0,3.0,Livree
102643,2024-03-02,1783,Nantes,Beaute,Rouge a levres,2,12.29,5,CB,Site web,2.0,4.0,En cours
104935,2024-06-18,1434,Bordeaux,Sport,Tapis de yoga,2,20.6,0,CB,Site web,5.0,2.0,Livree
100534,2025-06-30,1742,Paris,Electronique,Smartphone,1,268.17,10,Virement,Site web,12.0,4.0,Livree
100928,2025-08-11,1912,Nantes,Electronique,Enceinte bluetooth,1,362.0,0,Especes,Magasin,12.0,3.0,Annulee
103315,2025-07-31,1817,Lyon,Electronique,Ordinateur portable,5,338.61,10,CB,Application mobile,14.0,5.0,Livree
100611,2025-07-12,1590,Nantes,Sport,Ballon,2,68.9,0,CB,Application mobile,7.0,3.0,Livree
102082,2024-06-30,1260,Paris,Livres,Essai,4,9.76,10,PayPal,Site web,13.0,5.0,Livree
102937,2024-01-04,2343,Nantes,Maison,Lampe,1,65.42,20,Especes,Magasin,2.0,5.0,Livree
100836,2025-06-05,1883,Lyon,Maison,Tapis,1,52.08,15,PayPal,Site web,3.0,3.0,Livree
102278,2024-05-22,2002,Marseille,Sport,Montre connectee,3,,30,CB,Site web,13.0,,Livree
102943,2024-08-19,2296,Strasbourg,Vetements,T-shirt,3,25.59,20,CB,Magasin,11.0,,Retournee
102911,2024-02-08,1489,Marseille,Electronique,Casque audio,3,172.24,0,CB,Site web,11.0,4.0,Livree
104512,2024-09-26,2137,Strasbourg,Beaute,Rouge a levres,3,26.39,0,CB,Site web,1.0,3.0,Livree
104849,2024-05-28,2445,Lyon,Sport,Ballon,2,88.48,0,CB,Magasin,1.0,4.0,Livree
100241,2024-12-11,2370,Bordeaux,Vetements,Veste,1,25.5,0,PayPal,Magasin,5.0,4.0,Livree
101631,2025-02-02,2260,Toulouse,Electronique,Smartphone,4,326.0,0,Virement,Application mobile,11.0,4.0,Livree
101081,2024-05-11,1108,Lyon,Sport,Halteres,2,76.69,15,CB,Magasin,12.0,,Livree
104791,2025-05-03,1635,Strasbourg,Vetements,Robe,2,27.3,10,CB,Site web,8.0,3.0,Livree
102216,2025-11-06,2088,Bordeaux,Sport,Ballon,2,62.64,15,PayPal,Site web,1.0,5.0,Livree
101370,2024-11-02,1623,Marseille,Vetements,Jean,2,27.66,30,CB,Magasin,13.0,4.0,Livree
100115,2025-04-06,1610,Lyon,Livres,Manuel scolaire,1,19.78,0,PayPal,Site web,6.0,4.0,Livree
102684,2025-03-02,1579,Bordeaux,Livres,Essai,4,9.17,0,PayPal,Site web,2.0,4.0,Livree
100346,2025-04-07,2302,Toulouse,Livres,BD,2,10.9,0,CB,Application mobile,5.0,5.0,Livree
104431,2025-08-09,1489,Strasbourg,Maison,Tapis,1,31.2,10,CB,Site web,6.0,3.0,Livree
104082,2024-05-31,1851,Strasbourg,Electronique,Tablette,1,341.25,0,CB,Site web,12.0,5.0,Livree
103163,2024-05-04,1145,Strasbourg,Electronique,Casque audio,5,315.64,0,CB,Magasin,4.0,2.0,Livree
103363,2024-10-13,2244,Lille,Electronique,Smartphone,3,290.42,0,Especes,Site web,5.0,4.0,Annulee
100017,2024-12-17,2331,Paris,Maison,Tapis,3,21.3,5,PayPal,Site web,5.0,4.0,Livree
102165,2024-01-04,2166,Paris,Vetements,Baskets,3,41.98,30,PayPal,Application mobile,11.0,3.0,Livree
102664,2024-06-27,1760,Nantes,Maison,Set de cuisine,1,44.25,0,CB,Site web,4.0,5.0,En cours
102686,2024-11-07,2338,Strasbourg,Sport,Tapis de yoga,4,78.7,0,Especes,Site web,5.0,5.0,Retournee
102875,2024-03-06,1941,Marseille,Electronique,Casque audio,1,294.55,5,CB,Magasin,13.0,4.0,Livree
104068,2024-11-23,1484,Nantes,Vetements,Robe,5,52.17,15,Virement,Site web,5.0,4.0,Annulee
103620,2024-11-12,1782,Nantes,Vetements,Robe,4,37.44,5,CB,Site web,3.0,3.0,Retournee
101865,2025-09-12,1873,Paris,Vetements,Veste,1,35.67,15,CB,Application mobile,7.0,4.0,Retournee
102991,2024-04-01,1552,Lyon,Maison,Lampe,1,57.92,20,PayPal,Application mobile,1.0,4.0,Livree
100024,2024-08-09,2161,Lyon,Livres,Livre de cuisine,3,11.2,15,PayPal,Site web,3.0,3.0,Livree
101767,2024-04-27,1764,Lyon,Beaute,Parfum,1,18.38,10,Especes,Site web,9.0,5.0,Livree
101157,2024-01-20,2077,Lyon,Livres,Livre de cuisine,2,13.46,30,PayPal,Magasin,7.0,4.0,Livree
102073,2025-12-24,1320,Lille,Electronique,Casque audio,2,312.87,0,PayPal,Site web,10.0,4.0,Retournee
103007,2024-11-04,2127,Strasbourg,Beaute,Parfum,2,14.29,0,CB,Site web,5.0,5.0,En cours
101059,2025-11-19,2457,Lyon,Sport,Ballon,2,78.18,20,CB,Application mobile,7.0,3.0,Livree
102971,2025-02-02,2276,Toulouse,Maison,Coussin,3,41.6,0,Virement,Site web,13.0,5.0,Livree
103755,2025-07-12,1108,Lille,Livres,Essai,1,17.19,30,Especes,Site web,14.0,4.0,Livree
103908,2024-09-15,2389,Toulouse,Vetements,Veste,1,19.66,0,Virement,Site web,11.0,5.0,En cours
102325,2024-03-07,2192,Strasbourg,Electronique,Ordinateur portable,5,252.64,20,CB,Site web,13.0,3.0,Livree
104096,2025-08-18,1095,Toulouse,Maison,Set de cuisine,1,43.37,10,PayPal,Application mobile,11.0,4.0,Livree
101277,2025-12-23,2261,Lille,Electronique,Enceinte bluetooth,2,215.04,20,CB,Site web,12.0,4.0,Livree
104812,2025-07-08,1789,Paris,Livres,Essai,1,11.43,15,CB,Application mobile,12.0,4.0,Livree
102376,2025-03-13,2467,Nantes,Vetements,Robe,5,,15,CB,Application mobile,2.0,5.0,Livree
100213,2025-09-07,1555,Strasbourg,Maison,Lampe,2,40.89,10,CB,Site web,4.0,4.0,Livree
101503,2024-04-10,1197,Lyon,Maison,Coussin,4,30.25,5,Especes,Application mobile,12.0,3.0,Livree
103691,2024-04-03,2033,Marseille,Maison,Etagere,5,60.83,15,CB,Site web,4.0,4.0,Livree
104317,2025-07-12,1361,Lyon,Sport,Halteres,1,47.76,10,PayPal,Site web,11.0,5.0,Livree
100967,2025-03-28,1228,Lyon,Vetements,Baskets,1,34.19,0,PayPal,Site web,2.0,3.0,Livree
103213,2025-06-21,2340,Toulouse,Livres,Essai,2,9.99,0,Virement,Site web,12.0,4.0,Retournee
102004,2025-03-01,1768,Paris,Maison,Set de cuisine,3,31.27,5,CB,Site web,2.0,4.0,Livree
100591,2025-03-11,1916,Paris,Maison,Set de cuisine,4,60.17,20,Especes,Site web,7.0,4.0,Livree
101234,2025-02-20,1802,Bordeaux,Beaute,Serum,3,21.15,20,CB,Magasin,14.0,5.0,Livree
102505,2025-05-25,1435,Bordeaux,Beaute,Parfum,1,8.3,15,PayPal,Application mobile,13.0,4.0,Livree
103401,2024-01-20,1223,Toulouse,Maison,Etagere,4,23.77,30,CB,Magasin,12.0,,Retournee
100666,2024-01-26,1434,Lille,Maison,Etagere,5,41.8,5,PayPal,Magasin,4.0,5.0,Livree
101629,2024-10-14,2113,Paris,Sport,Tapis de yoga,1,68.11,10,CB,Magasin,3.0,5.0,Livree
101099,2025-02-24,1952,Marseille,Vetements,Robe,3,28.54,30,CB,Application mobile,5.0,3.0,En cours
103532,2025-04-21,1225,Paris,Maison,Set de cuisine,2,26.4,0,CB,Magasin,9.0,3.0,Livree
102931,2025-09-17,2080,Bordeaux,Beaute,Rouge a levres,2,19.59,30,CB,Magasin,7.0,,Annulee
102538,2025-06-13,1106,Lille,Electronique,Smartphone,5,162.88,30,CB,Site web,7.0,4.0,Livree
100445,2025-11-12,2086,Lyon,Beaute,Shampoing,4,18.77,20,CB,Site web,7.0,4.0,Livree
104985,2024-06-08,2203,Lyon,Livres,Manuel scolaire,4,7.92,20,Virement,Application mobile,9.0,4.0,Livree
102635,2025-12-13,1677,Bordeaux,Vetements,Jean,1,52.18,30,Especes,Site web,14.0,4.0,Livree
102393,2025-09-11,1615,Bordeaux,Livres,Livre de cuisine,2,14.31,0,PayPal,Site web,8.0,5.0,Livree
102904,2024-02-20,1618,Nantes,Electronique,Smartphone,5,289.18,30,Especes,Site web,1.0,3.0,Livree
104215,2025-03-13,1017,Marseille,Electronique,Enceinte bluetooth,1,404.32,5,Especes,Application mobile,9.0,2.0,En cours
103438,2025-03-20,2084,Lyon,Electronique,Ordinateur portable,2,109.11,10,PayPal,Site web,11.0,5.0,Livree
102831,2024-01-09,1182,Nantes,Vetements,Veste,2,52.47,20,CB,Site web,9.0,4.0,Retournee
103335,2025-06-16,1765,Paris,Sport,Ballon,1,31.51,0,Virement,Site web,12.0,3.0,Livree
100879,2024-04-08,2026,Lyon,Maison,Coussin,1,39.99,10,CB,Application mobile,14.0,,Livree
103853,2024-06-12,2208,Bordeaux,Sport,Velo,1,40.98,10,CB,Site web,10.0,4.0,Livree
103290,2024-06-19,1247,Paris,Sport,Velo,4,66.37,5,CB,Site web,11.0,4.0,Livree
103560,2025-07-03,1393,Marseille,Sport,Velo,2,59.5,0,CB,Site web,8.0,4.0,Livree
103095,2024-09-03,1137,Toulouse,Maison,Coussin,1,32.77,0,Virement,Site web,6.0,5.0,Livree
104776,2024-06-24,2075,Marseille,Electronique,Ordinateur portable,3,251.86,5,PayPal,Application mobile,13.0,4.0,Livree
103249,2024-09-23,1521,Marseille,Sport,Velo,1,61.48,10,PayPal,Site web,6.0,5.0,Retournee
101218,2024-10-09,1399,Marseille,Sport,Velo,1,49.95,20,PayPal,Site web,11.0,5.0,Livree
102799,2025-08-31,1620,Lille,Maison,Tapis,2,42.75,20,CB,Magasin,1.0,3.0,Livree
104921,2025-06-09,2469,Marseille,Maison,Coussin,1,46.03,15,PayPal,Site web,6.0,4.0,Livree
103222,2025-05-13,2241,Lyon,Beaute,Creme visage,1,12.08,10,Virement,Magasin,2.0,5.0,Livree
101056,2025-11-06,1238,Bordeaux,Maison,Lampe,2,37.74,0,PayPal,Magasin,13.0,4.0,En cours
100529,2024-12-19,1031,Toulouse,Maison,Etagere,1,44.2,30,CB,Site web,13.0,5.0,Livree
104182,2024-04-17,2417,Bordeaux,Livres,Manuel scolaire,1,18.7,5,PayPal,Site web,9.0,4.0,Livree
101943,2024-12-26,2228,Lille,Electronique,Tablette,5,288.04,10,CB,Site web,1.0,4.0,En cours
100590,2025-04-23,1122,Nantes,Vetements,Baskets,1,43.15,0,Virement,Site web,12.0,1.0,Livree
101746,2024-01-18,2165,Strasbourg,Maison,Etagere,3,35.48,30,CB,Application mobile,13.0,,Annulee
103594,2025-06-09,1766,Marseille,Livres,Essai,1,18.36,0,CB,Site web,9.0,,Annulee
102491,2024-06-03,1777,Marseille,Vetements,T-shirt,1,29.65,0,CB,Site web,1.0,3.0,Livree
104532,2024-01-14,1916,Lyon,Livres,BD,1,19.07,0,PayPal,Site web,8.0,3.0,Livree
101278,2025-11-08,1038,Nantes,Beaute,Rouge a levres,5,16.14,30,PayPal,Application mobile,6.0,,Annulee
104018,2025-04-17,1392,Lille,Beaute,Parfum,1,19.68,0,CB,Site web,8.0,3.0,Livree
100660,2024-01-01,2238,Lyon,Electronique,Casque audio,1,214.29,10,CB,Application mobile,7.0,4.0,Livree
100762,2025-05-29,1101,Lyon,Maison,Coussin,2,41.85,0,CB,Site web,4.0,4.0,En cours
102117,2025-12-12,2170,Marseille,Electronique,Casque audio,2,151.0,0,CB,Site web,3.0,4.0,Livree
100006,2024-09-10,1992,Nantes,Maison,Coussin,3,35.26,0,Virement,Application mobile,3.0,5.0,Livree
100322,2025-08-05,1238,Strasbourg,Vetements,T-shirt,4,39.83,30,Virement,Site web,9.0,5.0,Retournee
103942,2024-11-29,1993,Bordeaux,Vetements,Robe,4,45.42,0,CB,Application mobile,7.0,5.0,Livree
100203,2024-12-15,1059,Lille,Livres,BD,2,16.36,0,CB,Site web,4.0,4.0,Livree
100838,2024-05-18,2139,,Vetements,Baskets,1,38.07,10,CB,Magasin,8.0,5.0,Livree
102205,2025-01-03,1027,,Maison,Etagere,2,35.88,30,PayPal,Site web,1.0,4.0,Livree
102343,2024-04-18,2372,Toulouse,Livres,Roman,3,19.67,10,CB,Application mobile,12.0,4.0,Livree
101414,2024-08-15,1452,Lyon,Maison,Etagere,4,55.45,0,PayPal,Site web,11.0,4.0,Livree
100447,2024-09-22,1441,Toulouse,Electronique,Enceinte bluetooth,3,227.58,30,PayPal,Site web,14.0,,Livree
101091,2024-03-13,2124,Paris,Electronique,Ordinateur portable,1,262.87,0,CB,Application mobile,9.0,4.0,Livree
103611,2025-09-05,1273,Nantes,Vetements,Robe,5,52.81,10,CB,Site web,6.0,4.0,Livree
100893,2025-03-03,2385,Marseille,Maison,Set de cuisine,1,66.16,10,CB,Application mobile,13.0,,Annulee
102410,2025-07-03,2249,Nantes,Sport,Ballon,5,24.43,30,CB,Site web,9.0,3.0,Livree
100199,2025-12-26,2086,Bordeaux,Maison,Etagere,1,40.64,0,Especes,Site web,14.0,5.0,Livree
102023,2025-06-23,2229,Nantes,Maison,Tapis,4,40.66,30,PayPal,Site web,8.0,5.0,Livree
102757,2025-06-29,1668,Lille,Livres,BD,5,11.97,0,Virement,Site web,6.0,2.0,Livree
104341,2024-09-13,1221,Nantes,Vetements,T-shirt,3,26.7,0,PayPal,Application mobile,9.0,4.0,Livree
100331,2025-09-04,2228,Lyon,Maison,Coussin,1,55.94,0,CB,Application mobile,1.0,4.0,Livree
100500,2025-05-02,2470,Marseille,Livres,Livre de cuisine,2,12.5,10,PayPal,Magasin,5.0,5.0,Livree
103051,2024-01-29,1620,Marseille,Beaute,Rouge a levres,2,26.49,15,Virement,Magasin,6.0,4.0,Livree
101174,2024-12-05,2012,Bordeaux,Maison,Etagere,1,,0,CB,Site web,12.0,5.0,Livree
102816,2025-04-01,2242,Toulouse,Beaute,Serum,1,18.52,20,CB,Site web,12.0,5.0,Retournee
102100,2025-11-23,1255,Nantes,Electronique,Tablette,1,271.09,5,CB,Site web,14.0,4.0,Livree
101735,2025-06-03,1919,Paris,Electronique,Casque audio,1,198.07,30,Virement,Site web,8.0,5.0,Retournee
104938,2025-10-04,1698,Marseille,Sport,Velo,5,27.19,30,Virement,Site web,4.0,5.0,Livree
101831,2025-07-27,1700,Nantes,Beaute,Parfum,1,20.0,0,PayPal,Site web,5.0,3.0,Livree
103041,2024-05-30,1098,Lille,Beaute,Creme visage,5,23.43,0,CB,Application mobile,10.0,5.0,Livree
103668,2025-02-19,1207,Marseille,Maison,Tapis,2,37.07,0,Especes,Site web,7.0,4.0,Livree
101137,2024-11-09,1663,Paris,Vetements,Baskets,3,34.28,20,Virement,Magasin,3.0,4.0,Livree
100898,2025-06-08,1423,Lille,Vetements,Baskets,4,21.41,5,CB,Site web,2.0,5.0,Livree
103440,2024-12-29,2402,Toulouse,Electronique,Tablette,2,171.08,15,CB,Site web,2.0,4.0,Livree
100698,2024-09-02,2317,Lyon,Vetements,Veste,3,50.03,10,PayPal,Site web,12.0,5.0,Livree
103094,2024-02-12,1803,Lyon,Vetements,T-shirt,1,39.72,10,Especes,Application mobile,9.0,3.0,Livree
101999,2024-01-04,1286,Paris,Sport,Montre connectee,1,57.56,0,PayPal,Site web,1.0,3.0,Livree
103890,2025-10-09,2156,Lyon,Beaute,Rouge a levres,5,26.08,0,CB,Application mobile,14.0,4.0,Annulee
104058,2024-01-09,1744,Strasbourg,Vetements,Veste,1,30.65,15,CB,Magasin,10.0,1.0,Livree
100205,2025-02-17,2264,Nantes,Vetements,T-shirt,4,30.64,0,CB,Site web,11.0,1.0,Livree
102738,2025-06-07,1960,Strasbourg,Maison,Lampe,3,49.15,30,Virement,Site web,10.0,5.0,Livree
101417,2025-07-12,1614,Nantes,Sport,Montre connectee,1,63.72,0,CB,Application mobile,10.0,,Annulee
100671,2024-06-02,2093,Strasbourg,Electronique,Casque audio,5,204.98,30,CB,Application mobile,10.0,5.0,Livree
100981,2025-08-06,1607,Marseille,Vetements,Jean,2,37.59,0,PayPal,Magasin,2.0,4.0,Livree
103605,2025-08-13,1520,Paris,Vetements,T-shirt,5,22.58,15,PayPal,Site web,7.0,4.0,En cours
102425,2024-11-04,1430,Lille,Vetements,Baskets,4,33.08,0,CB,Site web,11.0,5.0,Livree
104406,2025-01-29,1105,Bordeaux,Beaute,Rouge a levres,2,27.46,20,Virement,Site web,8.0,4.0,Livree
102824,2024-06-12,2056,Paris,Maison,Lampe,3,39.28,0,PayPal,Application mobile,10.0,5.0,Livree
102934,2024-03-08,1785,Paris,Electronique,Smartphone,3,136.57,0,Especes,Application mobile,7.0,,Annulee
104244,2024-11-20,2367,Lyon,Beaute,Parfum,1,18.98,0,CB,Magasin,5.0,4.0,En cours
101065,2025-06-19,1859,Lille,Maison,Set de cuisine,5,58.66,0,PayPal,Site web,3.0,5.0,Livree
103999,2024-04-10,1544,Bordeaux,Vetements,Veste,2,36.4,15,CB,Application mobile,13.0,,Livree
101947,2025-08-20,1505,Strasbourg,Vetements,Veste,1,14.03,0,PayPal,Site web,4.0,4.0,Livree
102193,2025-12-06,2405,Lyon,Vetements,Robe,1,47.53,20,PayPal,Site web,13.0,4.0,Livree
104750,2025-09-25,2322,Toulouse,Vetements,Robe,2,19.27,0,CB,Site web,4.0,5.0,Livree
101208,2025-10-17,1547,Lyon,Vetements,Jean,5,48.41,20,PayPal,Application mobile,2.0,,Livree
101506,2025-07-31,2480,Bordeaux,Electronique,Casque audio,1,242.6,10,PayPal,Application mobile,11.0,4.0,Livree
103515,2025-01-26,1610,Lille,Sport,Tapis de yoga,5,64.12,10,CB,Site web,1.0,4.0,Livree
103277,2024-12-29,2277,Lille,Beaute,Shampoing,2,26.45,0,CB,Application mobile,9.0,5.0,Livree
104016,2025-03-15,1211,Lille,Sport,Ballon,3,57.87,20,Virement,Magasin,3.0,4.0,Livree
103468,2025-05-26,2451,Paris,Vetements,T-shirt,1,41.41,5,CB,Site web,8.0,4.0,Livree
104660,2024-04-01,2046,Toulouse,Maison,Etagere,3,55.91,15,PayPal,Site web,4.0,3.0,Livree
103522,2024-01-06,1381,Nantes,Sport,Ballon,1,45.47,10,Especes,Site web,8.0,3.0,Livree
102645,2025-11-29,1430,Bordeaux,Electronique,Smartphone,2,167.11,0,CB,Application mobile,1.0,4.0,Livree
101979,2025-02-05,1524,Lille,Maison,Coussin,1,46.68,5,CB,Site web,14.0,5.0,En cours
100240,2025-05-23,1969,Paris,Beaute,Creme visage,1,18.42,0,Virement,Application mobile,3.0,,Annulee
100471,2025-12-14,1655,Toulouse,Electronique,Smartphone,2,329.02,10,PayPal,Magasin,11.0,3.0,Livree
100549,2024-01-22,2109,Strasbourg,Electronique,Tablette,4,206.41,20,PayPal,Site web,7.0,4.0,Livree
100229,2025-04-27,2217,Nantes,Beaute,Creme visage,1,3.0,0,CB,Site web,4.0,5.0,Livree
102745,2024-05-18,1578,Strasbourg,Maison,Lampe,2,30.68,5,CB,Site web,12.0,,Livree
102051,2024-03-03,1661,Paris,Electronique,Smartphone,2,271.85,10,CB,Application mobile,14.0,,Livree
104242,2024-04-24,1735,Lyon,Electronique,Casque audio,3,434.47,5,CB,Application mobile,8.0,5.0,Livree
103273,2024-10-09,1454,Strasbourg,Sport,Tapis de yoga,4,71.85,15,CB,Application mobile,3.0,4.0,Livree
104989,2024-03-22,1225,Strasbourg,Electronique,Casque audio,5,328.52,5,CB,Site web,9.0,4.0,Retournee
100538,2025-08-28,1279,Bordeaux,Vetements,T-shirt,1,34.26,30,PayPal,Magasin,11.0,3.0,Livree
104707,2024-09-14,1807,Strasbourg,Maison,Lampe,1,43.9,5,PayPal,Application mobile,5.0,4.0,Livree
103378,2024-02-22,1333,Paris,Vetements,Baskets,1,49.6,5,CB,Application mobile,5.0,4.0,Retournee
101638,2024-01-29,1442,Lyon,Sport,Montre connectee,3,48.54,30,CB,Site web,4.0,5.0,Livree
102617,2024-10-23,2038,Toulouse,Sport,Ballon,2,27.62,0,CB,Site web,10.0,,Livree
101968,2024-05-21,2095,Lille,Beaute,Serum,4,20.62,0,CB,Magasin,5.0,4.0,Annulee
101425,2025-12-27,1523,Marseille,Maison,Set de cuisine,1,60.89,0,CB,Magasin,5.0,5.0,Livree
100192,2025-07-02,2450,Nantes,Electronique,Tablette,1,370.79,30,PayPal,Application mobile,8.0,5.0,Livree
100873,2025-08-03,1370,Nantes,Maison,Etagere,4,40.85,0,CB,Site web,7.0,5.0,Livree
101463,2025-12-29,1841,Toulouse,Electronique,Tablette,1,241.42,5,Virement,Application mobile,9.0,5.0,Livree
100418,2025-12-24,1753,Nantes,Sport,Velo,2,74.35,5,CB,Site web,10.0,4.0,Livree
101890,2025-12-22,2004,Bordeaux,Sport,Tapis de yoga,5,79.32,0,Virement,Site web,13.0,4.0,Livree
103980,2024-11-09,1813,Paris,Electronique,Enceinte bluetooth,1,244.51,15,Virement,Site web,10.0,4.0,Livree
100456,2025-09-09,1658,Strasbourg,Vetements,Robe,2,24.56,20,CB,Site web,12.0,4.0,En cours
102733,2024-03-08,1439,Paris,Sport,Montre connectee,4,58.12,10,Virement,Site web,10.0,4.0,Livree
103789,2025-09-06,1947,Strasbourg,Electronique,Tablette,3,261.74,5,PayPal,Site web,7.0,4.0,Livree
104510,2024-05-18,1453,Lyon,Maison,Tapis,4,55.93,0,CB,Site web,13.0,5.0,Livree
103878,2024-09-16,1749,Nantes,Electronique,Ordinateur portable,5,272.86,10,CB,Magasin,8.0,5.0,Livree
100022,2024-10-21,1175,Bordeaux,Electronique,Tablette,1,143.65,20,CB,Site web,11.0,4.0,Annulee
104186,2025-05-11,1153,Bordeaux,Livres,Essai,4,15.37,10,CB,Site web,14.0,3.0,Livree
104448,2024-04-13,1155,Toulouse,Electronique,Smartphone,1,120.28,5,CB,Magasin,5.0,5.0,Livree
101679,2025-10-12,1580,Lyon,Maison,Etagere,5,61.25,15,CB,Site web,8.0,3.0,Livree
104248,2024-12-14,1070,Bordeaux,Maison,Set de cuisine,5,35.57,0,CB,Site web,9.0,4.0,Annulee
101901,2025-10-19,1469,Strasbourg,Beaute,Rouge a levres,1,20.2,5,CB,Application mobile,13.0,5.0,Livree
103885,2025-07-23,1514,Paris,Electronique,Enceinte bluetooth,2,268.39,30,CB,Application mobile,11.0,5.0,En cours
100725,2025-08-13,1605,Toulouse,Electronique,Tablette,3,292.71,30,CB,Application mobile,14.0,4.0,Livree
100577,2025-03-28,2099,Toulouse,Sport,Velo,1,37.63,20,CB,Site web,3.0,3.0,Livree
101373,2025-09-28,2444,Bordeaux,Electronique,Casque audio,1,223.79,0,PayPal,Site web,8.0,2.0,Livree
104041,2024-03-01,2090,Nantes,Livres,BD,1,16.85,0,CB,Site web,3.0,4.0,Livree
101843,2024-12-23,2107,Marseille,Livres,Roman,3,18.34,30,CB,Application mobile,9.0,5.0,Livree
104164,2025-04-11,1163,Strasbourg,Vetements,Robe,3,17.1,30,CB,Site web,12.0,5.0,Livree
103113,2025-05-07,2406,Bordeaux,Beaute,Shampoing,5,12.15,0,CB,Site web,7.0,4.0,Livree
101547,2024-08-01,1822,Paris,Sport,Ballon,1,41.02,5,CB,Magasin,1.0,5.0,Retournee
100379,2025-08-07,1568,Nantes,Sport,Velo,2,56.06,0,CB,Application mobile,11.0,4.0,Livree
104274,2024-04-18,1598,Nantes,Maison,Lampe,1,37.64,0,CB,Site web,8.0,5.0,Livree
104023,2025-03-24,1986,Strasbourg,Maison,Set de cuisine,4,41.43,15,CB,Site web,14.0,3.0,Livree
102925,2024-05-02,1446,Lyon,Electronique,Enceinte bluetooth,1,217.33,0,Virement,Site web,13.0,1.0,Retournee
101188,2025-08-22,1012,Nantes,Electronique,Enceinte bluetooth,3,290.05,30,CB,Magasin,4.0,5.0,Livree
101260,2025-10-29,1108,Lyon,Maison,Coussin,1,38.75,15,CB,Site web,11.0,,Annulee
101992,2024-01-26,2140,Paris,Electronique,Enceinte bluetooth,1,152.61,10,CB,Application mobile,14.0,4.0,Annulee
101627,2025-02-17,1178,Strasbourg,Electronique,Tablette,1,210.5,0,CB,Application mobile,5.0,5.0,Annulee
101938,2025-12-01,1304,Bordeaux,Electronique,Ordinateur portable,2,363.1,20,CB,Application mobile,13.0,5.0,Livree
103695,2025-10-18,1442,Paris,Vetements,Baskets,4,32.69,0,PayPal,Application mobile,6.0,3.0,Livree
102392,2025-10-13,2446,Lyon,Vetements,Robe,2,26.99,0,Virement,Magasin,13.0,3.0,Livree
104350,2025-05-22,1731,Marseille,Electronique,Tablette,5,286.58,30,CB,Site web,11.0,3.0,Livree
102021,2024-02-09,1259,Paris,Livres,Manuel scolaire,2,20.56,30,Virement,Application mobile,5.0,,Annulee
104061,2025-08-24,2255,Lille,Electronique,Ordinateur portable,1,147.65,30,CB,Application mobile,2.0,,Annulee
100971,2024-09-19,1879,Marseille,Beaute,Creme visage,2,23.29,0,Virement,Application mobile,10.0,3.0,Livree
104278,2024-06-21,2286,Bordeaux,Maison,Coussin,5,48.25,10,CB,Site web,9.0,4.0,Livree
101460,2025-07-27,2296,Paris,Vetements,Veste,3,36.79,20,PayPal,Magasin,3.0,3.0,Livree
100924,2024-09-06,1959,Lille,Vetements,Jean,4,43.23,10,PayPal,Site web,2.0,5.0,En cours
101456,2024-09-09,1145,Nantes,Sport,Velo,3,63.88,0,PayPal,Magasin,4.0,,Livree
103432,2024-05-19,1899,Toulouse,Vetements,Veste,2,28.89,20,PayPal,Site web,14.0,5.0,Livree
101203,2024-01-27,2234,Strasbourg,Livres,Essai,1,15.36,30,CB,Application mobile,2.0,1.0,Annulee
102314,2025-02-24,1291,Toulouse,Vetements,Veste,4,17.48,10,PayPal,Application mobile,11.0,4.0,Retournee
100738,2025-05-14,1098,Marseille,Sport,Tapis de yoga,3,87.95,15,PayPal,Site web,5.0,5.0,Livree
100349,2025-08-14,1021,Strasbourg,Vetements,Baskets,5,57.1,30,CB,Application mobile,14.0,4.0,Livree
103940,2024-07-25,1097,Bordeaux,Vetements,Jean,1,31.59,10,CB,Application mobile,13.0,4.0,Livree
103209,2024-06-12,1251,Nantes,Sport,Halteres,1,72.74,0,Virement,Application mobile,6.0,5.0,Annulee
101173,2024-10-29,1650,Lille,Electronique,Ordinateur portable,1,332.95,0,Especes,Site web,13.0,5.0,Livree
101028,2025-02-26,1648,Bordeaux,Maison,Etagere,1,45.28,0,PayPal,Site web,2.0,4.0,Livree
103511,2024-11-01,2303,Paris,Electronique,Tablette,1,285.73,0,Especes,Site web,8.0,4.0,Livree
102811,2025-11-04,2129,Strasbourg,Vetements,T-shirt,5,12.2,5,PayPal,Site web,10.0,,Annulee
104752,2025-11-03,1833,Lille,Beaute,Parfum,3,17.28,20,Especes,Magasin,10.0,5.0,Livree
102119,2024-02-07,1278,Toulouse,Livres,Manuel scolaire,1,13.7,30,CB,Site web,4.0,4.0,En cours
100939,2025-04-07,2466,Paris,Electronique,Enceinte bluetooth,5,320.98,10,CB,Magasin,9.0,4.0,Livree
100915,2025-07-27,1654,Nantes,Vetements,Veste,1,37.95,30,CB,Site web,9.0,4.0,Livree
103488,2025-10-26,2400,Strasbourg,Sport,Montre connectee,2,69.87,20,PayPal,Magasin,8.0,5.0,Livree
100779,2024-10-22,1716,Paris,Maison,Lampe,5,51.25,20,CB,Site web,11.0,3.0,Livree
100528,2025-04-30,1327,Nantes,Livres,Roman,2,15.67,0,PayPal,Site web,10.0,3.0,Annulee
103616,2024-07-24,1840,Nantes,Maison,Lampe,3,59.48,5,PayPal,Site web,14.0,4.0,Livree
102503,2025-08-27,2464,Lyon,Maison,Lampe,3,51.05,15,CB,Application mobile,1.0,,Livree
104332,2024-02-04,2427,Lyon,Electronique,Tablette,1,291.18,30,Virement,Magasin,12.0,5.0,Livree
101691,2024-11-24,2386,Nantes,Maison,Tapis,4,40.62,15,CB,Site web,8.0,4.0,Livree
100820,2025-03-05,1652,Bordeaux,Maison,Tapis,1,27.11,10,Especes,Site web,8.0,,Annulee
103573,2024-09-24,2491,Strasbourg,Livres,Roman,2,20.01,20,CB,Application mobile,2.0,4.0,Livree
104356,2025-08-16,1149,Marseille,Electronique,Smartphone,2,334.68,30,PayPal,Application mobile,4.0,4.0,Livree
100982,2024-09-11,2283,Paris,Beaute,Parfum,2,26.45,5,CB,Application mobile,13.0,5.0,En cours
100979,2025-05-19,1926,Paris,Sport,Ballon,2,40.48,15,PayPal,Site web,12.0,3.0,Livree
102670,2024-09-12,2241,Strasbourg,Beaute,Creme visage,1,28.0,20,PayPal,Application mobile,4.0,4.0,Livree
100031,2025-03-28,1914,Lille,Maison,Set de cuisine,1,34.64,15,CB,Application mobile,13.0,5.0,Livree
104106,2025-04-30,2343,Lyon,Maison,Etagere,1,56.2,10,CB,Magasin,1.0,5.0,Livree
102708,2024-06-20,1336,Strasbourg,Maison,Etagere,3,34.3,0,PayPal,Application mobile,14.0,5.0,Retournee
100557,2025-02-20,1040,Marseille,Vetements,Jean,4,47.15,5,CB,Magasin,13.0,1.0,Livree
100567,2024-11-18,1726,Nantes,Electronique,Enceinte bluetooth,1,239.2,0,CB,Application mobile,6.0,5.0,Livree
101315,2024-03-27,1281,Marseille,Sport,Ballon,1,58.51,5,Especes,Magasin,4.0,4.0,Livree
100894,2024-10-25,1114,Marseille,Electronique,Smartphone,1,308.89,30,CB,Site web,5.0,5.0,Livree
101742,2024-11-19,1189,Strasbourg,Sport,Ballon,1,54.86,10,CB,Site web,12.0,5.0,Livree
104216,2025-03-18,1060,Strasbourg,Beaute,Rouge a levres,3,21.33,15,CB,Site web,8.0,5.0,Livree
102107,2025-09-08,1680,Toulouse,Electronique,Ordinateur portable,1,263.37,5,CB,Application mobile,10.0,5.0,Livree
104782,2024-10-01,1275,Nantes,Maison,Set de cuisine,2,63.35,20,Virement,Application mobile,11.0,5.0,Livree
104257,2024-01-09,2391,Toulouse,Vetements,Jean,3,41.43,15,CB,Application mobile,6.0,4.0,Livree
102209,2024-11-27,1707,Lille,Vetements,Veste,2,35.61,30,CB,Site web,12.0,4.0,Livree
104067,2025-01-26,2115,Bordeaux,Electronique,Tablette,1,308.19,0,CB,Application mobile,2.0,5.0,Livree
100641,2025-06-13,1969,Marseille,Electronique,Ordinateur portable,1,320.73,20,PayPal,Magasin,6.0,4.0,Livree
101069,2025-07-21,1034,Bordeaux,Sport,Tapis de yoga,2,55.72,15,CB,Magasin,12.0,4.0,Livree
100018,2024-05-13,2378,Bordeaux,Livres,Essai,4,10.79,5,CB,Application mobile,3.0,5.0,Livree
101577,2024-11-07,1076,Lyon,Maison,Tapis,2,37.92,30,CB,Application mobile,7.0,5.0,Livree
103645,2024-09-26,2087,Nantes,Vetements,Baskets,4,31.84,5,PayPal,Magasin,2.0,5.0,Livree
102753,2025-09-10,1610,Toulouse,Livres,BD,4,18.44,30,CB,Application mobile,12.0,5.0,Livree
104905,2025-07-31,1972,Bordeaux,Electronique,Ordinateur portable,2,238.16,0,CB,Magasin,12.0,5.0,Livree
100151,2025-11-29,1712,Paris,Maison,Etagere,1,30.83,10,PayPal,Site web,8.0,4.0,Livree
104188,2025-01-20,2439,Toulouse,Electronique,Smartphone,5,196.17,5,Virement,Magasin,7.0,5.0,Retournee
101162,2024-12-29,1402,Paris,Vetements,Robe,2,46.05,15,CB,Site web,9.0,4.0,Livree
102375,2025-03-30,2085,Lille,Vetements,T-shirt,2,13.45,20,PayPal,Application mobile,8.0,3.0,Livree
100676,2024-05-10,2474,Nantes,Maison,Set de cuisine,1,65.28,30,Especes,Application mobile,13.0,3.0,Livree
100236,2024-10-13,1428,Lyon,Vetements,Baskets,4,38.73,10,CB,Magasin,10.0,4.0,Livree
104212,2024-12-10,1631,Toulouse,Sport,Tapis de yoga,3,71.26,0,CB,Site web,10.0,4.0,Livree
102252,2024-02-19,2123,Lille,Electronique,Casque audio,3,279.11,20,CB,Site web,12.0,4.0,Livree
100626,2025-08-08,2277,Paris,Beaute,Serum,1,30.3,5,CB,Site web,12.0,3.0,Livree
101036,2024-05-12,2489,Bordeaux,Sport,Velo,4,59.82,5,Virement,Site web,11.0,3.0,Livree
101914,2025-04-24,2028,Toulouse,Vetements,T-shirt,1,35.86,15,Especes,Application mobile,13.0,3.0,Livree
101117,2025-10-22,2321,Paris,Sport,Halteres,1,73.46,20,PayPal,Magasin,9.0,5.0,Livree
103913,2025-02-28,2125,Marseille,Beaute,Serum,2,20.38,0,CB,Site web,10.0,,Livree
102195,2024-07-03,1124,Strasbourg,Electronique,Casque audio,1,,0,CB,Application mobile,7.0,3.0,Livree
104593,2024-06-23,1403,Lille,Livres,Livre de cuisine,1,17.28,0,CB,Application mobile,5.0,4.0,En cours
101752,2025-05-01,1337,Lille,Electronique,Smartphone,5,185.89,5,CB,Site web,6.0,4.0,Livree
101364,2025-08-18,1729,Marseille,Electronique,Ordinateur portable,2,425.87,10,CB,Site web,9.0,4.0,Retournee
102246,2025-05-22,2024,Lille,Maison,Set de cuisine,5,63.2,0,Especes,Magasin,2.0,5.0,Livree
104358,2025-11-20,1431,Bordeaux,Maison,Coussin,3,42.27,20,CB,Site web,10.0,1.0,Livree
104007,2024-08-10,1025,Toulouse,Vetements,Robe,2,39.61,5,CB,Magasin,9.0,2.0,Livree
100021,2024-12-01,1989,Bordeaux,Livres,BD,4,12.16,0,CB,Site web,14.0,2.0,En cours
101847,2025-11-03,1334,Toulouse,Beaute,Shampoing,5,14.0,20,CB,Application mobile,8.0,2.0,Livree
100670,2025-01-08,2403,Strasbourg,Beaute,Shampoing,5,27.43,30,CB,Site web,1.0,4.0,Livree
102298,2025-10-31,1400,Nantes,Sport,Velo,2,88.99,20,CB,Magasin,2.0,5.0,Livree
101622,2024-03-09,2437,Strasbourg,Vetements,Baskets,2,24.99,5,CB,Application mobile,3.0,4.0,Livree
100796,2025-11-17,1917,Paris,Sport,Tapis de yoga,2,80.73,20,CB,Application mobile,5.0,3.0,Livree
101830,2024-06-09,2308,Nantes,Beaute,Creme visage,1,14.59,5,CB,Magasin,7.0,5.0,Livree
103925,2025-08-20,1822,Bordeaux,Maison,Etagere,1,60.56,10,Virement,Site web,4.0,3.0,Livree
103349,2025-06-20,2051,Bordeaux,Maison,Tapis,1,45.04,10,CB,Application mobile,7.0,5.0,Livree
101668,2024-01-16,2103,Paris,Sport,Velo,3,56.47,0,CB,Site web,4.0,1.0,Livree
103849,2025-12-13,2118,Marseille,Sport,Halteres,4,76.22,30,CB,Site web,7.0,5.0,Livree
101070,2024-07-04,1653,Marseille,Electronique,Casque audio,2,179.91,0,CB,Site web,5.0,4.0,Livree
104543,2024-10-17,1285,,Vetements,Jean,2,23.39,0,Especes,Application mobile,4.0,4.0,Livree
102296,2024-10-01,2212,Paris,Livres,Livre de cuisine,4,18.93,0,PayPal,Site web,13.0,5.0,Livree
104865,2024-06-06,1403,Lille,Beaute,Serum,1,15.61,0,Virement,Magasin,2.0,4.0,Annulee
104294,2025-03-23,2436,Lyon,Electronique,Ordinateur portable,5,313.83,10,Virement,Site web,4.0,5.0,Livree
104710,2025-07-22,1516,Bordeaux,Electronique,Ordinateur portable,2,288.25,5,CB,Magasin,6.0,4.0,Livree
104948,2024-01-04,2144,Strasbourg,Electronique,Tablette,1,258.6,20,CB,Site web,9.0,4.0,En cours
100038,2024-11-11,1940,Strasbourg,Maison,Lampe,2,45.45,0,Virement,Site web,5.0,4.0,Livree
104210,2025-11-12,2316,Nantes,Sport,Ballon,5,34.71,30,PayPal,Magasin,7.0,4.0,Livree
102457,2025-05-21,1077,Bordeaux,Vetements,Veste,1,45.64,0,CB,Application mobile,7.0,4.0,Livree
100869,2024-03-26,1472,Toulouse,Maison,Tapis,5,47.17,10,PayPal,Magasin,13.0,3.0,Livree
101344,2024-07-16,2378,Bordeaux,Livres,BD,5,15.69,10,CB,Application mobile,14.0,1.0,Livree
104507,2024-11-19,1651,Strasbourg,Maison,Coussin,1,44.02,15,Virement,Magasin,1.0,4.0,Livree
101834,2025-05-06,1574,Bordeaux,Maison,Coussin,2,46.08,0,PayPal,Site web,10.0,5.0,Livree
103276,2025-09-07,2181,Lyon,Sport,Montre connectee,1,76.99,0,PayPal,Site web,10.0,5.0,Retournee
101946,2025-08-08,1580,Marseille,Livres,Essai,3,20.58,0,PayPal,Application mobile,1.0,1.0,Livree
104877,2024-03-28,1241,Lyon,Electronique,Enceinte bluetooth,5,208.08,30,PayPal,Magasin,11.0,3.0,Livree
102559,2025-02-12,2118,Nantes,Vetements,Baskets,1,26.16,5,CB,Application mobile,2.0,4.0,Livree
102445,2024-07-26,1586,,Maison,Set de cuisine,2,30.6,0,CB,Site web,8.0,5.0,Livree
102009,2025-03-23,1734,Lyon,Beaute,Serum,1,20.37,0,Especes,Site web,8.0,,Livree
104328,2024-08-22,1730,Paris,Livres,BD,1,8.56,20,Virement,Magasin,5.0,5.0,Livree
103719,2024-04-18,1876,Lyon,Electronique,Smartphone,1,311.15,0,CB,Site web,9.0,5.0,Livree
100649,2025-02-13,1603,Lille,Vetements,Jean,2,,0,PayPal,Site web,12.0,5.0,Livree
102396,2025-01-01,1152,Lille,Vetements,Veste,5,58.61,15,CB,Site web,13.0,,Livree
100531,2025-08-03,1854,,Electronique,Smartphone,3,282.2,10,CB,Application mobile,9.0,5.0,En cours
100198,2024-03-24,1583,Toulouse,Sport,Velo,3,64.86,30,Virement,Magasin,10.0,4.0,Livree
103598,2024-07-12,1437,Strasbourg,Maison,Set de cuisine,1,50.23,0,CB,Magasin,13.0,2.0,Livree
100747,2024-05-10,1316,Nantes,Electronique,Casque audio,1,287.38,20,CB,Site web,3.0,3.0,Livree
104289,2024-03-22,1566,Paris,Livres,Manuel scolaire,1,13.67,0,PayPal,Application mobile,11.0,,Annulee
104650,2024-12-25,1434,Marseille,Vetements,Veste,1,44.44,0,PayPal,Site web,1.0,2.0,Livree
104730,2025-11-29,2062,,Electronique,Smartphone,2,342.84,5,Virement,Site web,2.0,4.0,Livree
104646,2025-02-12,2220,Strasbourg,Maison,Coussin,2,12.38,30,CB,Magasin,3.0,,Annulee
104454,2024-02-24,1725,Toulouse,Electronique,Ordinateur portable,2,176.39,20,CB,Site web,7.0,1.0,En cours
100544,2024-09-04,1181,Lyon,Electronique,Tablette,1,274.65,30,CB,Application mobile,7.0,5.0,Retournee
101623,2024-08-12,1453,Toulouse,Maison,Etagere,1,52.25,5,PayPal,Site web,12.0,5.0,Retournee
104028,2024-02-18,1825,Marseille,Electronique,Casque audio,1,134.11,5,CB,Site web,1.0,1.0,Livree
102238,2025-09-01,1877,Lille,Electronique,Ordinateur portable,3,356.99,0,Virement,Site web,8.0,2.0,Livree
101962,2025-02-16,2045,Nantes,Beaute,Shampoing,2,20.8,0,CB,Site web,2.0,,Annulee
100934,2025-02-27,1820,Lyon,Electronique,Enceinte bluetooth,2,302.39,0,CB,Application mobile,14.0,5.0,Annulee
101291,2025-08-31,2377,Toulouse,Livres,Livre de cuisine,1,16.89,30,CB,Site web,7.0,5.0,Livree
100380,2024-08-26,2226,Strasbourg,Sport,Montre connectee,4,60.39,10,PayPal,Application mobile,9.0,4.0,Livree
103574,2024-04-07,1317,Lille,Livres,Manuel scolaire,1,19.19,0,CB,Application mobile,9.0,4.0,Retournee
104201,2024-03-04,1932,Toulouse,Vetements,Veste,1,32.79,5,Virement,Site web,8.0,5.0,Livree
104049,2024-09-25,2187,Lyon,Maison,Etagere,5,42.17,0,CB,Site web,3.0,4.0,Livree
103301,2025-03-28,1222,Paris,Sport,Tapis de yoga,2,74.94,0,CB,Application mobile,12.0,5.0,Livree
104878,2025-01-11,1081,Marseille,Vetements,Robe,1,30.13,10,PayPal,Application mobile,13.0,5.0,Livree
104046,2025-01-07,1685,Toulouse,Electronique,Smartphone,4,253.18,20,CB,Site web,11.0,,Annulee
102290,2024-11-04,1977,Toulouse,Sport,Montre connectee,3,69.9,15,PayPal,Application mobile,8.0,4.0,En cours
100569,2025-03-10,2324,Marseille,Electronique,Tablette,2,,15,Especes,Site web,9.0,3.0,Livree
102570,2025-03-31,2440,Bordeaux,Electronique,Ordinateur portable,1,161.97,15,CB,Site web,8.0,4.0,Livree
100715,2024-04-17,1967,Lyon,Vetements,Veste,2,20.03,30,Virement,Site web,6.0,5.0,Retournee
102422,2025-07-17,1198,Paris,Electronique,Smartphone,1,281.3,10,PayPal,Site web,12.0,4.0,Livree
100308,2025-12-26,2138,Strasbourg,Beaute,Rouge a levres,1,23.04,30,PayPal,Magasin,7.0,5.0,Livree
102259,2024-01-16,1762,Bordeaux,Vetements,Robe,4,39.54,15,CB,Site web,14.0,2.0,Retournee
103090,2025-04-28,1112,Toulouse,Vetements,Robe,4,32.06,5,PayPal,Site web,10.0,4.0,Livree
101614,2025-02-25,1988,Toulouse,Sport,Montre connectee,1,60.39,15,CB,Site web,1.0,5.0,Retournee
100454,2024-06-08,1290,Strasbourg,Beaute,Parfum,3,25.94,15,CB,Site web,10.0,1.0,Annulee
100519,2025-05-21,2475,Toulouse,Electronique,Casque audio,2,266.41,5,CB,Site web,4.0,4.0,Retournee
101046,2025-03-02,1568,Toulouse,Vetements,Baskets,1,32.15,0,PayPal,Application mobile,14.0,4.0,Livree
101865,2025-09-12,1873,Paris,Vetements,Veste,1,35.67,15,CB,Application mobile,7.0,4.0,Retournee
100997,2024-11-26,1281,Toulouse,Maison,Tapis,4,43.03,0,CB,Application mobile,5.0,,Annulee
102230,2024-09-27,1466,Toulouse,Vetements,T-shirt,2,40.2,0,CB,Magasin,13.0,2.0,Retournee
103660,2024-02-10,1273,Lyon,Livres,Livre de cuisine,4,16.45,0,CB,Application mobile,12.0,5.0,Livree
102474,2024-02-20,1387,Marseille,Livres,Essai,1,13.48,0,CB,Magasin,6.0,4.0,Livree
102208,2025-01-06,2324,Marseille,Maison,Set de cuisine,4,42.17,20,PayPal,Application mobile,14.0,5.0,Livree
103910,2024-09-13,1394,Marseille,Electronique,Tablette,3,242.75,0,CB,Application mobile,2.0,4.0,Livree
103490,2025-05-17,1630,Bordeaux,Electronique,Casque audio,1,203.75,0,PayPal,Magasin,11.0,5.0,Livree
100601,2024-01-16,1992,Toulouse,Electronique,Enceinte bluetooth,1,203.71,0,Especes,Application mobile,8.0,,Livree
103863,2025-03-19,1981,Bordeaux,Maison,Tapis,1,33.83,30,CB,Site web,10.0,5.0,Livree
104580,2025-01-27,2241,Paris,Maison,Etagere,1,43.43,0,CB,Application mobile,12.0,4.0,Livree
100617,2025-02-17,1436,Strasbourg,Beaute,Parfum,2,34.46,10,CB,Site web,2.0,5.0,Annulee
101129,2024-08-31,1892,Bordeaux,Beaute,Shampoing,2,22.71,0,CB,Site web,2.0,4.0,Livree
100800,2025-11-12,2322,Nantes,Electronique,Smartphone,3,279.79,0,PayPal,Application mobile,13.0,5.0,En cours
101134,2025-06-01,2479,Bordeaux,Sport,Tapis de yoga,1,20.11,0,CB,Site web,7.0,5.0,Livree
100933,2024-05-11,1761,Bordeaux,Sport,Ballon,1,61.21,20,CB,Application mobile,12.0,2.0,Livree
100312,2024-02-22,1476,Lyon,Beaute,Rouge a levres,1,20.07,15,CB,Application mobile,5.0,5.0,Livree
100157,2024-07-03,1511,Lyon,Livres,Essai,1,20.03,5,CB,Site web,1.0,4.0,Livree
100195,2025-10-11,1832,Bordeaux,Maison,Coussin,1,44.3,15,PayPal,Magasin,7.0,,Livree
102091,2025-10-01,1039,Marseille,Vetements,Baskets,2,38.06,15,CB,Application mobile,5.0,3.0,Livree
104195,2024-10-19,1561,Lille,Vetements,Baskets,1,51.77,0,PayPal,Magasin,1.0,5.0,Annulee
100932,2024-10-30,1698,Toulouse,Electronique,Tablette,1,231.9,0,PayPal,Site web,10.0,5.0,Livree
104499,2024-09-26,1693,Lille,Livres,Livre de cuisine,4,9.1,5,CB,Site web,14.0,,Livree
104577,2024-07-22,1312,Lyon,Sport,Halteres,1,54.29,10,CB,Site web,13.0,3.0,Retournee
100272,2024-01-11,1456,Paris,Electronique,Casque audio,4,101.18,5,CB,Magasin,9.0,4.0,Livree
102746,2024-04-19,2065,Lille,Maison,Lampe,2,43.13,20,CB,Site web,3.0,2.0,Livree
100832,2024-04-05,1390,Lille,Electronique,Tablette,1,251.92,30,CB,Site web,10.0,,Livree
104436,2025-11-28,1435,Lille,Electronique,Tablette,1,274.73,30,CB,Site web,3.0,,Annulee
104324,2024-09-19,1250,Nantes,Maison,Coussin,2,39.25,15,PayPal,Application mobile,13.0,5.0,Livree
102772,2024-02-16,1910,Strasbourg,Electronique,Tablette,1,320.92,0,CB,Application mobile,5.0,5.0,Livree
102814,2024-01-30,2396,Lyon,Livres,Essai,4,10.39,15,Especes,Site web,6.0,4.0,Livree
104166,2025-05-18,1850,Marseille,Sport,Tapis de yoga,1,82.83,20,CB,Magasin,4.0,5.0,Livree
103915,2025-03-21,2335,Nantes,Livres,Livre de cuisine,2,9.56,0,Virement,Site web,5.0,5.0,Livree
101073,2025-09-14,1562,Toulouse,Maison,Lampe,2,31.81,0,CB,Site web,12.0,4.0,Livree
103433,2025-01-16,1191,Nantes,Livres,Livre de cuisine,3,19.38,0,PayPal,Application mobile,5.0,5.0,Livree
100966,2025-09-14,1958,Paris,Sport,Halteres,2,57.05,0,PayPal,Magasin,11.0,5.0,Livree
101621,2025-12-09,1062,Paris,Vetements,T-shirt,1,30.97,20,PayPal,Site web,14.0,,Livree
101240,2025-10-06,1867,Toulouse,Electronique,Smartphone,3,303.57,5,PayPal,Magasin,,3.0,Livree
101496,2024-07-02,1116,Lille,Beaute,Shampoing,1,25.85,0,Especes,Site web,5.0,3.0,Livree
100375,2025-05-24,1108,Strasbourg,Vetements,Veste,1,39.6,0,Especes,Site web,1.0,4.0,Livree
104712,2025-11-19,2434,Nantes,Electronique,Casque audio,2,277.23,0,Virement,Site web,10.0,3.0,Livree
104256,2024-06-13,1830,Lyon,Beaute,Serum,1,15.79,0,CB,Site web,7.0,4.0,Livree
100849,2025-12-27,1553,Toulouse,Electronique,Ordinateur portable,2,224.61,30,CB,Magasin,7.0,3.0,Livree
103866,2024-12-16,1382,Marseille,Electronique,Enceinte bluetooth,1,265.35,20,CB,Magasin,3.0,2.0,Livree
101126,2024-10-15,2201,Lille,Vetements,Veste,1,47.36,20,PayPal,Site web,4.0,3.0,Livree
102890,2024-01-24,1042,Paris,Maison,Set de cuisine,1,34.32,0,CB,Site web,13.0,5.0,Livree
103068,2025-04-08,1510,Lille,Electronique,Smartphone,2,293.78,10,CB,Application mobile,,3.0,Livree
101235,2025-10-28,1763,Paris,Beaute,Creme visage,2,28.52,0,Especes,Site web,14.0,3.0,Livree
101009,2024-08-18,1355,Marseille,Vetements,Robe,1,26.6,5,CB,Site web,13.0,1.0,Livree
103957,2025-01-28,1602,Nantes,Beaute,Rouge a levres,1,3.97,5,PayPal,Site web,14.0,5.0,Annulee
104362,2024-07-31,2086,Paris,Electronique,Casque audio,1,187.35,0,CB,Application mobile,5.0,3.0,Livree
101455,2025-11-25,2067,Strasbourg,Sport,Tapis de yoga,1,73.4,0,CB,Application mobile,7.0,5.0,En cours
103921,2024-06-22,2087,Lyon,Sport,Ballon,1,73.03,30,PayPal,Application mobile,8.0,5.0,Retournee
103071,2024-08-16,1305,Strasbourg,Livres,Essai,5,18.42,0,PayPal,Site web,14.0,4.0,En cours
100686,2024-05-22,2226,Paris,Electronique,Enceinte bluetooth,1,362.25,10,PayPal,Application mobile,10.0,4.0,Livree
103446,2024-05-18,2031,Strasbourg,Maison,Lampe,4,43.01,0,CB,Magasin,3.0,5.0,Retournee
101429,2024-02-21,1247,Bordeaux,Vetements,Baskets,5,23.11,0,CB,Application mobile,1.0,4.0,En cours
101921,2024-03-11,1474,Toulouse,Maison,Etagere,5,26.34,20,PayPal,Site web,9.0,3.0,En cours
102634,2024-04-03,2342,,Beaute,Shampoing,1,29.8,0,PayPal,Site web,14.0,4.0,Livree
101723,2024-04-13,2146,Toulouse,Vetements,T-shirt,4,32.55,0,CB,Application mobile,14.0,4.0,Livree
100377,2024-10-01,1053,Toulouse,Livres,BD,1,13.16,0,CB,Site web,10.0,3.0,Livree
104487,2025-08-23,1194,Strasbourg,Electronique,Ordinateur portable,2,221.57,0,CB,Application mobile,4.0,3.0,Livree
101259,2024-10-17,1959,Lyon,Maison,Etagere,1,56.1,20,PayPal,Site web,1.0,,Livree
101125,2025-03-15,1037,Bordeaux,Maison,Coussin,1,38.05,20,Virement,Site web,3.0,2.0,Livree
102644,2025-01-06,1316,Marseille,Electronique,Casque audio,3,374.79,0,CB,Site web,8.0,5.0,Livree
103538,2024-02-07,1665,Marseille,Electronique,Ordinateur portable,4,397.58,0,Especes,Site web,13.0,5.0,Livree
104048,2024-01-04,1300,Nantes,Vetements,Jean,3,29.62,0,CB,Site web,14.0,5.0,En cours
103887,2025-08-04,1436,Bordeaux,Sport,Ballon,1,73.85,0,CB,Application mobile,5.0,,Annulee
103472,2025-01-22,1044,Lyon,Vetements,Robe,1,36.16,15,PayPal,Application mobile,4.0,,Livree
101477,2024-01-26,1027,Toulouse,Livres,Essai,1,9.46,5,CB,Application mobile,3.0,4.0,Annulee
103115,2025-08-16,2449,Lyon,Electronique,Casque audio,2,224.11,20,PayPal,Application mobile,14.0,5.0,Livree
103658,2025-05-16,1586,Nantes,Vetements,Baskets,2,51.06,0,PayPal,Magasin,1.0,5.0,En cours
102629,2025-04-04,1304,Paris,Maison,Etagere,2,,15,PayPal,Application mobile,10.0,,En cours
103943,2024-03-08,2394,Lille,Vetements,Jean,1,54.48,30,PayPal,Site web,11.0,5.0,Livree
104682,2024-08-25,1239,Strasbourg,Maison,Lampe,4,49.5,10,CB,Application mobile,2.0,5.0,Livree
102011,2024-10-30,2425,Nantes,Sport,Halteres,2,72.37,20,CB,Application mobile,5.0,3.0,Livree
102657,2024-11-07,1297,Paris,Livres,Manuel scolaire,1,18.33,20,CB,Site web,14.0,3.0,Livree
103339,2024-10-25,2031,Nantes,Electronique,Casque audio,1,188.2,5,PayPal,Site web,11.0,4.0,Livree
103332,2025-08-03,1965,Bordeaux,Maison,Coussin,4,57.65,5,PayPal,Magasin,11.0,4.0,Livree
104267,2024-07-23,1847,Paris,Electronique,Enceinte bluetooth,1,263.63,30,PayPal,Site web,4.0,4.0,Livree
100463,2025-05-30,2170,Strasbourg,Beaute,Creme visage,1,16.75,10,PayPal,Application mobile,2.0,3.0,Livree
101253,2025-03-12,2011,Lille,Maison,Set de cuisine,1,31.39,0,PayPal,Site web,1.0,1.0,Livree
101790,2025-05-10,2436,Toulouse,Maison,Tapis,2,29.88,0,PayPal,Magasin,14.0,4.0,Livree
104611,2024-07-30,1388,Lille,Maison,Coussin,2,30.39,0,Virement,Application mobile,10.0,2.0,Annulee
102939,2024-05-05,2379,Paris,Vetements,Baskets,2,22.86,5,Especes,Application mobile,7.0,2.0,Livree
102638,2024-12-01,1903,Bordeaux,Maison,Lampe,1,37.77,20,PayPal,Site web,8.0,4.0,Livree
102775,2024-03-10,1217,Marseille,Sport,Velo,1,62.87,5,CB,Application mobile,1.0,5.0,Livree
100246,2025-08-13,1758,Strasbourg,Vetements,T-shirt,1,57.34,5,CB,Application mobile,14.0,,Annulee
102656,2024-10-25,1988,Marseille,Sport,Tapis de yoga,2,87.92,15,PayPal,Application mobile,11.0,3.0,Livree
101182,2024-02-04,1289,Strasbourg,Livres,Roman,4,19.66,5,CB,Application mobile,14.0,5.0,Retournee
100138,2025-11-02,2469,Lille,Sport,Ballon,2,34.49,0,PayPal,Site web,6.0,2.0,Livree
102058,2024-08-18,1772,Lille,Electronique,Tablette,3,342.28,10,PayPal,Site web,14.0,4.0,Livree
100920,2025-01-24,1011,Paris,Vetements,T-shirt,2,44.11,10,CB,Application mobile,6.0,4.0,Annulee
104535,2025-07-09,1682,Paris,Vetements,T-shirt,1,42.8,0,CB,Magasin,13.0,4.0,Livree
100929,2024-09-18,1272,Lyon,Maison,Set de cuisine,4,50.74,10,PayPal,Site web,2.0,5.0,Livree
102852,2024-01-13,2092,Strasbourg,Sport,Halteres,1,48.83,30,PayPal,Site web,11.0,2.0,Annulee
100125,2025-01-06,2386,Nantes,Electronique,Tablette,5,260.03,10,Especes,Site web,5.0,5.0,Livree
104500,2024-05-01,1398,Lille,Maison,Coussin,4,60.25,0,CB,Site web,10.0,4.0,Livree
104225,2025-03-17,1637,Bordeaux,Maison,Lampe,2,56.02,0,Virement,Application mobile,2.0,3.0,Livree
102115,2024-12-17,1997,Strasbourg,Maison,Lampe,3,37.68,0,CB,Site web,13.0,5.0,Livree
103012,2024-03-30,1148,Marseille,Sport,Tapis de yoga,5,19.8,30,CB,Site web,7.0,3.0,Annulee
102323,2025-04-12,1154,Strasbourg,Livres,Essai,1,16.06,0,Virement,Application mobile,7.0,4.0,Livree
101902,2025-12-05,1488,Toulouse,Beaute,Serum,3,22.47,0,Virement,Site web,7.0,5.0,Retournee
100960,2025-02-06,1512,Toulouse,Livres,Essai,2,16.08,0,CB,Site web,10.0,4.0,Livree
101228,2025-01-11,2173,Lyon,Electronique,Tablette,1,250.09,0,CB,Site web,13.0,4.0,En cours
102502,2024-06-01,1697,Lille,Beaute,Rouge a levres,5,30.06,5,PayPal,Application mobile,6.0,4.0,Livree
102433,2024-03-27,1488,Lyon,Beaute,Serum,2,30.11,5,CB,Site web,13.0,5.0,Livree
102878,2024-02-14,2407,Nantes,Electronique,Tablette,4,256.81,0,CB,Site web,12.0,3.0,Livree
104743,2025-03-27,2105,Bordeaux,Vetements,Jean,5,35.75,20,CB,Site web,12.0,1.0,Retournee
104807,2025-02-02,2379,Bordeaux,Electronique,Ordinateur portable,1,176.52,0,PayPal,Magasin,12.0,4.0,Livree
104785,2024-08-12,1965,Paris,Maison,Etagere,1,57.21,20,PayPal,Application mobile,9.0,5.0,Livree
102666,2024-02-14,2347,Nantes,Sport,Ballon,4,41.73,5,CB,Site web,6.0,4.0,Livree
101274,2024-10-21,1405,Lille,Maison,Tapis,1,25.96,30,PayPal,Site web,14.0,3.0,Livree
100737,2025-10-02,1382,Strasbourg,Maison,Etagere,1,,0,Virement,Site web,6.0,1.0,Livree
103583,2024-10-16,1657,Paris,Beaute,Creme visage,1,16.63,10,CB,Application mobile,12.0,5.0,Livree
103914,2025-10-18,1048,Paris,Electronique,Ordinateur portable,1,244.39,5,CB,Magasin,13.0,5.0,Livree
100232,2024-04-03,2420,Paris,Beaute,Serum,4,5.11,20,PayPal,Magasin,7.0,3.0,Livree
102584,2024-10-02,2176,Paris,Vetements,T-shirt,1,55.42,15,PayPal,Application mobile,7.0,2.0,Livree
102618,2025-07-18,1062,Toulouse,Electronique,Enceinte bluetooth,3,178.29,5,PayPal,Site web,8.0,4.0,Livree
104232,2024-11-04,2373,Marseille,Vetements,Robe,1,23.87,5,CB,Magasin,11.0,2.0,Livree
103893,2025-04-15,1031,Paris,Vetements,Veste,2,40.76,30,CB,Application mobile,10.0,3.0,Livree
102103,2025-05-28,1758,Bordeaux,Sport,Halteres,5,53.57,10,PayPal,Site web,4.0,,Annulee
100853,2025-06-05,1456,Nantes,Maison,Coussin,2,49.09,30,PayPal,Application mobile,6.0,1.0,Livree
104174,2025-02-19,1201,Lyon,Maison,Coussin,3,69.76,20,PayPal,Application mobile,11.0,3.0,Livree
104952,2024-03-16,1452,Bordeaux,Livres,Roman,1,9.0,20,Especes,Site web,14.0,5.0,Livree
101087,2025-08-02,1076,Toulouse,Vetements,Robe,3,48.22,20,CB,Site web,4.0,4.0,Livree
104299,2025-02-01,2407,Paris,Maison,Coussin,2,42.39,20,CB,Site web,6.0,2.0,Livree
101969,2024-02-28,1794,Lyon,Sport,Halteres,5,42.8,20,CB,Site web,9.0,5.0,Retournee
103107,2024-02-01,1371,Bordeaux,Electronique,Casque audio,3,357.44,5,CB,Site web,14.0,5.0,Livree
100288,2024-04-28,1677,Toulouse,Electronique,Enceinte bluetooth,4,219.65,0,CB,Magasin,12.0,2.0,Livree
103351,2024-03-16,2460,Bordeaux,Vetements,Veste,3,35.09,0,CB,Magasin,14.0,4.0,Livree
104220,2024-10-26,1814,Lille,Beaute,Rouge a levres,1,26.08,0,Virement,Site web,9.0,5.0,Livree
100781,2025-03-14,1900,Marseille,Sport,Velo,1,49.45,30,PayPal,Site web,5.0,5.0,Livree
102908,2025-06-25,2227,Toulouse,Sport,Ballon,4,73.71,20,CB,Application mobile,10.0,5.0,Retournee
100255,2025-10-17,1783,Bordeaux,Sport,Halteres,3,,0,CB,Site web,3.0,4.0,Retournee
104415,2025-11-17,1464,Toulouse,Beaute,Parfum,2,21.41,0,CB,Site web,,4.0,Livree
102674,2024-06-28,2091,Toulouse,Sport,Tapis de yoga,4,88.74,15,CB,Site web,5.0,4.0,Livree
104243,2025-12-21,2051,Marseille,Electronique,Casque audio,5,237.41,10,CB,Site web,9.0,4.0,Livree
104766,2025-12-09,2344,Bordeaux,Electronique,Ordinateur portable,4,232.83,15,CB,Application mobile,14.0,5.0,Livree
103167,2024-12-12,1816,Strasbourg,Vetements,Baskets,2,54.02,10,CB,Site web,9.0,4.0,Annulee
104157,2025-05-26,2383,Bordeaux,Sport,Montre connectee,1,49.5,15,CB,Site web,9.0,4.0,Livree
104506,2024-09-24,1048,Lille,Beaute,Rouge a levres,3,,0,Especes,Site web,11.0,,Annulee
103089,2025-10-10,2230,Lyon,Maison,Lampe,2,55.52,30,CB,Site web,9.0,1.0,Livree
102150,2025-07-04,1557,Lille,Vetements,Baskets,4,32.02,15,CB,Magasin,12.0,,Annulee
100490,2025-08-17,1309,Strasbourg,Sport,Tapis de yoga,1,89.92,20,Especes,Site web,4.0,5.0,Annulee
102125,2024-08-30,1348,Marseille,Maison,Set de cuisine,3,37.21,15,CB,Site web,1.0,5.0,Livree
104080,2024-11-29,2019,Toulouse,Vetements,T-shirt,1,50.34,0,CB,Site web,3.0,4.0,Livree
104381,2024-07-01,1210,Lille,Electronique,Casque audio,1,252.97,20,CB,Site web,13.0,4.0,Livree
104991,2025-06-06,1588,Lyon,Sport,Montre connectee,4,38.59,15,PayPal,Site web,5.0,5.0,Livree
103111,2025-01-29,2010,Nantes,Vetements,Veste,5,45.62,0,PayPal,Site web,2.0,4.0,Livree
100086,2025-04-09,1805,Paris,Maison,Lampe,2,35.87,0,CB,Application mobile,13.0,2.0,Livree
101965,2025-11-25,1894,Toulouse,Beaute,Serum,2,28.72,10,Virement,Site web,13.0,4.0,Livree
102439,2024-09-30,2409,Nantes,Vetements,T-shirt,5,50.73,0,CB,Magasin,11.0,5.0,Livree
104118,2025-01-24,1187,Strasbourg,Maison,Lampe,2,67.64,0,CB,Magasin,11.0,3.0,Livree
101651,2024-03-13,2319,Nantes,Vetements,T-shirt,5,42.31,20,PayPal,Application mobile,7.0,5.0,Livree
103059,2024-07-31,2416,Bordeaux,Sport,Tapis de yoga,2,72.39,20,CB,Application mobile,11.0,4.0,Livree
100037,2025-04-02,2095,Paris,Vetements,Baskets,2,31.33,30,CB,Application mobile,7.0,,Annulee
101233,2024-03-24,2410,Strasbourg,Maison,Coussin,1,49.52,30,CB,Magasin,10.0,,Annulee
103639,2024-02-25,1762,Lille,Vetements,Jean,3,43.66,20,Especes,Application mobile,13.0,4.0,Livree
104673,2025-05-07,2198,Paris,Sport,Velo,5,27.67,10,PayPal,Site web,13.0,3.0,Livree
103237,2024-10-23,2242,Lyon,Maison,Coussin,4,51.71,0,CB,Site web,12.0,3.0,Livree
104937,2025-06-17,1977,Lille,Maison,Lampe,4,41.51,0,CB,Site web,6.0,2.0,Livree
103408,2024-05-16,1854,Marseille,Maison,Tapis,2,48.52,20,PayPal,Site web,7.0,5.0,Retournee
102378,2024-08-02,2303,Lyon,Beaute,Creme visage,1,26.72,10,CB,Site web,14.0,4.0,En cours
103148,2024-07-29,1553,Lyon,Electronique,Enceinte bluetooth,2,255.08,0,Especes,Site web,7.0,2.0,Livree
104553,2025-06-30,2342,Lyon,Electronique,Ordinateur portable,3,308.44,5,CB,Site web,11.0,4.0,Livree
100818,2025-01-25,2207,Lyon,Livres,BD,1,25.87,0,CB,Magasin,4.0,5.0,Livree
101123,2025-04-01,1104,,Beaute,Creme visage,2,10.49,10,PayPal,Magasin,6.0,3.0,Livree
103140,2024-12-26,1687,Lille,Vetements,Jean,1,48.02,15,CB,Application mobile,1.0,,Retournee
101213,2024-11-26,1520,Paris,Maison,Coussin,4,29.47,0,Virement,Site web,7.0,5.0,Livree
103830,2024-10-15,1281,Marseille,Beaute,Creme visage,2,17.34,0,PayPal,Magasin,11.0,4.0,Livree
103607,2024-05-26,2284,Marseille,Livres,Manuel scolaire,2,17.12,0,PayPal,Site web,7.0,4.0,Annulee
102477,2024-08-22,1812,Marseille,Maison,Tapis,2,36.19,20,PayPal,Application mobile,11.0,3.0,Livree
103682,2025-11-19,2385,Bordeaux,Maison,Set de cuisine,1,38.97,0,CB,Site web,5.0,4.0,Livree
102663,2025-03-31,1475,Toulouse,Maison,Set de cuisine,2,53.64,0,CB,Application mobile,14.0,5.0,Livree
101196,2025-05-21,1597,Lyon,Sport,Tapis de yoga,5,39.5,0,Virement,Site web,3.0,4.0,Livree
101796,2024-05-15,1412,Bordeaux,Vetements,Jean,5,35.04,0,PayPal,Site web,14.0,5.0,Annulee
104480,2024-04-13,2221,Lyon,Livres,Manuel scolaire,5,20.1,15,CB,Application mobile,6.0,5.0,Livree
104445,2024-07-27,1111,Strasbourg,Beaute,Shampoing,4,,0,CB,Application mobile,1.0,5.0,Livree
100602,2025-07-30,1825,Lille,Maison,Coussin,2,31.3,15,CB,Application mobile,7.0,4.0,Livree
101925,2024-04-20,2355,Toulouse,Maison,Etagere,1,28.16,0,PayPal,Application mobile,6.0,5.0,Livree
100406,2025-04-25,1086,Nantes,Beaute,Creme visage,2,16.72,10,CB,Application mobile,4.0,1.0,Livree
104142,2025-11-24,2322,Strasbourg,Vetements,Robe,2,,5,Virement,Magasin,9.0,,Retournee
104742,2024-06-05,2324,Paris,Beaute,Rouge a levres,1,12.62,5,PayPal,Site web,5.0,5.0,En cours
104525,2024-08-05,1439,Toulouse,Sport,Ballon,2,83.09,15,CB,Site web,4.0,5.0,Retournee
103899,2025-11-29,1976,Strasbourg,Electronique,Smartphone,1,232.56,0,CB,Application mobile,2.0,4.0,Livree
101054,2024-12-02,2383,Nantes,Vetements,Robe,1,30.81,30,CB,Application mobile,1.0,5.0,Livree
103673,2025-03-11,2292,Bordeaux,Sport,Ballon,1,84.73,10,Especes,Application mobile,9.0,4.0,Livree
104323,2025-06-19,1019,Nantes,Beaute,Rouge a levres,1,22.61,10,CB,Magasin,4.0,1.0,Livree
104526,2025-09-26,1648,Strasbourg,Beaute,Parfum,1,33.73,5,PayPal,Application mobile,8.0,2.0,Livree
101482,2025-01-13,1198,Strasbourg,Beaute,Serum,1,17.78,30,Especes,Site web,12.0,3.0,Annulee
102458,2025-11-05,2490,Lille,Vetements,Veste,3,25.17,20,PayPal,Site web,13.0,3.0,Livree
100226,2024-05-22,1301,Nantes,Vetements,Jean,1,40.49,10,CB,Site web,5.0,5.0,Livree
103884,2025-10-16,2474,Paris,Electronique,Tablette,1,203.16,0,CB,Site web,8.0,5.0,Livree
102257,2025-06-15,2422,Lille,Vetements,Jean,3,28.91,0,CB,Site web,5.0,2.0,Livree
104560,2025-12-04,1761,Bordeaux,Maison,Etagere,1,49.33,0,CB,Application mobile,1.0,4.0,Retournee
100434,2024-08-03,1809,Lyon,Vetements,T-shirt,5,31.94,0,CB,Application mobile,14.0,1.0,En cours
100382,2024-03-27,1304,Toulouse,Maison,Coussin,4,32.84,10,Especes,Application mobile,6.0,4.0,Livree
101011,2025-02-07,2087,Bordeaux,Electronique,Tablette,1,212.76,0,Virement,Site web,5.0,4.0,Livree
102223,2025-02-04,1679,Nantes,Electronique,Enceinte bluetooth,1,384.28,15,Virement,Application mobile,4.0,,Livree
102053,2024-02-08,1568,Nantes,Maison,Coussin,1,52.1,0,CB,Site web,10.0,,En cours
101530,2024-12-26,1376,Lyon,Maison,Coussin,4,42.95,20,Virement,Site web,1.0,3.0,Livree
101103,2025-03-31,1708,Paris,Maison,Tapis,4,48.1,10,PayPal,Site web,13.0,4.0,Livree
102731,2024-06-06,1546,Nantes,Maison,Coussin,2,13.79,5,CB,Site web,4.0,3.0,Retournee
103638,2025-07-08,2275,Paris,Maison,Etagere,2,63.44,30,Especes,Application mobile,3.0,4.0,Livree
100325,2024-08-17,2490,Strasbourg,Maison,Set de cuisine,1,39.6,30,CB,Application mobile,6.0,5.0,En cours
103722,2024-09-10,1024,Strasbourg,Electronique,Smartphone,3,284.71,0,Virement,Application mobile,8.0,5.0,Livree
100812,2024-02-15,1035,Bordeaux,Sport,Velo,1,60.01,10,Virement,Application mobile,10.0,5.0,Livree
104757,2025-04-29,1904,Marseille,Sport,Velo,4,76.36,30,CB,Site web,9.0,4.0,Livree
104283,2025-07-19,1520,Strasbourg,Maison,Coussin,5,31.09,15,PayPal,Magasin,12.0,2.0,Livree
101300,2024-08-18,2026,Nantes,Sport,Montre connectee,2,79.21,20,CB,Site web,9.0,4.0,En cours
103028,2025-11-21,1323,Bordeaux,Sport,Velo,2,69.7,10,PayPal,Site web,10.0,2.0,Livree
103193,2024-04-15,1044,Marseille,Sport,Ballon,1,68.54,5,CB,Application mobile,7.0,5.0,Livree
101489,2024-10-30,1031,Toulouse,Electronique,Tablette,1,277.91,0,PayPal,Site web,10.0,4.0,En cours
103039,2025-04-17,1049,Marseille,Sport,Halteres,2,43.94,20,CB,Magasin,7.0,2.0,Retournee
102794,2025-10-05,2098,Bordeaux,Maison,Tapis,3,44.29,5,CB,Site web,6.0,5.0,Livree
100636,2024-02-15,1330,Paris,Electronique,Tablette,1,170.64,10,PayPal,Application mobile,8.0,3.0,Livree
103964,2024-01-17,1200,Marseille,Vetements,Robe,5,46.55,30,CB,Application mobile,11.0,4.0,Livree
104840,2024-04-22,1515,Paris,Vetements,Jean,3,31.49,0,CB,Magasin,5.0,5.0,En cours
100743,2025-10-01,2269,Marseille,Vetements,Veste,3,61.38,15,Especes,Site web,8.0,5.0,Livree
103271,2025-06-20,1556,Strasbourg,Vetements,Baskets,4,35.41,15,PayPal,Site web,10.0,4.0,Retournee
102777,2025-05-04,1394,Strasbourg,Electronique,Casque audio,1,257.38,0,Especes,Application mobile,9.0,,Annulee
103834,2025-05-26,2216,Lille,Vetements,Jean,1,22.42,20,PayPal,Magasin,1.0,4.0,Livree
103794,2024-01-11,1635,Toulouse,Electronique,Ordinateur portable,2,274.77,0,PayPal,Site web,11.0,3.0,Livree
100077,2025-10-16,2101,Nantes,Vetements,Jean,1,36.85,0,CB,Site web,12.0,5.0,Livree
103162,2024-07-05,1695,Strasbourg,Electronique,Casque audio,1,443.84,0,Especes,Magasin,12.0,5.0,Livree
102440,2024-02-23,1190,Bordeaux,Maison,Coussin,1,19.6,10,CB,Site web,6.0,4.0,Livree
100072,2025-06-20,1538,Lille,Vetements,Robe,1,34.58,30,CB,Site web,1.0,2.0,Livree
103704,2025-11-14,1001,Paris,Livres,Manuel scolaire,2,19.45,0,CB,Magasin,5.0,4.0,En cours
101567,2024-05-04,1356,Lyon,Livres,Essai,2,18.63,20,PayPal,Site web,14.0,4.0,Livree
102996,2024-04-07,1886,Bordeaux,Vetements,Jean,2,50.4,20,CB,Site web,5.0,4.0,Livree
101756,2024-06-02,1239,Strasbourg,Vetements,Veste,1,37.96,0,PayPal,Application mobile,8.0,,Livree
101993,2024-09-18,1865,Bordeaux,Livres,Essai,4,11.23,0,PayPal,Application mobile,8.0,4.0,Livree
103888,2025-01-08,1976,Strasbourg,Beaute,Serum,1,15.99,30,PayPal,Magasin,5.0,5.0,Livree
101229,2024-09-12,2068,Lille,Vetements,Baskets,2,40.2,0,Especes,Application mobile,7.0,,Annulee
100848,2024-06-29,1699,Marseille,Electronique,Casque audio,1,357.46,0,CB,Application mobile,6.0,3.0,Livree
104440,2024-05-21,2472,Lille,Vetements,Robe,2,28.8,0,Especes,Application mobile,11.0,4.0,En cours
102986,2024-03-03,2059,Bordeaux,Livres,Manuel scolaire,1,17.38,5,PayPal,Magasin,14.0,4.0,Retournee
103956,2024-11-05,1456,Paris,Vetements,Veste,4,30.61,10,CB,Site web,6.0,4.0,Livree
101686,2025-12-14,1623,Lyon,Electronique,Tablette,1,346.58,0,CB,Site web,14.0,5.0,Livree
100696,2025-07-31,2199,Paris,Sport,Tapis de yoga,2,45.08,20,CB,Site web,11.0,1.0,Livree
100954,2024-10-09,1523,Strasbourg,Maison,Set de cuisine,1,43.14,5,PayPal,Magasin,12.0,4.0,Livree
102724,2025-07-12,1649,Marseille,Maison,Lampe,3,34.04,10,CB,Application mobile,8.0,1.0,Livree
103932,2024-01-06,1541,Nantes,Vetements,Jean,3,31.35,20,CB,Magasin,13.0,2.0,Livree
103410,2025-04-22,1338,Nantes,Electronique,Tablette,1,333.68,5,Especes,Site web,9.0,1.0,Livree
104792,2024-11-27,1340,Lille,Livres,Roman,1,14.88,0,CB,Magasin,14.0,3.0,Livree
101312,2025-09-28,1196,Paris,Sport,Ballon,3,61.52,0,PayPal,Site web,2.0,5.0,Livree
101360,2025-06-16,1379,Lyon,Vetements,Baskets,1,48.64,30,CB,Site web,14.0,5.0,Livree
101303,2025-01-10,1792,Nantes,Vetements,T-shirt,3,13.72,0,Virement,Magasin,12.0,5.0,Livree
104686,2024-09-21,1229,Paris,Electronique,Ordinateur portable,5,144.6,0,Virement,Site web,9.0,4.0,Livree
100387,2024-05-09,1979,Bordeaux,Vetements,Jean,2,43.18,5,PayPal,Site web,1.0,5.0,Livree
100581,2024-06-10,1937,Bordeaux,Beaute,Parfum,2,13.94,30,CB,Application mobile,14.0,5.0,Livree
102902,2025-09-10,1485,Lille,Beaute,Parfum,1,25.72,0,CB,Site web,2.0,3.0,Livree
104420,2024-10-22,2108,Nantes,Electronique,Casque audio,1,168.41,0,CB,Application mobile,3.0,4.0,Livree
101120,2025-05-28,1953,Paris,Electronique,Casque audio,1,244.5,10,CB,Site web,4.0,5.0,Livree
102624,2025-12-30,1705,Marseille,Livres,Roman,5,12.73,0,Especes,Site web,12.0,3.0,En cours
100994,2024-12-02,2347,Paris,Sport,Tapis de yoga,1,64.56,0,CB,Application mobile,6.0,4.0,Livree
100618,2025-12-18,2387,Lyon,Electronique,Tablette,5,244.99,0,PayPal,Site web,2.0,4.0,Retournee
103817,2024-06-23,1115,Lille,Beaute,Rouge a levres,5,12.04,15,CB,Site web,13.0,3.0,Livree
104253,2024-08-31,1211,Nantes,Electronique,Ordinateur portable,2,211.44,0,PayPal,Magasin,2.0,2.0,Livree
104928,2024-10-16,1860,Lyon,Sport,Ballon,4,35.99,15,Virement,Application mobile,13.0,4.0,Livree
100566,2024-08-19,1283,Lille,Vetements,Jean,3,36.32,20,PayPal,Application mobile,2.0,5.0,Retournee
104601,2025-11-04,1853,Lille,Vetements,Veste,1,29.15,10,CB,Site web,5.0,4.0,Annulee
101708,2025-11-01,1406,Bordeaux,Beaute,Creme visage,4,24.53,15,PayPal,Site web,1.0,4.0,Retournee
101464,2025-05-07,1954,Bordeaux,Maison,Coussin,1,56.2,30,CB,Site web,13.0,4.0,Livree
101569,2025-09-16,1644,Nantes,Beaute,Shampoing,2,23.89,20,CB,Site web,14.0,2.0,Livree
103539,2024-03-02,1263,Toulouse,Livres,Roman,1,23.17,0,CB,Magasin,11.0,,Annulee
101545,2024-06-04,1291,Toulouse,Maison,Tapis,4,58.62,0,CB,Application mobile,14.0,4.0,Livree
104468,2025-05-27,2053,Paris,Maison,Set de cuisine,2,35.02,30,CB,Site web,3.0,5.0,Livree
103521,2025-11-13,1108,Lyon,Maison,Etagere,1,32.67,10,CB,Application mobile,1.0,4.0,Livree
100460,2024-03-31,1778,Paris,Vetements,Robe,4,41.62,0,CB,Site web,2.0,4.0,Livree
103792,2025-07-07,1980,Bordeaux,Vetements,T-shirt,4,23.03,10,PayPal,Magasin,4.0,5.0,Livree
102532,2025-09-04,2402,Nantes,Beaute,Parfum,1,12.26,0,CB,Magasin,12.0,1.0,Livree
100469,2025-11-19,2374,Lyon,Vetements,T-shirt,4,28.64,15,CB,Application mobile,7.0,4.0,Livree
103823,2025-01-12,1615,Nantes,Livres,Roman,4,26.63,5,PayPal,Application mobile,12.0,4.0,En cours
103357,2025-05-26,1375,Lille,Electronique,Tablette,1,201.43,0,CB,Site web,12.0,4.0,Livree
100751,2025-06-10,1839,Nantes,Maison,Coussin,2,58.34,0,Virement,Application mobile,12.0,4.0,Livree
102884,2024-06-11,1423,Nantes,Vetements,Veste,1,41.08,0,PayPal,Site web,13.0,,Livree
103365,2024-02-01,1013,Lyon,Vetements,Baskets,2,47.77,15,CB,Site web,5.0,2.0,En cours
104594,2024-08-11,2129,Toulouse,Beaute,Parfum,2,28.98,0,CB,Application mobile,10.0,5.0,Livree
101681,2025-02-16,2309,Toulouse,Electronique,Smartphone,2,338.57,30,CB,Application mobile,10.0,4.0,Retournee
104704,2025-06-19,1116,Lille,Sport,Velo,4,45.8,0,CB,Application mobile,3.0,4.0,Livree
102547,2024-04-23,2235,Paris,Electronique,Smartphone,2,221.21,0,PayPal,Site web,9.0,3.0,Livree
101704,2024-11-16,1760,Bordeaux,Sport,Ballon,2,68.74,5,CB,Magasin,12.0,5.0,En cours
100741,2024-03-20,2067,Strasbourg,Beaute,Parfum,1,10.57,15,Virement,Magasin,10.0,3.0,Livree
104645,2024-09-13,1507,Nantes,Livres,Essai,1,15.49,10,CB,Application mobile,13.0,4.0,Livree
103208,2025-01-23,2380,Lyon,Vetements,Veste,2,38.62,0,CB,Magasin,12.0,4.0,Livree
103615,2024-08-04,2267,Strasbourg,Electronique,Enceinte bluetooth,3,176.44,15,Virement,Site web,8.0,5.0,Livree
104132,2025-07-12,2174,Lille,Vetements,T-shirt,2,46.3,0,CB,Application mobile,2.0,3.0,Livree
101555,2025-05-08,1737,Strasbourg,Sport,Halteres,1,51.02,20,CB,Site web,4.0,2.0,Livree
104758,2025-06-16,2049,Paris,Electronique,Casque audio,2,286.49,10,CB,Magasin,3.0,4.0,Livree
100334,2025-10-20,1239,Paris,Electronique,Enceinte bluetooth,2,216.3,20,Especes,Magasin,4.0,5.0,Livree
103855,2025-03-17,1246,Strasbourg,Beaute,Shampoing,3,22.17,0,Virement,Site web,9.0,,Annulee
100575,2024-08-22,1852,Paris,Vetements,Robe,5,40.0,30,CB,Application mobile,12.0,5.0,Livree
102072,2025-10-03,2171,Bordeaux,Vetements,Jean,2,34.28,0,CB,Site web,9.0,5.0,Livree
103296,2025-10-07,1149,Lyon,Electronique,Ordinateur portable,1,231.64,0,CB,Application mobile,3.0,4.0,Livree
100899,2025-04-01,2348,Marseille,Maison,Etagere,1,43.93,5,Especes,Site web,8.0,3.0,Livree
102063,2025-05-07,1239,Marseille,Electronique,Tablette,1,196.88,30,CB,Application mobile,8.0,3.0,Livree
101655,2025-04-14,2499,Strasbourg,Maison,Set de cuisine,1,47.48,5,Virement,Site web,6.0,2.0,Livree
102582,2025-07-22,2282,Marseille,Maison,Lampe,5,43.26,5,CB,Magasin,14.0,3.0,Retournee
104888,2025-07-02,1967,Lille,Sport,Montre connectee,1,30.21,5,CB,Magasin,12.0,4.0,Retournee
103894,2025-09-02,2126,Bordeaux,Livres,Livre de cuisine,1,15.8,0,PayPal,Application mobile,10.0,4.0,Livree
101891,2024-01-24,2033,Nantes,Livres,BD,1,7.59,20,CB,Site web,7.0,2.0,Livree
104640,2024-09-28,1333,Bordeaux,Electronique,Ordinateur portable,1,184.17,30,CB,Magasin,2.0,,Annulee
102600,2024-02-09,2080,Nantes,Vetements,Baskets,2,23.71,5,CB,Magasin,7.0,4.0,Livree
103998,2024-10-12,1949,Paris,Livres,Manuel scolaire,1,27.01,0,PayPal,Application mobile,7.0,2.0,Livree
102998,2025-07-01,1051,Lyon,Livres,BD,1,14.48,0,Especes,Site web,1.0,,Annulee
103969,2024-04-29,2247,Paris,Electronique,Enceinte bluetooth,2,324.58,5,Especes,Site web,14.0,4.0,Livree
101332,2025-06-24,2126,Toulouse,Maison,Tapis,2,39.81,20,PayPal,Application mobile,8.0,3.0,Livree
100983,2025-04-26,1786,Lille,Livres,BD,1,16.22,10,PayPal,Magasin,,2.0,Livree
103216,2024-04-11,2372,Nantes,Vetements,Jean,1,46.6,20,Especes,Site web,10.0,4.0,En cours
103903,2024-04-23,1386,Bordeaux,Vetements,Jean,2,26.94,30,CB,Site web,4.0,5.0,Livree
103016,2024-07-18,1741,Strasbourg,Maison,Lampe,1,46.47,10,CB,Application mobile,7.0,3.0,Livree
100940,2024-03-25,1033,Bordeaux,Maison,Lampe,3,46.6,5,CB,Magasin,1.0,5.0,Livree
104589,2025-02-18,1316,Toulouse,Maison,Etagere,3,34.64,20,CB,Application mobile,3.0,5.0,Annulee
104115,2025-05-01,1866,Nantes,Vetements,T-shirt,1,35.47,15,CB,Application mobile,13.0,5.0,Livree
100977,2024-07-25,1831,Nantes,Sport,Tapis de yoga,5,73.25,15,CB,Site web,13.0,2.0,Livree
101394,2025-04-29,2133,Marseille,Beaute,Serum,4,3.52,0,PayPal,Site web,1.0,5.0,Annulee
104896,2024-11-01,1417,Marseille,Livres,Livre de cuisine,1,14.92,20,CB,Magasin,11.0,,Livree
103189,2024-08-22,1629,Paris,Livres,Essai,5,13.76,5,PayPal,Site web,4.0,,Annulee
103086,2024-02-27,2216,Lille,Livres,Essai,1,17.05,0,CB,Application mobile,14.0,4.0,Livree
101646,2024-01-09,1496,Nantes,Vetements,Jean,4,28.5,30,Especes,Application mobile,11.0,1.0,Livree
101407,2025-02-04,1266,Toulouse,Maison,Set de cuisine,3,29.74,15,CB,Site web,7.0,4.0,Livree
100173,2024-09-18,2027,,Electronique,Tablette,3,163.56,15,PayPal,Site web,2.0,5.0,Livree
101806,2024-04-08,1224,Toulouse,Sport,Ballon,3,,0,CB,Application mobile,4.0,,Annulee
102564,2025-07-25,2218,Lille,Electronique,Ordinateur portable,1,276.0,10,CB,Site web,2.0,3.0,Livree
100852,2025-03-05,1492,Paris,Maison,Set de cuisine,1,38.73,0,CB,Application mobile,1.0,3.0,Annulee
100184,2025-12-08,2154,Strasbourg,Electronique,Enceinte bluetooth,1,263.61,5,PayPal,Site web,6.0,5.0,Livree
102597,2024-06-13,2451,Paris,Electronique,Enceinte bluetooth,1,340.68,20,CB,Application mobile,8.0,3.0,Livree
100498,2024-05-28,2278,Bordeaux,Sport,Montre connectee,1,14.28,20,Virement,Site web,12.0,5.0,Retournee
101308,2024-05-29,2498,Nantes,Electronique,Casque audio,1,230.72,15,CB,Site web,10.0,2.0,Livree
102096,2025-12-06,1503,Marseille,Sport,Velo,4,80.46,10,CB,Site web,11.0,1.0,Livree
101316,2024-09-13,1530,Lille,Maison,Set de cuisine,5,65.13,10,CB,Site web,6.0,4.0,Livree
102370,2024-11-28,2038,Lille,Vetements,Jean,1,27.54,0,PayPal,Site web,10.0,4.0,Livree
100739,2025-03-29,2007,Strasbourg,Beaute,Shampoing,1,26.88,0,PayPal,Application mobile,14.0,5.0,Livree
104035,2025-08-03,2139,Bordeaux,Electronique,Tablette,2,205.88,0,CB,Site web,3.0,5.0,Livree
103399,2024-02-12,1979,Toulouse,Vetements,Robe,3,28.14,0,Virement,Site web,3.0,5.0,Livree
101872,2025-11-08,1986,Lille,Vetements,Robe,2,38.88,10,PayPal,Site web,9.0,5.0,Livree
104536,2025-05-14,2028,Toulouse,Electronique,Casque audio,2,411.53,0,Especes,Magasin,6.0,4.0,Livree
101197,2025-08-04,2044,Lille,Sport,Ballon,5,30.02,0,CB,Application mobile,11.0,3.0,Livree
102479,2025-11-20,1116,Strasbourg,Electronique,Enceinte bluetooth,2,270.88,5,PayPal,Site web,3.0,5.0,Retournee
100094,2025-02-02,2311,Strasbourg,Vetements,T-shirt,1,36.02,0,CB,Magasin,8.0,5.0,Livree
102227,2024-08-09,1615,Toulouse,Vetements,Jean,1,23.56,5,Virement,Application mobile,4.0,5.0,Livree
102332,2025-03-26,1732,Paris,Vetements,Jean,2,43.64,5,CB,Application mobile,6.0,4.0,Livree
103066,2024-09-04,1366,Marseille,Electronique,Enceinte bluetooth,5,187.98,20,CB,Magasin,10.0,1.0,En cours
102660,2024-08-07,2409,Bordeaux,Maison,Tapis,1,42.06,20,Especes,Site web,5.0,,Annulee
104037,2025-08-19,1645,Lille,Vetements,Robe,3,24.26,0,CB,Site web,1.0,5.0,En cours
102121,2025-06-23,1677,Lille,Sport,Ballon,1,52.68,10,PayPal,Site web,2.0,5.0,Livree
100701,2025-07-31,2153,Bordeaux,Beaute,Creme visage,3,17.84,0,CB,Application mobile,9.0,4.0,Livree
103780,2025-03-25,1374,Lyon,Sport,Velo,4,25.57,15,CB,Site web,10.0,5.0,Livree
103060,2025-11-18,1950,Marseille,Sport,Ballon,4,75.71,20,CB,Application mobile,5.0,4.0,Livree
102946,2024-07-16,1882,Lille,Vetements,Veste,3,36.16,5,CB,Application mobile,14.0,,Livree
101625,2024-01-12,1517,Lyon,Livres,Manuel scolaire,1,16.79,0,PayPal,Application mobile,6.0,5.0,Livree
100603,2024-01-30,1172,Lille,Maison,Lampe,1,38.95,0,CB,Application mobile,2.0,,Livree
101071,2025-04-20,2062,Strasbourg,Livres,BD,1,16.38,5,PayPal,Site web,6.0,4.0,Livree
100273,2025-10-23,1882,Marseille,Livres,Roman,1,20.1,0,CB,Application mobile,14.0,3.0,Livree
102912,2025-03-22,1501,Lyon,Electronique,Ordinateur portable,1,289.37,15,CB,Site web,11.0,5.0,Livree
102207,2025-06-08,1045,Bordeaux,Maison,Set de cuisine,2,39.43,0,CB,Site web,8.0,4.0,Livree
102591,2024-07-18,1293,Lyon,Livres,Livre de cuisine,1,12.25,0,CB,Site web,12.0,2.0,Annulee
101051,2025-01-26,1042,Lyon,Vetements,Jean,3,54.58,0,Virement,Site web,5.0,4.0,Livree
104001,2025-05-27,1730,Nantes,Sport,Montre connectee,1,69.44,0,CB,Site web,8.0,5.0,Livree
104827,2024-01-20,2407,Lyon,Beaute,Serum,3,13.9,15,Especes,Application mobile,2.0,5.0,Livree
101212,2024-10-06,2274,Strasbourg,Electronique,Casque audio,1,352.64,5,CB,Magasin,9.0,4.0,Retournee
102008,2024-06-29,1808,Lille,Vetements,Veste,1,41.93,0,CB,Site web,1.0,5.0,Livree
101204,2025-01-24,1430,Lyon,Maison,Coussin,5,43.41,5,CB,Magasin,12.0,,En cours
104564,2024-06-13,1571,Strasbourg,Electronique,Ordinateur portable,1,211.38,30,Especes,Magasin,5.0,5.0,Livree
104449,2024-04-17,2288,Nantes,Electronique,Tablette,1,220.3,5,CB,Application mobile,9.0,5.0,Livree
103771,2024-03-09,1451,Nantes,Vetements,Baskets,1,26.67,20,CB,Site web,10.0,,Livree
104214,2025-01-22,1304,Lille,Electronique,Tablette,1,201.14,10,CB,Application mobile,4.0,5.0,Livree
101659,2024-08-13,2061,Lyon,Maison,Set de cuisine,5,46.79,0,CB,Site web,8.0,,Livree
103316,2024-02-07,2397,Nantes,Sport,Halteres,1,66.41,0,PayPal,Application mobile,9.0,5.0,Livree
100116,2024-06-04,1336,Strasbourg,Electronique,Casque audio,2,208.44,20,PayPal,Magasin,3.0,4.0,En cours
102402,2025-09-17,2318,Nantes,Maison,Lampe,1,48.3,10,CB,Site web,11.0,5.0,Livree
100668,2025-04-10,2176,Toulouse,Maison,Etagere,2,46.6,30,CB,Site web,8.0,4.0,Livree
103721,2024-03-12,2259,Lyon,Maison,Coussin,5,56.19,30,Virement,Site web,12.0,4.0,Livree
102832,2024-06-13,1793,Toulouse,Electronique,Enceinte bluetooth,5,255.52,10,CB,Site web,1.0,3.0,Livree
102678,2024-08-06,2106,Nantes,Electronique,Smartphone,2,344.43,5,CB,Site web,9.0,5.0,Livree
103207,2025-04-27,1201,Nantes,Beaute,Creme visage,2,28.3,15,Especes,Site web,13.0,2.0,Livree
101032,2025-01-30,1203,Nantes,Beaute,Creme visage,3,31.58,20,Especes,Site web,8.0,4.0,Livree
103592,2024-07-16,2077,Marseille,Vetements,Robe,5,50.84,20,PayPal,Magasin,13.0,4.0,Livree
104228,2025-02-17,1616,Toulouse,Maison,Lampe,1,41.95,20,CB,Site web,9.0,5.0,Livree
103877,2025-04-26,1929,Marseille,Livres,Manuel scolaire,1,9.88,30,CB,Site web,11.0,5.0,En cours
104951,2025-06-14,1797,Bordeaux,Sport,Tapis de yoga,1,85.72,15,Especes,Site web,9.0,5.0,Livree
104739,2025-08-16,2067,Bordeaux,Beaute,Parfum,2,11.74,20,Virement,Application mobile,11.0,5.0,Annulee
103200,2025-04-07,2074,Marseille,Electronique,Ordinateur portable,2,120.58,0,PayPal,Application mobile,2.0,5.0,Retournee
103812,2025-06-09,1788,Paris,Livres,Roman,2,17.2,0,CB,Site web,11.0,1.0,Livree
100112,2025-11-20,1108,Toulouse,Maison,Coussin,1,49.88,30,PayPal,Application mobile,8.0,3.0,Livree
103688,2024-03-01,1292,Strasbourg,Maison,Tapis,1,42.65,10,PayPal,Application mobile,10.0,,Livree
102521,2024-12-08,1959,Bordeaux,Vetements,Baskets,1,36.56,0,CB,Application mobile,6.0,4.0,Livree
102437,2025-06-07,2340,Bordeaux,Electronique,Smartphone,2,215.53,20,CB,Site web,11.0,5.0,Livree
104308,2024-08-06,2277,Paris,Livres,Livre de cuisine,1,,15,CB,Magasin,2.0,5.0,Livree
103239,2024-09-05,1627,Lyon,Maison,Tapis,1,44.39,0,Virement,Site web,9.0,5.0,Livree
100486,2025-06-10,1832,Paris,Vetements,T-shirt,4,47.5,5,PayPal,Application mobile,10.0,5.0,Retournee
101626,2024-11-28,1261,Marseille,Maison,Lampe,4,44.85,0,Especes,Site web,7.0,5.0,Livree
100876,2024-10-05,2493,Nantes,Maison,Coussin,1,51.89,15,CB,Site web,14.0,4.0,Livree
102872,2024-01-30,1002,Strasbourg,Beaute,Parfum,2,22.96,5,CB,Site web,9.0,3.0,Livree
101769,2024-02-18,1969,Nantes,Beaute,Creme visage,1,23.32,10,CB,Magasin,9.0,4.0,Livree
103839,2025-09-24,1930,Strasbourg,Sport,Montre connectee,1,70.63,0,Virement,Magasin,2.0,5.0,Livree
103541,2025-10-26,1291,Strasbourg,Electronique,Ordinateur portable,1,271.54,0,CB,Site web,1.0,3.0,Livree
100303,2025-06-30,1615,Lyon,Livres,BD,4,16.11,10,CB,Site web,13.0,5.0,Retournee
103654,2025-07-28,2337,Bordeaux,Sport,Velo,3,55.45,0,CB,Site web,14.0,4.0,Livree
104481,2024-09-01,1723,Bordeaux,Livres,Essai,1,12.87,5,Virement,Site web,5.0,5.0,Livree
101680,2024-12-13,2464,Paris,Vetements,Robe,5,36.72,0,Especes,Application mobile,4.0,,Livree
100811,2025-08-15,1789,Nantes,Sport,Montre connectee,2,70.99,5,CB,Application mobile,11.0,4.0,Livree
100413,2025-01-05,2033,Lyon,Livres,Manuel scolaire,2,20.91,0,Especes,Application mobile,3.0,4.0,Livree
103814,2024-09-22,1782,Marseille,Beaute,Serum,1,19.34,10,Especes,Magasin,3.0,4.0,Livree
100680,2024-01-07,1458,Toulouse,Vetements,Jean,4,23.37,0,PayPal,Application mobile,7.0,4.0,En cours
104300,2024-11-22,1567,Strasbourg,Maison,Coussin,4,48.31,10,PayPal,Site web,14.0,4.0,Livree
103865,2024-03-09,2410,Nantes,Electronique,Enceinte bluetooth,2,166.17,15,PayPal,Site web,6.0,5.0,Livree
103255,2024-02-04,2488,Lyon,Vetements,Baskets,1,31.16,15,PayPal,Application mobile,9.0,5.0,Livree
104656,2025-05-06,1339,Lyon,Electronique,Enceinte bluetooth,5,270.03,10,CB,Magasin,4.0,5.0,Livree
104498,2024-12-31,1225,Marseille,Maison,Coussin,5,52.33,0,Virement,Application mobile,5.0,,En cours
100281,2024-02-20,2317,Bordeaux,Livres,Roman,2,13.81,0,PayPal,Site web,11.0,3.0,Livree
102032,2025-01-14,1366,Lyon,Electronique,Ordinateur portable,5,298.7,5,PayPal,Magasin,9.0,4.0,Livree
101377,2025-01-01,2012,Lyon,Vetements,Baskets,5,17.28,15,Virement,Site web,6.0,,Retournee
101678,2024-07-23,2343,Lille,Beaute,Rouge a levres,2,23.09,10,CB,Application mobile,3.0,4.0,Livree
101238,2024-02-10,1602,Lille,Electronique,Tablette,1,161.94,30,CB,Magasin,14.0,4.0,Livree
104624,2025-04-01,1973,Toulouse,Electronique,Ordinateur portable,4,224.84,0,CB,Site web,9.0,5.0,Livree
102951,2025-12-25,2294,Bordeaux,Maison,Coussin,1,47.71,0,CB,Application mobile,3.0,5.0,Livree
101453,2025-06-21,1190,Toulouse,Livres,BD,1,12.18,0,CB,Site web,4.0,4.0,Livree
101444,2025-12-21,2214,Marseille,Livres,Livre de cuisine,2,16.98,20,PayPal,Magasin,11.0,4.0,Livree
104964,2025-09-19,1732,Lille,Beaute,Serum,2,11.99,0,PayPal,Magasin,6.0,5.0,Livree
100509,2025-05-31,1086,Toulouse,Maison,Coussin,2,52.39,30,CB,Application mobile,3.0,5.0,Livree
102052,2025-10-16,1213,Bordeaux,Maison,Etagere,2,69.44,30,CB,Site web,4.0,3.0,Livree
104469,2025-11-21,1340,Paris,Maison,Etagere,2,60.09,20,CB,Site web,6.0,3.0,Livree
100904,2024-05-10,2082,Strasbourg,Beaute,Serum,2,20.96,0,Virement,Site web,9.0,4.0,Livree
101762,2025-06-11,2315,Lille,Electronique,Enceinte bluetooth,1,244.37,0,CB,Site web,11.0,,Livree
103292,2024-07-13,2324,Nantes,Maison,Tapis,5,1850.5,15,CB,Site web,11.0,5.0,Livree
100961,2024-11-14,1664,Strasbourg,Beaute,Rouge a levres,4,37.7,30,Virement,Site web,10.0,5.0,Livree
101871,2024-08-06,2404,Paris,Livres,Essai,1,22.74,20,CB,Application mobile,14.0,3.0,Livree
101825,2024-03-24,1355,Bordeaux,Beaute,Parfum,1,26.42,30,PayPal,Application mobile,3.0,4.0,Livree
102033,2025-01-09,1377,Marseille,Electronique,Smartphone,1,353.19,0,CB,Application mobile,12.0,,Annulee
104851,2025-11-09,1463,Lille,Livres,Manuel scolaire,3,23.56,0,Especes,Site web,8.0,5.0,Annulee
103165,2024-08-07,1902,Lille,Livres,Livre de cuisine,1,9.22,10,CB,Site web,14.0,,Livree
100388,2025-06-30,1761,Bordeaux,Livres,Livre de cuisine,3,12.79,0,CB,Magasin,4.0,4.0,Annulee
102822,2025-11-13,2453,Toulouse,Sport,Ballon,4,77.77,15,PayPal,Site web,1.0,3.0,Livree
102525,2025-08-23,1927,Strasbourg,Vetements,Veste,1,56.19,30,CB,Application mobile,11.0,4.0,Livree
103465,2025-06-25,1159,Toulouse,Sport,Montre connectee,5,56.71,20,CB,Magasin,12.0,4.0,Livree
100328,2025-07-23,2451,Paris,Livres,Manuel scolaire,5,7.82,0,CB,Site web,1.0,2.0,Livree
100160,2025-04-22,1474,Paris,Electronique,Smartphone,5,264.38,5,CB,Application mobile,2.0,,Livree
103724,2025-08-02,1388,Lille,Sport,Halteres,5,34.33,0,PayPal,Site web,4.0,5.0,Livree
103959,2024-10-25,1052,Lille,Sport,Montre connectee,5,38.6,30,Virement,Magasin,2.0,5.0,Livree
101231,2025-05-15,2387,Lyon,Sport,Tapis de yoga,3,65.59,0,PayPal,Application mobile,8.0,5.0,Livree
103246,2025-04-14,1613,Nantes,Electronique,Enceinte bluetooth,1,183.2,0,PayPal,Site web,4.0,5.0,Retournee
103517,2025-07-30,1212,Lille,Sport,Velo,2,56.95,0,CB,Site web,11.0,5.0,Livree
104075,2024-08-26,1793,Toulouse,Maison,Etagere,5,28.64,0,PayPal,Magasin,12.0,,Livree
100810,2025-09-26,1156,Strasbourg,Electronique,Ordinateur portable,2,267.71,20,PayPal,Application mobile,6.0,5.0,Livree
104595,2024-05-25,1388,Bordeaux,Sport,Velo,1,51.05,0,PayPal,Site web,2.0,2.0,Livree
100850,2025-12-03,1419,Lille,Electronique,Ordinateur portable,1,335.58,15,PayPal,Site web,12.0,5.0,En cours
103582,2024-10-24,2112,Toulouse,Vetements,Veste,2,46.47,15,CB,Application mobile,6.0,5.0,Livree
100938,2024-09-01,1438,Lyon,Electronique,Tablette,2,259.01,30,Virement,Magasin,9.0,5.0,Livree
104206,2024-07-02,1088,Bordeaux,Electronique,Casque audio,2,350.19,10,PayPal,Application mobile,9.0,4.0,Livree
104986,2025-06-14,1290,Lyon,Electronique,Smartphone,4,327.66,0,CB,Site web,,4.0,Livree
104402,2025-12-01,1060,Strasbourg,Livres,Essai,3,8.57,30,PayPal,Application mobile,2.0,5.0,Annulee
103083,2025-07-31,1572,Marseille,Beaute,Rouge a levres,2,27.3,20,CB,Magasin,2.0,2.0,Livree
100323,2025-11-29,2317,Lyon,Sport,Halteres,2,48.8,0,Virement,Magasin,11.0,2.0,Livree
102512,2025-04-08,2028,Marseille,Sport,Tapis de yoga,1,92.61,20,CB,Site web,11.0,1.0,Retournee
104114,2024-10-10,1954,Lille,Vetements,Baskets,4,44.4,30,PayPal,Site web,10.0,,Livree
102541,2025-11-21,2129,Lyon,Electronique,Enceinte bluetooth,2,409.07,5,CB,Application mobile,9.0,,Annulee
104260,2025-11-06,1410,Toulouse,Livres,Livre de cuisine,1,14.67,15,CB,Site web,6.0,5.0,Livree
103703,2025-11-01,1691,Lyon,Maison,Tapis,4,47.17,0,Virement,Magasin,1.0,5.0,Livree
100795,2025-10-08,2350,Lyon,Livres,Essai,3,12.79,0,CB,Magasin,5.0,,Livree
102659,2024-11-02,1757,Lille,Vetements,Veste,4,45.05,30,CB,Magasin,8.0,5.0,Livree
101201,2024-01-12,1576,Strasbourg,Sport,Montre connectee,2,25.31,10,PayPal,Site web,5.0,4.0,En cours
101491,2024-07-09,1302,Lyon,Vetements,Robe,5,32.77,0,Especes,Site web,5.0,4.0,En cours
103987,2025-05-04,1891,Bordeaux,Electronique,Enceinte bluetooth,2,,0,Virement,Magasin,8.0,5.0,Livree
102284,2024-08-31,2407,Lille,Vetements,Veste,3,48.65,20,CB,Site web,13.0,4.0,Livree
104835,2024-08-14,2059,Toulouse,Vetements,Baskets,1,21.73,0,CB,Application mobile,3.0,3.0,Retournee
102982,2024-06-04,2109,Marseille,Vetements,Baskets,1,39.39,5,Virement,Site web,12.0,4.0,Retournee
100254,2024-06-29,1411,Lille,Electronique,Tablette,3,125.01,5,CB,Magasin,12.0,4.0,Livree
103524,2024-04-22,1762,Bordeaux,Electronique,Ordinateur portable,2,253.78,10,Virement,Application mobile,6.0,4.0,Livree
102898,2025-12-21,1490,Lyon,Sport,Montre connectee,5,66.55,5,CB,Application mobile,4.0,5.0,Livree
101041,2025-05-10,2415,Nantes,Sport,Montre connectee,1,53.4,10,PayPal,Site web,11.0,5.0,Livree
103692,2025-11-30,2019,Strasbourg,Livres,Roman,2,15.01,10,Especes,Site web,5.0,3.0,Livree
101012,2024-03-17,2473,Strasbourg,Beaute,Creme visage,1,14.67,10,PayPal,Magasin,10.0,3.0,Livree
101918,2025-10-28,1935,Toulouse,Electronique,Tablette,2,282.36,0,PayPal,Application mobile,13.0,4.0,Livree
100041,2024-05-15,1418,,Vetements,T-shirt,1,,15,CB,Site web,2.0,5.0,En cours
103706,2024-07-12,2139,Bordeaux,Vetements,Baskets,1,18.79,0,Virement,Site web,11.0,5.0,Livree
104706,2025-03-09,1576,Toulouse,Sport,Tapis de yoga,2,83.11,0,PayPal,Magasin,14.0,4.0,Livree
100533,2025-04-08,1705,Lille,Maison,Etagere,5,70.74,0,CB,Site web,9.0,4.0,Annulee
101404,2025-12-08,2286,Lyon,Electronique,Casque audio,3,291.39,10,CB,Magasin,8.0,4.0,Livree
104725,2025-03-04,1881,Nantes,Electronique,Casque audio,3,259.23,5,CB,Site web,3.0,3.0,Livree
103186,2024-12-16,1385,Lille,Vetements,Baskets,1,43.02,10,CB,Magasin,4.0,5.0,En cours
102212,2024-02-21,1877,Paris,Maison,Coussin,2,45.82,30,CB,Site web,12.0,4.0,En cours
103358,2025-04-30,2164,Marseille,Sport,Tapis de yoga,2,27.12,0,CB,Magasin,2.0,4.0,Livree
102995,2024-12-14,2419,Marseille,Sport,Montre connectee,2,67.45,0,Especes,Site web,9.0,5.0,Retournee
102334,2024-04-24,2012,Strasbourg,Beaute,Shampoing,1,18.48,0,Especes,Application mobile,7.0,,Livree
104116,2024-04-05,1218,Paris,Livres,BD,1,15.89,5,CB,Site web,5.0,5.0,Livree
102798,2025-11-07,1133,Lyon,Electronique,Casque audio,2,206.78,15,PayPal,Magasin,2.0,3.0,Livree
101044,2024-01-17,1251,Lille,Electronique,Enceinte bluetooth,2,165.14,20,CB,Magasin,5.0,3.0,Livree
104331,2025-09-10,1173,Lille,Beaute,Creme visage,5,18.26,0,CB,Site web,,5.0,En cours
104410,2024-06-25,2073,Paris,Vetements,Baskets,2,22.76,10,CB,Application mobile,5.0,1.0,En cours
100719,2025-01-13,1267,Nantes,Livres,Manuel scolaire,1,14.65,0,Especes,Site web,12.0,5.0,Livree
104945,2024-03-14,1975,Toulouse,Electronique,Smartphone,2,224.57,0,CB,Magasin,6.0,4.0,Livree
104346,2024-02-27,1790,Marseille,Electronique,Smartphone,1,122.42,20,Virement,Site web,5.0,5.0,Livree
100718,2025-04-10,1022,Marseille,Vetements,Robe,1,33.48,20,PayPal,Application mobile,14.0,5.0,Livree
102990,2025-09-13,2341,,Electronique,Smartphone,1,315.94,0,CB,Site web,3.0,4.0,Livree
104649,2024-09-09,2279,Toulouse,Maison,Etagere,4,32.66,15,CB,Application mobile,14.0,4.0,Annulee
103578,2024-03-17,1398,Lille,Livres,Livre de cuisine,5,16.14,15,CB,Site web,6.0,1.0,Livree
103768,2025-06-08,1243,Toulouse,Electronique,Casque audio,1,226.97,20,Virement,Application mobile,1.0,5.0,Livree
103018,2025-09-03,2172,Paris,Beaute,Serum,1,23.22,0,PayPal,Site web,6.0,4.0,Retournee
102424,2024-09-18,1801,Nantes,Maison,Set de cuisine,4,46.31,0,CB,Site web,2.0,5.0,Livree
103793,2024-10-10,2318,,Vetements,Jean,4,34.4,0,CB,Application mobile,12.0,5.0,Livree
102242,2024-09-25,1591,Paris,Maison,Lampe,1,39.68,0,Especes,Site web,7.0,5.0,Livree
102834,2025-09-20,1811,Lille,Maison,Set de cuisine,2,19.97,30,CB,Magasin,13.0,2.0,Livree
103739,2024-10-12,2349,Marseille,Livres,Roman,2,18.17,10,CB,Application mobile,6.0,5.0,Retournee
103979,2024-07-05,2024,Bordeaux,Maison,Tapis,2,56.05,0,CB,Site web,7.0,5.0,Livree
101282,2025-03-31,1652,Marseille,Electronique,Enceinte bluetooth,1,339.47,5,CB,Site web,11.0,4.0,Livree
101263,2025-07-06,2236,Nantes,Livres,Essai,3,12.87,10,CB,Application mobile,4.0,4.0,En cours
104963,2024-12-11,1011,Lyon,Maison,Tapis,1,63.14,0,CB,Site web,11.0,5.0,Livree
101824,2024-07-23,2476,Bordeaux,Maison,Tapis,1,38.36,10,PayPal,Site web,7.0,4.0,Livree
104705,2024-09-01,1919,Paris,Vetements,Veste,2,29.98,20,PayPal,Site web,1.0,4.0,Livree
103151,2024-02-25,1023,Toulouse,Vetements,T-shirt,5,59.12,0,CB,Site web,3.0,3.0,Retournee
102159,2025-05-19,1050,Nantes,Beaute,Serum,3,10.62,5,Virement,Site web,1.0,,Livree
101920,2025-12-19,1298,Lyon,Electronique,Enceinte bluetooth,1,242.78,30,CB,Magasin,10.0,3.0,Livree
102215,2024-06-10,1219,Lyon,Electronique,Tablette,1,308.36,0,Virement,Site web,1.0,4.0,Livree
104322,2024-09-04,1531,Bordeaux,Sport,Ballon,3,47.11,0,PayPal,Application mobile,2.0,2.0,Livree
101466,2025-11-18,1845,Bordeaux,Vetements,Robe,1,43.17,5,PayPal,Application mobile,1.0,3.0,Livree
104795,2025-12-09,1174,Lyon,Beaute,Shampoing,1,35.54,5,CB,Site web,3.0,3.0,Livree
101720,2024-01-18,2356,Bordeaux,Sport,Velo,3,61.27,15,PayPal,Application mobile,4.0,4.0,Livree
101297,2025-07-06,2405,Lille,Vetements,T-shirt,4,38.7,15,CB,Site web,9.0,3.0,Livree
100175,2024-07-16,2340,Bordeaux,Electronique,Tablette,4,218.12,5,CB,Magasin,7.0,4.0,En cours
101423,2025-02-20,1407,Marseille,Beaute,Serum,2,30.0,10,PayPal,Magasin,3.0,4.0,Livree
100495,2025-02-12,1664,Marseille,Livres,Livre de cuisine,1,21.6,15,PayPal,Site web,12.0,1.0,Livree
104957,2025-08-09,1004,Lyon,Beaute,Rouge a levres,5,30.06,0,Especes,Magasin,8.0,5.0,Livree
104288,2024-02-14,1560,Nantes,Electronique,Enceinte bluetooth,1,386.38,15,CB,Application mobile,2.0,2.0,Livree
101724,2024-07-18,2025,Marseille,Maison,Etagere,5,31.78,0,PayPal,Application mobile,11.0,5.0,Retournee
100318,2024-02-09,1623,Paris,Maison,Coussin,4,,30,Virement,Site web,12.0,4.0,Livree
103649,2025-01-05,2034,Lille,Sport,Velo,2,59.12,0,CB,Site web,7.0,4.0,Livree
100992,2024-07-01,1051,Paris,Sport,Ballon,3,77.36,0,Especes,Site web,2.0,5.0,Livree
104411,2025-03-01,1605,Paris,Beaute,Shampoing,3,29.76,10,CB,Magasin,8.0,4.0,Livree
102174,2024-03-30,2000,Toulouse,Maison,Etagere,4,40.56,10,PayPal,Magasin,11.0,2.0,Livree
100008,2024-10-05,1039,,Vetements,Jean,5,41.3,0,PayPal,Site web,11.0,5.0,En cours
100071,2025-02-12,1276,Strasbourg,Electronique,Enceinte bluetooth,4,418.48,10,CB,Site web,5.0,4.0,Livree
104138,2025-06-03,1474,Lille,Beaute,Rouge a levres,3,20.01,0,CB,Application mobile,11.0,5.0,Retournee
100637,2025-05-09,2045,Lille,Vetements,T-shirt,1,12.44,0,PayPal,Site web,4.0,4.0,En cours
101140,2025-02-24,2213,Strasbourg,Maison,Tapis,4,37.76,5,CB,Site web,5.0,2.0,Livree
101617,2024-11-21,2327,Strasbourg,Maison,Set de cuisine,1,32.12,0,CB,Application mobile,5.0,3.0,Retournee
101529,2025-03-22,1507,Paris,Electronique,Casque audio,1,348.54,10,PayPal,Site web,8.0,3.0,Livree
101912,2024-08-01,1310,Lyon,Electronique,Smartphone,1,263.03,15,Especes,Site web,4.0,5.0,Livree
100228,2025-05-05,1448,Strasbourg,Sport,Halteres,4,60.89,30,Virement,Site web,8.0,5.0,Livree
103693,2024-02-08,1838,Paris,Livres,BD,5,15.29,30,CB,Application mobile,11.0,5.0,Livree
100801,2024-03-27,2053,Lyon,Electronique,Enceinte bluetooth,1,284.64,0,CB,Magasin,6.0,,Annulee
104885,2025-11-12,1288,Strasbourg,Electronique,Ordinateur portable,5,202.91,20,CB,Site web,14.0,5.0,Livree
102152,2025-11-27,2160,Paris,Maison,Coussin,4,52.72,20,CB,Site web,6.0,5.0,Livree
102258,2025-08-29,2355,Lille,Livres,BD,1,16.15,10,CB,Site web,1.0,4.0,Livree
100140,2024-06-17,2351,Bordeaux,Maison,Tapis,1,59.89,20,PayPal,Magasin,1.0,5.0,Livree
104813,2025-08-28,1539,Paris,Electronique,Ordinateur portable,2,370.79,0,CB,Site web,9.0,5.0,Retournee
103137,2024-05-16,2391,Lille,Maison,Lampe,1,48.83,5,CB,Magasin,1.0,5.0,Livree
101922,2025-03-13,1250,Marseille,Maison,Coussin,4,44.49,10,Virement,Application mobile,11.0,5.0,Livree
104505,2025-09-03,1766,Lille,Maison,Set de cuisine,2,58.77,5,CB,Site web,12.0,4.0,Livree
104947,2025-05-22,2137,Paris,Livres,BD,2,16.48,0,PayPal,Site web,9.0,4.0,Livree
100536,2025-02-08,1765,Toulouse,Vetements,Baskets,1,32.42,0,CB,Site web,10.0,3.0,Retournee
100409,2025-05-21,1855,Toulouse,Vetements,T-shirt,4,38.66,0,Virement,Site web,7.0,5.0,Livree
102828,2024-12-07,1972,Lille,Maison,Tapis,1,34.82,20,Especes,Site web,11.0,4.0,Livree
102398,2024-03-05,2103,Paris,Vetements,Veste,2,25.9,30,CB,Application mobile,9.0,4.0,Livree
102494,2025-07-06,1866,Nantes,Maison,Set de cuisine,1,30.26,15,Virement,Application mobile,4.0,4.0,Livree
104519,2025-12-01,1999,Marseille,Livres,Essai,2,10.09,20,CB,Application mobile,12.0,5.0,Livree
102338,2024-05-10,1205,Paris,Sport,Halteres,2,83.56,0,CB,Application mobile,8.0,5.0,En cours
101935,2024-03-28,2227,Lyon,Sport,Tapis de yoga,5,26.04,0,PayPal,Site web,14.0,3.0,Livree
104303,2025-09-24,1576,Paris,Electronique,Ordinateur portable,3,346.88,15,Especes,Site web,5.0,4.0,Livree
102364,2025-04-23,1872,Lille,Beaute,Parfum,1,22.06,30,CB,Magasin,14.0,5.0,En cours
104767,2024-11-06,2450,Lyon,Beaute,Shampoing,3,30.12,0,CB,Application mobile,9.0,5.0,Livree
101860,2024-05-08,1893,Lille,Maison,Lampe,2,40.2,30,CB,Application mobile,4.0,,Annulee
101168,2024-09-27,1669,Bordeaux,Sport,Montre connectee,1,43.72,0,CB,Site web,2.0,5.0,Livree
103816,2024-02-11,1197,Lyon,Maison,Etagere,1,44.75,30,CB,Site web,8.0,5.0,Livree
102918,2024-03-29,1147,Paris,Electronique,Casque audio,2,209.59,30,CB,Application mobile,4.0,4.0,Livree
100835,2025-04-15,1257,Paris,Electronique,Casque audio,5,244.87,10,CB,Application mobile,9.0,5.0,Livree
100563,2024-09-21,1410,Marseille,Vetements,T-shirt,3,22.87,0,CB,Site web,2.0,5.0,Livree
104151,2024-07-02,1397,Toulouse,Livres,Essai,2,13.79,0,CB,Magasin,5.0,5.0,Livree
102549,2024-01-31,2442,Strasbourg,Electronique,Enceinte bluetooth,3,344.24,15,CB,Application mobile,5.0,4.0,Livree
102693,2025-07-16,2374,Lyon,Sport,Velo,3,39.85,0,PayPal,Application mobile,7.0,3.0,Livree
102380,2025-01-05,2288,Paris,Livres,Livre de cuisine,4,14.6,5,Especes,Application mobile,12.0,4.0,Livree
104520,2024-05-13,1766,Nantes,Beaute,Creme visage,2,16.25,10,PayPal,Magasin,1.0,4.0,Livree
104087,2024-03-04,2203,Lille,Maison,Set de cuisine,1,51.06,0,Virement,Site web,4.0,4.0,Livree
104799,2025-01-14,1638,Bordeaux,Sport,Ballon,3,80.9,0,CB,Magasin,10.0,4.0,Retournee
103640,2025-10-22,1989,Marseille,Maison,Etagere,3,34.06,15,PayPal,Site web,3.0,3.0,En cours
104720,2024-01-15,2437,Toulouse,Maison,Lampe,2,46.85,20,Especes,Site web,11.0,4.0,En cours
103457,2025-09-25,1983,Marseille,Vetements,Jean,3,37.79,0,Especes,Application mobile,13.0,5.0,Annulee
104786,2024-04-26,1352,Marseille,Electronique,Casque audio,3,345.15,20,CB,Site web,9.0,,Livree
100441,2025-02-07,1817,Lille,Maison,Set de cuisine,2,52.09,15,CB,Site web,3.0,3.0,Livree
100264,2025-03-13,1376,Bordeaux,Vetements,Jean,5,43.35,0,PayPal,Site web,11.0,4.0,En cours
103099,2025-10-30,1842,Bordeaux,Maison,Coussin,1,71.81,0,CB,Application mobile,13.0,5.0,Livree
104864,2025-03-14,2353,Lille,Electronique,Smartphone,4,239.18,0,CB,Site web,10.0,5.0,Livree
102979,2024-06-27,2078,Bordeaux,Maison,Lampe,1,40.88,15,PayPal,Site web,3.0,2.0,Livree
102667,2024-07-16,1101,Lille,Electronique,Tablette,3,262.23,15,CB,Site web,14.0,3.0,En cours
100062,2025-08-21,1894,Nantes,Electronique,Casque audio,5,104.5,20,CB,Site web,10.0,5.0,Retournee
104886,2024-12-22,2490,Lille,Electronique,Smartphone,5,105.17,0,CB,Application mobile,8.0,5.0,Livree
102825,2025-04-26,1748,Nantes,Sport,Velo,1,73.85,15,Virement,Application mobile,4.0,4.0,Livree
100870,2025-09-21,1970,,Electronique,Tablette,4,285.4,0,CB,Application mobile,2.0,5.0,En cours
104004,2025-07-07,2069,Marseille,Livres,Essai,1,19.96,0,CB,Site web,2.0,4.0,Annulee
100716,2024-04-20,1450,Marseille,Beaute,Creme visage,1,22.84,20,CB,Application mobile,12.0,4.0,Livree
100724,2024-12-07,2464,Strasbourg,Sport,Velo,4,87.05,0,CB,Magasin,8.0,5.0,Livree
102497,2024-05-18,1846,Nantes,Electronique,Ordinateur portable,1,85.33,20,CB,Site web,3.0,3.0,Livree
103117,2024-04-14,1237,Toulouse,Electronique,Ordinateur portable,5,310.63,0,CB,Site web,1.0,4.0,Livree
103360,2025-05-17,1771,Lille,Sport,Halteres,4,78.7,15,Especes,Site web,13.0,4.0,Livree
103678,2024-08-17,1426,Paris,Vetements,Robe,1,28.3,10,Especes,Site web,5.0,5.0,Livree
101861,2025-12-23,1669,Marseille,Maison,Coussin,2,,5,CB,Site web,1.0,5.0,Livree
104853,2025-09-28,1602,Toulouse,Vetements,T-shirt,5,24.65,10,PayPal,Application mobile,11.0,5.0,Livree
104614,2025-05-02,2139,Lyon,Vetements,Jean,3,25.76,30,PayPal,Site web,4.0,5.0,Livree
102812,2025-02-11,1591,Nantes,Beaute,Rouge a levres,1,19.73,0,CB,Site web,1.0,3.0,Livree
100908,2024-11-01,1795,Paris,Electronique,Tablette,2,101.17,0,CB,Application mobile,4.0,5.0,Livree
104053,2024-09-17,1169,Marseille,Vetements,T-shirt,1,43.17,20,CB,Site web,5.0,4.0,En cours
102285,2024-11-08,2410,Paris,Electronique,Enceinte bluetooth,5,363.28,0,CB,Magasin,3.0,4.0,Livree
104005,2024-12-25,1249,Strasbourg,Electronique,Smartphone,5,210.82,5,CB,Application mobile,10.0,4.0,Livree
103126,2025-10-20,2156,Nantes,Maison,Etagere,5,34.43,20,CB,Site web,3.0,2.0,Retournee
100749,2025-07-16,1237,Lille,Sport,Montre connectee,2,33.07,30,CB,Site web,14.0,5.0,Livree
100314,2025-09-04,1945,Bordeaux,Sport,Tapis de yoga,1,54.49,0,CB,Site web,14.0,,En cours
100625,2025-10-13,1008,Strasbourg,Vetements,Baskets,1,32.21,0,PayPal,Magasin,14.0,5.0,Livree
103985,2025-10-17,2251,Paris,Vetements,T-shirt,3,46.18,0,CB,Application mobile,2.0,3.0,Livree
103256,2024-08-01,2436,Strasbourg,Electronique,Smartphone,4,173.45,5,CB,Magasin,6.0,2.0,Livree
103542,2024-10-24,1643,Lyon,Beaute,Parfum,3,13.34,15,CB,Site web,12.0,5.0,Livree
103503,2024-08-27,2442,Bordeaux,Electronique,Ordinateur portable,1,279.01,30,CB,Site web,8.0,5.0,Annulee
102180,2024-05-04,1061,Lyon,Electronique,Enceinte bluetooth,1,326.13,20,Virement,Site web,1.0,5.0,Livree
102501,2025-04-08,2237,Lyon,Vetements,Robe,1,39.38,30,Virement,Site web,8.0,4.0,Livree
101793,2025-08-22,1308,Bordeaux,Sport,Velo,1,34.05,15,CB,Site web,11.0,3.0,Livree
101470,2025-08-30,2020,Bordeaux,Electronique,Tablette,3,304.2,0,CB,Application mobile,9.0,4.0,Annulee
100134,2024-06-10,1841,Strasbourg,Vetements,Robe,1,33.25,0,PayPal,Magasin,11.0,3.0,Livree
104470,2025-04-15,2060,Strasbourg,Electronique,Smartphone,2,282.9,30,PayPal,Magasin,4.0,2.0,Livree
103661,2024-09-11,2463,Lyon,Beaute,Creme visage,2,30.78,15,PayPal,Magasin,9.0,5.0,Livree
100243,2024-12-07,1280,Strasbourg,Beaute,Shampoing,1,20.75,15,PayPal,Site web,5.0,5.0,Livree
101504,2024-04-27,1374,Marseille,Maison,Tapis,4,39.79,30,Virement,Magasin,10.0,4.0,Livree
103495,2025-08-15,1561,Toulouse,Beaute,Shampoing,4,20.61,15,PayPal,Site web,8.0,,Annulee
101050,2024-10-31,1820,Paris,Livres,Manuel scolaire,1,13.72,5,PayPal,Application mobile,11.0,,Annulee
104691,2025-10-29,1909,Bordeaux,Electronique,Enceinte bluetooth,1,320.81,5,PayPal,Site web,5.0,4.0,Livree
102589,2024-12-21,1791,Lyon,Livres,Roman,3,16.04,30,CB,Application mobile,14.0,4.0,Livree
104070,2025-01-18,1775,Marseille,Electronique,Ordinateur portable,5,144.48,10,Especes,Site web,10.0,5.0,Livree
101142,2024-03-29,2115,Strasbourg,Livres,Essai,2,,5,CB,Application mobile,8.0,3.0,Livree
101127,2025-12-10,2166,Paris,Electronique,Tablette,1,359.96,0,Especes,Application mobile,11.0,3.0,Livree
104659,2025-02-19,2465,Nantes,Electronique,Casque audio,2,209.74,0,Especes,Application mobile,10.0,4.0,Retournee
100123,2025-07-19,1982,Strasbourg,Beaute,Shampoing,1,13.15,0,CB,Magasin,10.0,2.0,Livree
101400,2025-10-12,2049,Lyon,Electronique,Tablette,2,218.61,15,Virement,Site web,3.0,2.0,Livree
103153,2024-07-10,1332,Lille,Maison,Etagere,2,21.29,0,PayPal,Site web,10.0,5.0,En cours
100407,2025-05-02,1625,Lille,Beaute,Rouge a levres,4,27.98,30,CB,Application mobile,11.0,2.0,Livree
100880,2025-01-31,1052,Lille,Beaute,Parfum,4,20.66,5,CB,Application mobile,2.0,4.0,Livree
104360,2025-06-27,2268,Nantes,Livres,Essai,5,21.63,0,CB,Magasin,14.0,3.0,Livree
101773,2025-04-16,1777,Paris,Maison,Coussin,5,29.57,30,CB,Site web,10.0,3.0,Livree
100202,2025-07-06,1690,Bordeaux,Sport,Tapis de yoga,2,56.6,20,PayPal,Application mobile,14.0,5.0,Livree
100028,2024-09-25,1179,Marseille,Sport,Halteres,1,49.54,10,Virement,Site web,8.0,5.0,Livree
101206,2024-07-08,2042,Lille,Livres,Livre de cuisine,1,17.76,0,CB,Site web,13.0,5.0,Livree
101934,2025-09-09,1359,Lille,Vetements,Robe,3,29.23,30,CB,Application mobile,4.0,4.0,Annulee
102404,2024-04-10,1042,Marseille,Vetements,T-shirt,1,30.27,0,CB,Site web,3.0,3.0,Livree
101585,2025-06-14,1793,Bordeaux,Beaute,Creme visage,1,12.12,5,Virement,Application mobile,8.0,4.0,Livree
101185,2024-09-23,1246,Paris,Sport,Velo,2,68.44,30,CB,Application mobile,3.0,5.0,En cours
101199,2025-02-23,2417,Toulouse,Sport,Ballon,2,75.73,15,Virement,Site web,13.0,1.0,Livree
102586,2025-05-27,2496,Bordeaux,Livres,Manuel scolaire,2,16.32,0,Especes,Site web,10.0,3.0,En cours
104587,2025-10-11,1473,Lille,Sport,Ballon,1,77.43,0,PayPal,Site web,14.0,,Livree
102836,2024-08-09,2041,Lille,Electronique,Casque audio,3,364.61,0,CB,Magasin,4.0,5.0,Livree
100911,2024-01-18,2047,Marseille,Maison,Etagere,5,39.3,10,CB,Site web,8.0,5.0,Livree
104684,2024-05-26,1057,Strasbourg,Livres,Essai,4,18.22,20,PayPal,Site web,6.0,5.0,Retournee
102382,2025-10-11,2056,Marseille,Vetements,Baskets,3,27.93,0,CB,Magasin,5.0,3.0,En cours
103168,2025-04-14,1626,Nantes,Livres,Manuel scolaire,4,13.88,10,Especes,Magasin,1.0,5.0,Livree
103084,2024-03-16,1070,Marseille,Vetements,Jean,2,41.08,10,CB,Application mobile,8.0,,Livree
104837,2025-08-25,1481,Bordeaux,Electronique,Ordinateur portable,5,202.23,5,CB,Application mobile,8.0,,Livree
101090,2024-06-02,1691,Strasbourg,Beaute,Serum,4,24.25,0,CB,Application mobile,4.0,5.0,En cours
103118,2025-06-01,2498,Lyon,Sport,Halteres,3,58.22,0,CB,Application mobile,2.0,2.0,Retournee
104897,2025-12-11,1385,Strasbourg,Maison,Etagere,1,29.15,0,Especes,Magasin,3.0,5.0,Livree
103631,2025-11-08,1017,Paris,Vetements,T-shirt,1,39.98,15,Virement,Application mobile,13.0,5.0,Livree
100964,2024-02-20,1925,Lyon,Electronique,Enceinte bluetooth,1,292.19,5,CB,Magasin,3.0,5.0,En cours
100542,2024-09-27,2499,Marseille,Beaute,Parfum,2,,5,CB,Magasin,7.0,5.0,Livree
104459,2025-08-24,1874,Toulouse,Sport,Ballon,1,45.12,15,PayPal,Site web,8.0,5.0,Livree
100914,2024-03-08,1002,Lille,Electronique,Tablette,5,174.23,0,PayPal,Magasin,4.0,,Annulee
103109,2025-05-04,2427,Lyon,Electronique,Ordinateur portable,1,251.96,0,PayPal,Application mobile,7.0,5.0,Livree
101354,2024-09-10,1212,Nantes,Electronique,Tablette,2,275.16,30,PayPal,Magasin,13.0,4.0,Livree
102263,2024-11-05,2293,Toulouse,Electronique,Smartphone,1,167.34,0,PayPal,Magasin,3.0,5.0,En cours
101882,2025-07-13,1074,Lille,Maison,Coussin,2,31.77,0,PayPal,Site web,11.0,4.0,Livree
100458,2025-03-16,2463,Nantes,Maison,Etagere,5,57.01,0,Virement,Application mobile,14.0,4.0,Annulee
103413,2025-09-04,1888,Marseille,Electronique,Enceinte bluetooth,1,389.18,30,CB,Magasin,7.0,5.0,Livree
104370,2025-11-06,1876,Paris,Vetements,Baskets,1,41.3,20,CB,Application mobile,8.0,4.0,Livree
102650,2025-12-28,2165,Toulouse,Sport,Halteres,2,31.59,0,CB,Site web,12.0,4.0,Livree
104541,2024-07-04,1133,Marseille,Electronique,Casque audio,1,,30,Especes,Magasin,7.0,5.0,Livree
103045,2024-06-23,1188,Bordeaux,Beaute,Parfum,2,22.5,0,Especes,Site web,3.0,3.0,Annulee
102367,2025-06-05,2112,Lille,Sport,Ballon,2,74.59,5,CB,Magasin,1.0,,En cours
101586,2024-02-03,1284,Marseille,Livres,Livre de cuisine,4,14.36,20,Especes,Magasin,11.0,4.0,Livree
102839,2024-09-06,1855,Lyon,Beaute,Serum,2,29.39,0,PayPal,Application mobile,2.0,3.0,Retournee
102134,2024-03-02,1786,Lyon,Electronique,Casque audio,1,226.13,30,CB,Site web,6.0,5.0,Livree
104687,2024-02-14,1785,Lille,Sport,Ballon,2,63.49,20,CB,Site web,13.0,4.0,Retournee
102633,2024-09-11,1918,Lyon,Vetements,Jean,3,41.64,20,CB,Application mobile,10.0,3.0,Livree
101326,2025-07-11,2007,Nantes,Electronique,Ordinateur portable,5,269.54,15,CB,Application mobile,10.0,5.0,Livree
102106,2025-03-10,2497,Lille,Sport,Halteres,2,72.62,5,CB,Magasin,9.0,,Livree
103040,2024-02-06,2371,Lille,Vetements,Baskets,2,41.03,0,Virement,Magasin,2.0,5.0,Livree
102574,2024-06-02,2013,Nantes,Livres,Manuel scolaire,1,13.67,5,CB,Application mobile,10.0,3.0,Livree
104830,2024-03-24,1925,Lyon,Maison,Lampe,2,41.98,0,CB,Site web,3.0,5.0,En cours
103955,2025-05-20,2333,Nantes,Vetements,T-shirt,1,20.47,0,PayPal,Application mobile,3.0,5.0,Livree
104391,2025-08-27,2027,Toulouse,Vetements,Robe,2,37.15,5,CB,Application mobile,8.0,4.0,Livree
103130,2025-07-24,1770,Bordeaux,Maison,Coussin,3,45.86,15,CB,Site web,13.0,5.0,En cours
101801,2024-12-20,1939,Lyon,Electronique,Ordinateur portable,1,257.94,20,CB,Site web,13.0,4.0,Livree
104044,2025-06-17,2365,Bordeaux,Electronique,Enceinte bluetooth,3,305.71,0,PayPal,Application mobile,10.0,5.0,Livree
104904,2025-11-25,1298,Marseille,Sport,Halteres,2,57.83,20,CB,Magasin,1.0,4.0,Livree
104775,2025-12-22,1110,Lille,Electronique,Ordinateur portable,1,372.99,10,Virement,Site web,3.0,5.0,Livree
102920,2024-04-08,2331,Lyon,Maison,Tapis,2,64.32,0,CB,Site web,13.0,,Annulee
103941,2024-06-25,1081,Strasbourg,Maison,Tapis,3,42.9,5,Virement,Magasin,13.0,4.0,Livree
104238,2024-05-23,1504,Toulouse,Electronique,Enceinte bluetooth,3,345.82,15,PayPal,Site web,11.0,2.0,Livree
102463,2025-05-17,1322,Lyon,Electronique,Ordinateur portable,3,293.91,0,PayPal,Site web,9.0,4.0,Livree
102078,2025-02-04,1942,Nantes,Electronique,Tablette,1,246.04,0,PayPal,Site web,14.0,3.0,Livree
101461,2025-08-25,2103,Toulouse,Electronique,Casque audio,2,319.35,20,Especes,Magasin,13.0,3.0,Livree
100278,2024-04-03,1311,Strasbourg,Electronique,Tablette,5,317.52,10,CB,Application mobile,5.0,,Annulee
103371,2025-08-11,1847,Bordeaux,Livres,Essai,2,22.05,15,CB,Site web,12.0,4.0,Livree
104109,2025-04-07,2422,Lyon,Maison,Tapis,4,27.29,15,PayPal,Application mobile,4.0,3.0,Livree
100692,2025-10-22,1462,Strasbourg,Vetements,Baskets,1,48.27,20,Virement,Site web,5.0,5.0,Livree
101886,2025-01-17,1378,Nantes,Vetements,Baskets,1,47.77,30,PayPal,Site web,1.0,5.0,Livree
101169,2025-02-01,1364,Lille,Maison,Etagere,2,16.98,5,PayPal,Site web,8.0,5.0,Livree
104783,2024-10-08,1940,Lille,Maison,Etagere,2,61.41,10,CB,Site web,7.0,1.0,Livree
101281,2024-06-08,1545,Nantes,Maison,Set de cuisine,4,29.23,15,CB,Site web,6.0,5.0,Livree
101327,2024-08-13,1856,Paris,Electronique,Tablette,2,156.38,5,CB,Site web,13.0,3.0,Livree
103025,2024-07-11,1600,Marseille,Sport,Ballon,2,64.55,30,PayPal,Site web,7.0,5.0,Livree
102135,2024-05-07,1897,Bordeaux,Sport,Velo,2,57.84,5,Virement,Application mobile,,5.0,Livree
103872,2025-02-22,1860,Lille,Electronique,Smartphone,5,300.69,0,PayPal,Site web,3.0,,Livree
102961,2025-08-08,2058,Lyon,Maison,Lampe,1,30.98,0,CB,Magasin,8.0,4.0,Livree
102381,2024-09-17,2118,Lille,Electronique,Tablette,5,366.06,5,PayPal,Site web,6.0,5.0,Livree
101533,2024-01-19,2489,Marseille,Livres,Roman,3,16.7,15,CB,Site web,9.0,4.0,Livree
103489,2025-12-02,1545,Marseille,Sport,Montre connectee,3,55.74,0,Virement,Site web,7.0,5.0,Retournee
104883,2025-10-02,2172,Lille,Sport,Ballon,4,63.15,10,PayPal,Magasin,8.0,3.0,Livree
104668,2024-12-23,2222,Lille,Beaute,Serum,2,18.37,0,Especes,Application mobile,10.0,5.0,Livree
101269,2024-12-16,1418,Toulouse,Beaute,Shampoing,3,23.54,10,PayPal,Site web,11.0,3.0,Livree
104055,2025-10-01,1361,Marseille,Vetements,Veste,2,17.9,0,Virement,Site web,11.0,4.0,Retournee
101884,2025-08-24,1233,Lyon,Vetements,Veste,2,10.17,15,CB,Application mobile,6.0,4.0,Livree
102819,2025-09-21,1241,Strasbourg,Electronique,Casque audio,1,270.44,0,CB,Site web,8.0,4.0,Livree
102561,2024-01-22,1341,Paris,Maison,Set de cuisine,5,23.9,0,CB,Application mobile,14.0,,Livree
101376,2024-06-26,1834,Strasbourg,Maison,Set de cuisine,1,35.09,0,CB,Magasin,2.0,3.0,Livree
100478,2024-06-17,2300,Lille,Electronique,Casque audio,2,212.22,30,CB,Site web,9.0,4.0,Livree
104770,2024-10-03,1881,Paris,Maison,Coussin,1,27.86,5,Virement,Site web,12.0,5.0,En cours
102488,2025-09-05,1164,Strasbourg,Electronique,Smartphone,3,304.67,0,PayPal,Magasin,9.0,2.0,Livree
102054,2024-10-05,2017,Bordeaux,Sport,Ballon,4,66.38,15,CB,Application mobile,2.0,3.0,Livree
102453,2024-05-21,2220,Nantes,Electronique,Smartphone,1,331.45,0,CB,Site web,8.0,4.0,Livree
102003,2025-12-16,2077,Nantes,Sport,Velo,2,66.08,15,Virement,Site web,10.0,2.0,Livree
101005,2024-03-03,1685,Lyon,Vetements,Veste,1,20.11,5,PayPal,Magasin,4.0,5.0,En cours
103929,2024-01-14,1329,Marseille,Electronique,Casque audio,2,330.99,0,PayPal,Magasin,4.0,1.0,Livree
102887,2024-08-01,2098,Marseille,Maison,Tapis,3,39.02,15,CB,Site web,14.0,4.0,Retournee
100392,2024-12-23,1245,Bordeaux,Vetements,Jean,4,23.44,0,PayPal,Site web,9.0,4.0,Livree
100317,2024-07-31,1290,Strasbourg,Maison,Tapis,1,53.07,0,CB,Application mobile,8.0,3.0,Livree
103275,2024-12-30,2038,Paris,Maison,Etagere,2,30.19,0,CB,Site web,4.0,,Annulee
102983,2025-01-12,1614,Nantes,Beaute,Rouge a levres,4,27.09,0,CB,Magasin,1.0,3.0,Livree
102601,2024-04-04,1698,Paris,Sport,Velo,4,37.38,0,PayPal,Site web,4.0,4.0,En cours
101349,2024-09-01,2346,Paris,Electronique,Smartphone,2,259.39,0,CB,Site web,9.0,,Annulee
104563,2025-05-31,2158,Marseille,Sport,Velo,2,71.02,0,CB,Magasin,2.0,,Retournee
103331,2025-02-23,1887,Toulouse,Electronique,Casque audio,1,206.8,0,PayPal,Site web,4.0,2.0,Annulee
102930,2024-04-06,1284,Paris,Vetements,Robe,1,41.04,0,Virement,Site web,6.0,5.0,Livree
102573,2025-05-29,1588,Bordeaux,Maison,Lampe,5,48.73,5,CB,Application mobile,11.0,4.0,Livree
104181,2024-01-26,1715,Lyon,Maison,Coussin,4,35.07,15,CB,Site web,10.0,5.0,Livree
103282,2025-04-14,1172,Toulouse,Sport,Ballon,4,91.32,20,CB,Application mobile,2.0,4.0,Livree
102895,2024-03-03,1496,Bordeaux,Livres,Livre de cuisine,1,13.76,0,CB,Application mobile,3.0,4.0,Livree
102429,2024-04-30,1325,Marseille,Electronique,Enceinte bluetooth,4,360.9,0,CB,Site web,1.0,4.0,Livree
100149,2025-05-18,1820,Toulouse,Electronique,Casque audio,1,266.75,5,CB,Magasin,2.0,3.0,Livree
102868,2025-04-16,2496,Marseille,Livres,Roman,1,12.08,0,CB,Site web,10.0,4.0,Livree
101975,2025-05-15,1786,Paris,Electronique,Ordinateur portable,5,200.55,0,CB,Site web,7.0,5.0,Livree
103286,2025-06-20,1816,Marseille,Electronique,Smartphone,3,133.75,5,CB,Site web,4.0,5.0,Livree
104929,2024-12-07,2248,Strasbourg,Beaute,Parfum,5,12.27,5,CB,Application mobile,13.0,3.0,Livree
103307,2024-10-03,2404,Marseille,Maison,Lampe,5,61.82,5,CB,Application mobile,1.0,1.0,Livree
101619,2025-02-12,1353,Paris,Vetements,Robe,5,22.49,15,CB,Site web,14.0,4.0,En cours
102316,2025-08-26,1985,Lyon,Livres,Livre de cuisine,1,7.66,0,PayPal,Application mobile,13.0,5.0,Livree
101386,2024-07-21,1885,Lyon,Maison,Lampe,2,46.89,0,CB,Application mobile,1.0,5.0,Livree
103879,2025-12-05,1234,Nantes,Vetements,Jean,5,29.95,20,CB,Magasin,2.0,4.0,Livree
101079,2025-02-02,1622,Bordeaux,Electronique,Casque audio,1,242.2,10,Virement,Application mobile,7.0,3.0,Livree
102760,2025-07-28,2174,Paris,Maison,Lampe,3,47.04,5,CB,Application mobile,11.0,2.0,Livree
102517,2024-06-24,1503,Lille,Maison,Coussin,3,47.96,0,CB,Site web,10.0,,Livree
103056,2025-12-10,1351,Toulouse,Maison,Lampe,2,35.65,0,PayPal,Application mobile,8.0,4.0,Livree
102702,2025-07-08,1560,Lille,Maison,Coussin,2,57.49,0,Virement,Application mobile,8.0,5.0,Livree
100731,2025-05-24,1952,Lille,Livres,Manuel scolaire,1,18.67,30,Especes,Site web,12.0,4.0,Retournee
102055,2024-08-08,2220,Paris,Beaute,Shampoing,2,36.71,20,Virement,Site web,6.0,5.0,Livree
104417,2024-12-31,1400,Strasbourg,Electronique,Enceinte bluetooth,1,81.46,10,CB,Site web,3.0,,Livree
101047,2025-10-15,1854,Lyon,Maison,Lampe,4,36.63,0,CB,Application mobile,11.0,4.0,Livree
103043,2025-06-12,2141,Nantes,Maison,Coussin,2,31.02,0,PayPal,Site web,2.0,,Livree
103563,2025-12-15,1546,Nantes,Beaute,Creme visage,1,16.55,5,CB,Magasin,8.0,5.0,Livree
102945,2025-05-11,1570,Nantes,Livres,Livre de cuisine,5,,30,CB,Magasin,14.0,1.0,Livree
101132,2024-03-11,1324,Nantes,Electronique,Tablette,5,333.34,30,Virement,Application mobile,6.0,5.0,Livree
100059,2024-12-06,1966,Lyon,Sport,Halteres,5,45.87,0,CB,Site web,8.0,4.0,En cours
103625,2024-07-07,1035,Nantes,Beaute,Creme visage,2,21.72,20,CB,Magasin,5.0,5.0,En cours
103226,2025-01-24,1745,Lille,Beaute,Creme visage,2,24.21,10,PayPal,Site web,10.0,,Livree
103268,2024-12-14,2057,Lille,Maison,Tapis,2,32.88,30,PayPal,Site web,12.0,3.0,Livree
101526,2025-04-19,1718,,Beaute,Parfum,1,13.98,20,CB,Application mobile,8.0,4.0,Livree
100370,2025-12-27,1051,Toulouse,Vetements,Jean,1,28.76,30,CB,Magasin,10.0,4.0,Livree
100404,2024-12-04,2110,Nantes,Livres,Manuel scolaire,2,13.6,20,CB,Application mobile,10.0,4.0,En cours
101241,2025-03-21,1265,Lille,Electronique,Ordinateur portable,3,289.6,20,CB,Site web,1.0,5.0,Annulee
103176,2024-10-13,1054,Bordeaux,Sport,Velo,2,52.07,30,PayPal,Site web,7.0,2.0,Livree
103547,2024-09-20,1513,Paris,Electronique,Smartphone,4,313.9,0,Especes,Application mobile,10.0,4.0,Retournee
104724,2025-09-02,2164,Lille,Electronique,Smartphone,2,415.23,5,CB,Site web,1.0,2.0,Livree
103385,2024-02-21,1186,Lille,Sport,Halteres,3,76.78,15,Especes,Site web,3.0,4.0,Retournee
104667,2025-08-09,2197,Lille,Maison,Set de cuisine,2,57.4,0,CB,Site web,8.0,4.0,Livree
102359,2024-04-02,2494,Marseille,Livres,Essai,3,16.86,5,Especes,Site web,11.0,,Annulee
104976,2025-12-03,2449,Strasbourg,Sport,Halteres,2,50.46,0,CB,Application mobile,2.0,3.0,Livree
104690,2025-06-26,2272,Lille,Vetements,T-shirt,1,25.39,0,CB,Site web,4.0,4.0,Livree
103723,2025-12-23,1163,Toulouse,Sport,Halteres,3,43.44,0,CB,Site web,12.0,4.0,Livree
103370,2024-12-06,1534,Nantes,Sport,Ballon,2,58.23,0,PayPal,Application mobile,7.0,4.0,Livree
103031,2024-05-10,1861,Bordeaux,Beaute,Serum,5,23.26,0,Especes,Site web,12.0,3.0,Livree
101852,2025-02-24,1049,Lyon,Maison,Etagere,2,63.71,20,CB,Site web,9.0,4.0,Livree
104251,2024-05-09,2436,Bordeaux,Maison,Etagere,1,48.79,30,CB,Application mobile,6.0,,Livree
101656,2024-07-16,1246,Lyon,Vetements,Jean,1,40.72,5,Virement,Site web,14.0,3.0,Livree
100597,2025-09-14,1196,Lyon,Electronique,Enceinte bluetooth,1,204.82,5,Especes,Site web,1.0,4.0,Livree
103562,2024-03-30,2273,Strasbourg,Vetements,Robe,3,37.9,5,CB,Site web,6.0,2.0,Livree
102355,2025-08-25,2433,Lyon,Electronique,Casque audio,1,198.55,30,Especes,Site web,14.0,3.0,Livree
100464,2024-09-22,1171,Toulouse,Beaute,Creme visage,5,12.46,0,Especes,Site web,1.0,4.0,Livree
101948,2024-06-16,2083,Nantes,Maison,Lampe,1,45.39,0,PayPal,Magasin,10.0,5.0,Livree
103400,2025-04-13,1236,Lyon,Beaute,Shampoing,5,20.96,0,CB,Site web,10.0,5.0,Livree
104866,2024-09-21,1869,Lyon,Vetements,Baskets,5,,0,CB,Magasin,4.0,5.0,Livree
104631,2024-11-12,1564,Toulouse,Electronique,Tablette,2,274.76,5,Especes,Site web,4.0,4.0,Livree
102830,2025-03-14,1849,Lyon,Maison,Etagere,1,64.35,0,CB,Site web,14.0,4.0,Annulee
104086,2025-05-27,1390,Bordeaux,Maison,Etagere,2,54.52,5,CB,Magasin,8.0,4.0,Livree
104160,2025-05-22,2215,Paris,Electronique,Enceinte bluetooth,3,296.8,0,CB,Site web,5.0,,Annulee
104933,2025-11-01,1136,Marseille,Electronique,Smartphone,4,202.61,20,PayPal,Application mobile,4.0,5.0,Livree
103033,2024-09-26,1792,Strasbourg,Maison,Tapis,2,56.75,30,CB,Application mobile,1.0,5.0,Livree
103753,2025-06-13,1174,Strasbourg,Maison,Etagere,3,72.15,15,PayPal,Magasin,9.0,4.0,Livree
103251,2024-02-18,2025,Lyon,Sport,Tapis de yoga,2,77.45,0,Virement,Site web,5.0,4.0,Livree
102605,2025-11-10,1812,,Electronique,Casque audio,1,363.79,0,Virement,Site web,11.0,5.0,Livree
100000,2025-05-29,1859,Nantes,Electronique,Ordinateur portable,4,153.27,20,CB,Magasin,13.0,4.0,Livree
102245,2024-08-23,2029,Lyon,Electronique,Casque audio,1,,0,Especes,Application mobile,14.0,4.0,Livree
104497,2025-11-13,1549,Lyon,Vetements,Jean,1,43.26,10,CB,Site web,5.0,3.0,Livree
102000,2024-08-08,1488,Nantes,Maison,Set de cuisine,5,59.95,0,PayPal,Site web,13.0,5.0,Livree
101153,2024-09-22,2263,Lille,Electronique,Tablette,1,67.65,30,Virement,Site web,4.0,5.0,Livree
101757,2024-12-27,2253,Bordeaux,Electronique,Enceinte bluetooth,1,372.36,0,CB,Application mobile,6.0,4.0,Livree
102581,2025-08-31,2266,Toulouse,Vetements,Robe,1,22.68,30,CB,Site web,3.0,4.0,Livree
104456,2024-12-28,2431,Paris,Sport,Tapis de yoga,2,77.0,30,CB,Site web,9.0,3.0,Livree
104982,2024-01-11,1384,Lille,Maison,Coussin,1,48.0,30,Especes,Application mobile,3.0,5.0,En cours
104447,2024-09-14,2005,Bordeaux,Maison,Etagere,1,48.84,20,CB,Site web,2.0,5.0,En cours
101561,2024-09-09,1386,Lyon,Sport,Montre connectee,1,55.09,15,CB,Magasin,6.0,4.0,Livree
103991,2025-09-08,2386,,Maison,Coussin,1,38.81,20,CB,Site web,9.0,1.0,En cours
104847,2025-08-12,1739,Bordeaux,Sport,Velo,3,70.89,0,CB,Site web,14.0,5.0,Livree
103074,2024-10-05,1660,Marseille,Electronique,Smartphone,2,166.86,20,CB,Application mobile,10.0,5.0,Livree
103833,2024-08-25,2317,Marseille,Maison,Set de cuisine,2,15.24,20,Virement,Site web,12.0,4.0,Livree
100902,2024-10-25,1272,Nantes,Sport,Halteres,4,64.92,30,CB,Magasin,7.0,5.0,En cours
101333,2025-06-26,2399,Marseille,Electronique,Smartphone,1,197.25,0,CB,Site web,11.0,2.0,Livree
104565,2024-02-17,1413,Paris,Livres,Manuel scolaire,1,16.26,0,PayPal,Magasin,6.0,4.0,Livree
104741,2024-03-04,1880,Lille,Maison,Lampe,5,47.35,0,PayPal,Application mobile,,5.0,Retournee
100991,2024-04-20,1585,Marseille,Livres,BD,3,7.31,0,PayPal,Application mobile,7.0,3.0,Livree
103777,2025-11-14,2156,Paris,Sport,Halteres,1,54.03,5,Especes,Site web,2.0,5.0,Livree
103570,2025-04-07,1690,Nantes,Vetements,Robe,4,18.44,5,CB,Site web,9.0,3.0,Livree
103832,2024-07-16,2476,Lille,Sport,Montre connectee,1,53.54,5,CB,Magasin,,5.0,Livree
102397,2025-10-26,1524,Lyon,Maison,Set de cuisine,4,34.73,15,Especes,Application mobile,7.0,5.0,Livree
101842,2025-05-23,1033,Toulouse,Maison,Etagere,4,39.34,0,PayPal,Magasin,6.0,3.0,Livree
101732,2024-12-12,1740,Bordeaux,Livres,Livre de cuisine,2,16.94,5,Especes,Site web,14.0,1.0,Annulee
101675,2025-11-16,1745,Nantes,Sport,Montre connectee,1,63.59,0,PayPal,Site web,8.0,5.0,Retournee
103926,2025-02-10,2140,Toulouse,Livres,Manuel scolaire,5,5.36,10,PayPal,Site web,7.0,3.0,Livree
104820,2024-12-20,1652,Lille,Maison,Tapis,4,65.54,10,Virement,Magasin,4.0,4.0,Livree
102305,2025-12-14,1772,Marseille,Maison,Set de cuisine,1,28.97,10,CB,Application mobile,4.0,5.0,Livree
101983,2025-07-16,1366,Bordeaux,Vetements,Jean,1,36.77,30,CB,Magasin,,5.0,En cours
103254,2024-05-08,2305,Toulouse,Livres,Essai,4,12.51,15,CB,Site web,1.0,,Livree
101244,2025-06-16,1115,Strasbourg,Vetements,Robe,1,27.66,0,CB,Application mobile,14.0,1.0,Livree
100711,2024-10-06,2333,Marseille,Sport,Montre connectee,2,59.55,0,CB,Site web,1.0,,Livree
100371,2025-03-18,2194,Strasbourg,Maison,Coussin,4,32.32,15,Especes,Magasin,4.0,2.0,Livree
103057,2025-05-04,1253,Toulouse,Vetements,Baskets,1,45.61,0,CB,Magasin,4.0,,Livree
103389,2024-10-25,1214,Nantes,Sport,Ballon,3,77.14,15,PayPal,Site web,4.0,3.0,Livree
103304,2024-06-21,1580,Strasbourg,Maison,Etagere,2,28.96,0,CB,Site web,2.0,,Annulee
101546,2024-11-27,1011,Paris,Beaute,Creme visage,3,11.17,0,PayPal,Site web,9.0,3.0,Livree
101092,2024-10-31,1711,Lille,Beaute,Creme visage,1,16.7,5,PayPal,Application mobile,13.0,,Livree
103267,2025-01-08,1381,Toulouse,Maison,Coussin,3,27.19,15,PayPal,Site web,6.0,5.0,Retournee
102133,2025-08-22,2426,Paris,Beaute,Serum,1,26.07,15,Especes,Site web,7.0,5.0,Livree
102593,2024-09-11,1317,Nantes,Beaute,Serum,4,18.54,30,CB,Site web,11.0,4.0,Annulee
101136,2025-10-23,2472,Nantes,Electronique,Tablette,4,244.87,0,Especes,Site web,11.0,,Annulee
103460,2025-09-05,1703,Lille,Vetements,T-shirt,3,47.55,0,PayPal,Site web,4.0,3.0,Livree
100122,2025-03-09,2107,Paris,Electronique,Ordinateur portable,3,249.46,10,CB,Application mobile,8.0,3.0,Livree
101522,2025-12-08,2075,Bordeaux,Electronique,Enceinte bluetooth,2,276.31,10,CB,Site web,6.0,4.0,Livree
102882,2025-10-22,2418,Toulouse,Vetements,Baskets,2,35.59,20,PayPal,Magasin,8.0,4.0,Livree
100025,2025-11-25,1513,Toulouse,Electronique,Tablette,1,209.6,15,Virement,Magasin,3.0,,Annulee
102765,2024-08-13,1641,Lyon,Maison,Set de cuisine,2,50.34,20,PayPal,Application mobile,14.0,5.0,En cours
101351,2024-12-12,2104,Lyon,Electronique,Smartphone,5,159.02,0,PayPal,Site web,6.0,5.0,Livree
101057,2024-07-28,2038,Lille,Electronique,Smartphone,2,214.43,30,PayPal,Site web,11.0,4.0,Livree
100973,2025-01-31,1374,Strasbourg,Electronique,Casque audio,1,295.17,0,CB,Site web,6.0,4.0,Retournee
101597,2025-02-09,1230,Marseille,Beaute,Parfum,2,25.31,0,Virement,Site web,10.0,4.0,Livree
102550,2025-12-07,1809,Nantes,Livres,Livre de cuisine,2,12.75,0,Virement,Application mobile,14.0,2.0,Livree
101799,2024-08-11,1656,Toulouse,Maison,Etagere,5,,5,Virement,Magasin,4.0,3.0,Livree
101211,2024-02-29,2293,Toulouse,Vetements,T-shirt,3,29.38,10,PayPal,Site web,8.0,2.0,Livree
103502,2024-05-16,1427,Nantes,Electronique,Casque audio,5,211.41,30,CB,Application mobile,3.0,3.0,Livree
101083,2025-02-22,2176,Bordeaux,Livres,Essai,1,13.9,10,Virement,Site web,1.0,3.0,Livree
102813,2025-01-08,2364,Lille,Livres,Manuel scolaire,1,14.74,0,CB,Magasin,8.0,4.0,Livree
104072,2025-08-22,1923,Nantes,Electronique,Casque audio,1,242.89,0,Virement,Application mobile,13.0,5.0,Livree
102225,2025-11-27,1875,Marseille,Electronique,Casque audio,1,218.76,15,CB,Magasin,2.0,4.0,Livree
103133,2024-12-19,1795,Toulouse,Vetements,Baskets,1,47.5,0,PayPal,Application mobile,3.0,5.0,Livree
100871,2025-09-19,1968,Lille,Maison,Set de cuisine,1,54.89,0,Virement,Site web,8.0,4.0,Livree
100805,2025-12-17,2074,Strasbourg,Electronique,Enceinte bluetooth,1,298.29,0,Especes,Site web,6.0,4.0,Livree
103869,2024-05-30,2077,Strasbourg,Electronique,Smartphone,5,288.71,0,CB,Site web,4.0,3.0,Livree
103479,2025-09-27,1197,Lyon,Beaute,Rouge a levres,4,35.47,10,CB,Application mobile,8.0,4.0,Livree
102341,2024-09-14,1489,Lyon,Maison,Tapis,3,56.86,0,CB,Application mobile,2.0,4.0,Livree
101727,2025-07-26,1533,Bordeaux,Sport,Montre connectee,1,59.51,10,Especes,Site web,3.0,4.0,Livree
101379,2025-03-17,1420,Strasbourg,Sport,Ballon,2,40.73,0,PayPal,Application mobile,3.0,1.0,En cours
102465,2024-06-21,1728,Nantes,Electronique,Tablette,1,233.3,0,CB,Application mobile,11.0,1.0,Livree
102421,2025-06-13,1210,Marseille,Electronique,Ordinateur portable,2,255.69,20,PayPal,Magasin,6.0,3.0,Livree
104136,2025-06-09,1051,Toulouse,Electronique,Tablette,2,169.42,0,CB,Site web,4.0,5.0,Livree
100357,2025-01-23,1894,Bordeaux,Electronique,Ordinateur portable,1,191.31,0,PayPal,Site web,7.0,1.0,Livree
100422,2024-01-03,1269,Lyon,Livres,Essai,1,5.5,30,CB,Magasin,1.0,,Livree
100250,2025-05-15,2025,Bordeaux,Beaute,Parfum,1,20.11,0,PayPal,Magasin,11.0,5.0,Livree
101440,2024-09-17,2479,Bordeaux,Beaute,Creme visage,2,17.67,0,CB,Site web,7.0,2.0,Livree
102924,2025-07-31,2438,Nantes,Electronique,Ordinateur portable,2,186.41,15,Virement,Magasin,1.0,3.0,Livree
101115,2025-06-24,2219,Nantes,Vetements,Jean,1,43.96,5,CB,Site web,11.0,3.0,Livree
103829,2024-02-15,2408,Marseille,Electronique,Ordinateur portable,1,110.14,10,Especes,Magasin,3.0,,Annulee
101879,2024-03-06,2459,Marseille,Beaute,Rouge a levres,2,19.69,0,PayPal,Application mobile,9.0,4.0,Livree
103006,2024-03-29,2473,Marseille,Vetements,T-shirt,4,25.4,20,CB,Site web,9.0,5.0,Livree
101031,2025-04-10,2020,Bordeaux,Vetements,Robe,2,24.6,20,CB,Application mobile,5.0,2.0,Livree
104250,2025-04-22,1522,Nantes,Maison,Coussin,1,38.32,20,CB,Application mobile,9.0,3.0,Livree
102374,2025-07-27,2318,Paris,Beaute,Shampoing,3,25.18,5,Virement,Site web,12.0,5.0,En cours
102360,2024-06-22,1037,,Electronique,Casque audio,1,223.61,20,CB,Magasin,2.0,2.0,Retournee
104066,2024-07-09,1563,Lille,Maison,Lampe,4,26.16,10,CB,Site web,9.0,5.0,Livree
104762,2025-12-25,1000,Lille,Vetements,Jean,5,25.11,30,CB,Application mobile,6.0,4.0,Livree
103876,2024-09-13,1406,Toulouse,Maison,Set de cuisine,1,68.41,5,PayPal,Magasin,11.0,5.0,Livree
101944,2025-05-04,1195,Marseille,Maison,Lampe,4,28.02,5,CB,Magasin,10.0,5.0,En cours
100069,2025-03-05,2083,Lille,Maison,Tapis,2,48.71,20,CB,Site web,8.0,4.0,Livree
100462,2025-06-17,1374,Bordeaux,Livres,Essai,1,18.88,0,CB,Application mobile,9.0,4.0,Livree
103579,2024-09-25,1803,Lyon,Sport,Ballon,4,62.52,10,PayPal,Application mobile,4.0,5.0,Livree
100287,2025-01-08,1551,Bordeaux,Maison,Set de cuisine,2,62.25,5,CB,Site web,1.0,5.0,Livree
104925,2024-04-19,1253,Toulouse,Livres,BD,2,21.31,0,CB,Site web,13.0,2.0,Livree
101420,2024-05-05,2430,Bordeaux,Sport,Montre connectee,1,40.25,0,CB,Application mobile,4.0,,Annulee
100976,2024-07-06,1755,Strasbourg,Electronique,Tablette,2,210.35,15,PayPal,Application mobile,6.0,1.0,Livree
101020,2024-10-22,1445,Nantes,Maison,Lampe,3,59.14,0,CB,Magasin,6.0,5.0,Livree
100215,2024-08-26,2378,Toulouse,Livres,Roman,1,11.04,30,PayPal,Application mobile,5.0,4.0,Annulee
101089,2024-12-24,1104,Lyon,Sport,Ballon,1,71.06,0,CB,Application mobile,8.0,5.0,Livree
101734,2025-11-10,2209,Bordeaux,Livres,BD,1,12.46,5,CB,Site web,9.0,5.0,En cours
102853,2025-11-16,2411,Toulouse,Maison,Tapis,4,80.28,0,CB,Magasin,7.0,4.0,Livree
102452,2024-06-30,1137,Strasbourg,Electronique,Tablette,1,229.57,30,CB,Site web,9.0,3.0,Livree
101314,2024-09-29,1808,Lyon,Beaute,Parfum,3,,0,PayPal,Site web,13.0,5.0,Livree
103310,2025-12-01,1475,Paris,Electronique,Casque audio,2,238.72,0,PayPal,Magasin,5.0,4.0,Livree
103525,2024-08-16,1245,Bordeaux,Electronique,Tablette,2,196.44,15,PayPal,Application mobile,2.0,5.0,Livree
104263,2024-12-16,1022,Paris,Beaute,Creme visage,2,12.44,0,Virement,Magasin,11.0,4.0,Livree
103362,2024-09-25,1224,Lille,Beaute,Serum,3,24.56,10,Especes,Magasin,14.0,1.0,Livree
104701,2024-09-22,1298,Nantes,Electronique,Enceinte bluetooth,1,297.68,0,CB,Application mobile,9.0,5.0,Livree
101432,2025-02-25,1963,Bordeaux,Vetements,Jean,5,46.68,20,CB,Application mobile,1.0,4.0,Livree
102985,2024-09-25,2424,Bordeaux,Electronique,Enceinte bluetooth,1,,30,Virement,Site web,11.0,4.0,Livree
104679,2025-03-06,1334,Toulouse,Electronique,Smartphone,3,270.72,20,PayPal,Site web,5.0,4.0,Livree
103982,2024-04-30,1400,Lyon,Electronique,Ordinateur portable,3,275.7,0,CB,Magasin,6.0,4.0,En cours
103196,2025-08-30,1679,Paris,Maison,Coussin,3,28.07,15,PayPal,Site web,13.0,4.0,Retournee
104892,2025-11-18,1968,Nantes,Electronique,Enceinte bluetooth,1,347.95,20,CB,Magasin,8.0,3.0,Livree
102658,2024-12-18,2471,Strasbourg,Vetements,Jean,5,35.43,0,CB,Magasin,,1.0,Livree
103058,2024-10-25,1755,Paris,Sport,Ballon,5,64.96,30,CB,Site web,7.0,5.0,Livree
100510,2025-09-12,1117,Paris,Electronique,Smartphone,4,272.44,0,PayPal,Magasin,14.0,4.0,En cours
102086,2025-09-27,2002,Strasbourg,Maison,Tapis,5,45.78,20,CB,Application mobile,5.0,3.0,Livree
103799,2024-05-24,1229,Bordeaux,Maison,Etagere,4,38.94,20,CB,Site web,8.0,5.0,Livree
100953,2024-04-08,1816,Nantes,Beaute,Creme visage,4,11.84,0,PayPal,Site web,4.0,5.0,Livree
103405,2024-01-09,1563,Lille,Electronique,Tablette,1,289.18,20,CB,Site web,7.0,4.0,Livree
104178,2025-03-28,2470,Lyon,Maison,Tapis,3,59.66,15,CB,Site web,6.0,5.0,Livree
103159,2025-07-24,2127,Toulouse,Electronique,Ordinateur portable,1,252.16,15,CB,Site web,9.0,5.0,Livree
100895,2025-06-23,1632,Toulouse,Sport,Velo,2,76.44,0,CB,Application mobile,6.0,4.0,Livree
102676,2025-04-14,1969,Nantes,Livres,Manuel scolaire,2,19.88,30,CB,Magasin,8.0,5.0,Livree
102386,2025-03-09,1101,Bordeaux,Sport,Ballon,5,78.86,5,CB,Site web,11.0,5.0,Livree
102001,2024-09-13,2391,Toulouse,Sport,Ballon,1,38.83,0,CB,Application mobile,9.0,4.0,Livree
102441,2025-04-25,1788,Paris,Vetements,Robe,1,23.45,5,CB,Magasin,10.0,4.0,Livree
104647,2025-02-20,2322,,Maison,Tapis,2,56.47,15,CB,Site web,14.0,3.0,Livree
100877,2024-02-13,1807,Marseille,Beaute,Creme visage,1,13.88,15,CB,Magasin,1.0,5.0,Livree
103032,2024-01-07,2462,Lille,Livres,Manuel scolaire,1,5.38,15,CB,Application mobile,12.0,4.0,Livree
101384,2024-10-22,2311,Nantes,Vetements,Robe,1,28.88,5,CB,Site web,13.0,5.0,Livree
100658,2024-10-25,2274,Lille,Vetements,Veste,2,38.32,30,CB,Magasin,1.0,5.0,Livree
103009,2025-02-05,1976,Marseille,Vetements,Robe,5,32.66,0,CB,Application mobile,13.0,4.0,Livree
100828,2024-12-03,2064,Marseille,Beaute,Serum,3,23.98,10,PayPal,Application mobile,9.0,3.0,Livree
101166,2024-09-30,1952,Lille,Electronique,Tablette,1,255.14,0,Especes,Site web,14.0,2.0,Livree
104950,2024-11-10,1916,Paris,Electronique,Enceinte bluetooth,5,291.35,20,CB,Application mobile,12.0,5.0,Livree
103949,2024-09-07,1587,Lyon,Electronique,Tablette,4,,0,PayPal,Site web,1.0,4.0,Livree
100144,2024-03-08,2017,Marseille,Beaute,Serum,2,20.85,30,Virement,Site web,9.0,,Annulee
102046,2024-09-19,1857,Marseille,Livres,Manuel scolaire,1,22.96,10,CB,Site web,4.0,4.0,Retournee
101876,2024-05-08,2240,Paris,Maison,Tapis,1,30.91,0,CB,Application mobile,12.0,3.0,Livree
101816,2024-12-26,1574,Nantes,Maison,Etagere,2,44.47,30,PayPal,Site web,8.0,4.0,Livree
102237,2024-06-09,1466,Lille,Electronique,Tablette,3,234.09,5,CB,Site web,3.0,4.0,Livree
101854,2025-09-06,1424,Strasbourg,Maison,Tapis,1,68.84,15,CB,Application mobile,3.0,,Livree
100206,2024-06-25,2105,Marseille,Sport,Montre connectee,5,71.72,0,Virement,Magasin,11.0,5.0,Livree
100448,2025-05-12,1597,Toulouse,Vetements,Jean,1,31.38,0,CB,Site web,6.0,3.0,Livree
104452,2025-05-30,1808,Marseille,Beaute,Parfum,1,24.82,30,Especes,Site web,5.0,,Livree
101602,2025-11-28,1918,Nantes,Vetements,Veste,1,18.09,0,Especes,Site web,2.0,4.0,Livree
102099,2024-12-01,2359,Toulouse,Vetements,Veste,5,37.93,30,Especes,Site web,11.0,4.0,En cours
102994,2024-06-24,2176,Toulouse,Maison,Coussin,1,29.87,15,Especes,Application mobile,14.0,,Annulee
103626,2025-02-01,2121,Lille,Livres,BD,4,14.86,20,CB,Application mobile,7.0,2.0,Livree
102877,2025-08-08,2447,Paris,Livres,BD,1,19.49,5,CB,Site web,13.0,5.0,Livree
101121,2024-12-10,1497,Bordeaux,Sport,Montre connectee,2,84.68,15,CB,Magasin,7.0,4.0,Livree
100640,2024-03-09,2416,Paris,Sport,Ballon,2,29.62,0,CB,Application mobile,2.0,5.0,Livree
100330,2024-06-26,1137,Nantes,Beaute,Creme visage,3,17.05,0,CB,Magasin,6.0,4.0,Livree
103520,2024-04-03,2028,Lille,Vetements,Jean,5,35.16,10,CB,Site web,10.0,5.0,Livree
100185,2024-05-15,1170,Marseille,Vetements,Baskets,1,48.53,0,CB,Site web,2.0,5.0,Livree
103514,2024-07-02,2476,Toulouse,Electronique,Casque audio,2,223.63,15,CB,Site web,7.0,5.0,Livree
104811,2025-06-30,1802,Bordeaux,Vetements,Robe,2,28.18,10,Virement,Site web,7.0,4.0,En cours
102588,2024-12-05,2223,Paris,Livres,BD,1,14.38,10,CB,Magasin,13.0,4.0,Livree
101518,2025-10-29,2209,Lyon,Maison,Etagere,1,20.87,0,Especes,Application mobile,2.0,5.0,Livree
103767,2024-08-01,2306,Lille,Maison,Lampe,5,60.41,0,Virement,Magasin,13.0,5.0,Livree
102260,2025-07-13,1644,Strasbourg,Electronique,Tablette,3,273.88,5,PayPal,Site web,6.0,3.0,Livree
103656,2025-06-21,2381,Bordeaux,Sport,Ballon,1,,0,CB,Magasin,4.0,,Livree
100643,2024-11-23,1062,Bordeaux,Livres,BD,1,12.4,5,CB,Application mobile,11.0,5.0,Retournee
100070,2024-07-12,1017,Toulouse,Beaute,Shampoing,1,19.23,15,PayPal,Site web,7.0,,Retournee
103404,2024-12-23,1666,Strasbourg,Vetements,Jean,2,41.05,0,PayPal,Magasin,10.0,3.0,Livree
100186,2025-05-24,2193,Nantes,Vetements,Jean,2,37.1,10,CB,Site web,7.0,,Annulee
104473,2024-06-17,1019,Lyon,Sport,Velo,1,47.46,30,CB,Site web,3.0,4.0,Livree
104024,2024-03-16,1726,Toulouse,Sport,Velo,2,81.0,0,Virement,Site web,6.0,1.0,Livree
104338,2025-01-12,1376,Paris,Maison,Coussin,2,22.55,15,PayPal,Application mobile,6.0,4.0,Retournee
104833,2025-04-07,2144,Lille,Electronique,Ordinateur portable,1,235.1,10,CB,Site web,8.0,5.0,Livree
103194,2024-01-27,1031,Marseille,Vetements,T-shirt,1,7.54,0,CB,Magasin,4.0,3.0,Livree
102984,2025-01-24,2389,Marseille,Vetements,Baskets,2,44.83,20,CB,Application mobile,6.0,2.0,Livree
100627,2025-02-16,1688,Strasbourg,Electronique,Ordinateur portable,1,180.36,0,CB,Site web,1.0,3.0,Livree
104879,2025-07-17,1739,Marseille,Electronique,Enceinte bluetooth,4,170.78,15,PayPal,Application mobile,12.0,,Livree
101558,2024-01-31,1123,Nantes,Maison,Set de cuisine,1,66.45,0,CB,Application mobile,14.0,5.0,Livree
100623,2025-02-12,1890,Toulouse,Electronique,Smartphone,2,342.64,20,Virement,Site web,2.0,5.0,Livree
104326,2024-05-07,1301,Marseille,Beaute,Creme visage,5,21.04,10,Virement,Site web,7.0,2.0,Livree
104162,2025-05-31,1991,Marseille,Sport,Ballon,2,50.4,30,Especes,Site web,7.0,3.0,Livree
103333,2024-11-02,2250,Nantes,Electronique,Casque audio,2,124.76,10,PayPal,Site web,,1.0,Retournee
102139,2025-04-18,1215,Nantes,Sport,Velo,1,30.77,5,CB,Magasin,9.0,4.0,Livree
102416,2024-02-28,1914,Strasbourg,Sport,Tapis de yoga,4,27.57,0,Especes,Application mobile,13.0,5.0,Livree
101661,2025-12-03,2245,Toulouse,Livres,Livre de cuisine,1,25.88,0,CB,Site web,3.0,4.0,Retournee
101035,2024-11-04,1573,Marseille,Electronique,Smartphone,1,239.66,0,Virement,Application mobile,6.0,5.0,Livree
103990,2024-02-24,2020,Nantes,Beaute,Creme visage,3,16.87,10,PayPal,Magasin,13.0,,Annulee
102428,2024-07-19,1756,Lyon,Sport,Ballon,5,89.93,0,CB,Application mobile,14.0,5.0,Livree
102965,2024-10-15,1642,Lille,Electronique,Enceinte bluetooth,1,348.14,0,CB,Site web,14.0,4.0,Livree
102120,2024-12-24,2093,Lille,Electronique,Tablette,2,233.01,0,Especes,Magasin,1.0,5.0,Livree
102486,2024-03-18,1128,Strasbourg,Electronique,Casque audio,1,291.17,0,CB,Site web,3.0,3.0,En cours
103802,2025-05-08,1052,Paris,Maison,Tapis,2,47.01,0,CB,Magasin,11.0,5.0,Livree
100565,2024-05-01,2272,Paris,Sport,Halteres,3,25.99,0,Virement,Application mobile,1.0,4.0,Livree
102365,2024-02-18,1278,Nantes,Vetements,Veste,1,37.21,0,PayPal,Site web,3.0,3.0,Livree
101289,2025-07-30,2041,Lyon,Sport,Montre connectee,2,51.31,30,CB,Site web,9.0,1.0,En cours
102846,2024-01-13,1440,Paris,Maison,Set de cuisine,2,25.46,0,PayPal,Application mobile,2.0,3.0,Livree
100730,2025-08-10,2025,Nantes,Vetements,Baskets,2,4.94,5,CB,Site web,6.0,3.0,Livree
103430,2025-04-02,1787,Toulouse,Electronique,Tablette,3,227.62,15,CB,Site web,9.0,5.0,Livree
104997,2025-06-20,1662,Lyon,Electronique,Ordinateur portable,1,276.37,0,Especes,Site web,10.0,5.0,Livree
100499,2024-11-26,2099,Lille,Vetements,Baskets,1,28.77,30,CB,Site web,7.0,5.0,Livree
102817,2024-03-27,2130,Toulouse,Maison,Coussin,2,54.07,15,CB,Application mobile,6.0,5.0,Livree
100942,2025-11-24,1315,Lyon,Vetements,Jean,1,34.93,0,Especes,Application mobile,3.0,,Annulee
102010,2024-10-02,1828,Marseille,Beaute,Creme visage,1,24.2,0,CB,Site web,4.0,5.0,Livree
101390,2024-11-23,2290,Bordeaux,Beaute,Shampoing,2,18.55,0,PayPal,Site web,8.0,5.0,Livree
100163,2024-11-15,1531,Bordeaux,Maison,Lampe,1,,30,PayPal,Site web,11.0,5.0,Livree
101620,2025-07-08,1365,Strasbourg,Maison,Tapis,3,51.68,30,CB,Magasin,8.0,2.0,Annulee
102871,2025-05-02,1727,Lyon,Sport,Halteres,2,60.11,0,CB,Magasin,14.0,3.0,Livree
100121,2025-12-04,1099,Paris,Maison,Set de cuisine,2,85.72,5,PayPal,Application mobile,4.0,4.0,Livree
104365,2024-09-07,2323,Lille,Electronique,Smartphone,5,217.94,15,CB,Site web,1.0,2.0,En cours
100857,2024-11-29,2165,Strasbourg,Sport,Velo,1,52.64,10,CB,Application mobile,12.0,2.0,Livree
102938,2025-01-24,1917,Nantes,Vetements,Baskets,1,29.9,20,PayPal,Site web,6.0,4.0,Retournee
104077,2025-09-20,1903,Paris,Electronique,Casque audio,5,159.49,30,CB,Magasin,3.0,5.0,Livree
100154,2024-10-20,2341,Paris,Electronique,Casque audio,4,214.57,0,Especes,Magasin,9.0,4.0,En cours
101261,2025-08-04,1731,Nantes,Electronique,Smartphone,3,153.13,30,PayPal,Site web,12.0,4.0,Retournee
104632,2025-11-22,1968,Strasbourg,Sport,Montre connectee,4,54.29,30,CB,Magasin,7.0,3.0,Livree
100034,2025-06-21,1738,Bordeaux,Vetements,Jean,1,37.93,5,PayPal,Site web,3.0,4.0,Livree
100475,2025-10-05,1996,Lille,Electronique,Enceinte bluetooth,2,183.5,30,CB,Site web,1.0,5.0,Livree
102189,2025-03-13,1229,Bordeaux,Maison,Set de cuisine,1,69.57,0,CB,Application mobile,3.0,4.0,Livree
102448,2024-04-09,1288,Strasbourg,Electronique,Ordinateur portable,3,261.99,5,CB,Site web,8.0,1.0,En cours
101637,2024-11-23,2148,Paris,Beaute,Parfum,4,23.23,30,CB,Site web,5.0,,Livree
103181,2025-06-24,1473,Toulouse,Livres,Manuel scolaire,1,16.42,20,CB,Site web,11.0,5.0,Livree
100785,2024-10-01,1509,,Maison,Coussin,2,53.3,20,PayPal,Magasin,9.0,5.0,Livree
100061,2025-02-02,1130,Marseille,Sport,Tapis de yoga,3,68.77,0,PayPal,Site web,6.0,4.0,Livree
100465,2024-12-28,1576,Lille,Electronique,Ordinateur portable,1,269.47,10,Especes,Site web,8.0,3.0,Livree
100750,2025-04-28,1365,Bordeaux,Electronique,Enceinte bluetooth,1,198.43,0,PayPal,Site web,3.0,5.0,Livree
102311,2025-06-07,2303,Paris,Maison,Tapis,4,70.93,0,CB,Site web,14.0,2.0,Livree
102416,2024-02-28,1914,Strasbourg,Sport,Tapis de yoga,4,27.57,0,Especes,Application mobile,13.0,5.0,Livree
102244,2025-02-05,1416,Paris,Sport,Tapis de yoga,2,55.78,15,CB,Site web,13.0,3.0,Livree
103473,2025-02-04,1888,,Beaute,Rouge a levres,1,22.21,10,PayPal,Magasin,6.0,5.0,Livree
101216,2024-07-13,2480,Lyon,Vetements,Veste,4,29.55,10,CB,Site web,12.0,4.0,Annulee
102815,2025-05-27,1583,Nantes,Maison,Lampe,1,50.65,10,CB,Site web,4.0,3.0,Retournee
104343,2024-04-17,1643,Lyon,Sport,Ballon,1,74.08,0,Especes,Site web,2.0,5.0,Livree
104310,2024-10-28,2429,Nantes,Sport,Ballon,1,56.43,30,CB,Application mobile,4.0,5.0,Livree
100183,2024-07-09,1938,Nantes,Electronique,Tablette,1,285.87,0,CB,Site web,12.0,5.0,Annulee
100695,2025-03-05,1603,Strasbourg,Livres,Livre de cuisine,1,18.91,5,CB,Site web,1.0,4.0,Livree
103302,2024-01-15,1187,Bordeaux,Electronique,Tablette,1,254.28,0,CB,Application mobile,7.0,4.0,Livree
101135,2024-04-04,1492,Nantes,Electronique,Casque audio,1,181.04,10,CB,Magasin,7.0,5.0,Livree
103252,2024-08-19,1462,Paris,Livres,Roman,1,9.79,5,CB,Site web,8.0,5.0,En cours
104074,2025-01-18,1716,Lyon,Maison,Lampe,5,37.02,0,Especes,Application mobile,11.0,4.0,Annulee
103714,2024-06-09,1572,Lille,Electronique,Tablette,1,300.65,0,CB,Application mobile,14.0,4.0,Livree
102786,2025-08-24,1737,Lille,Vetements,T-shirt,4,30.7,5,CB,Site web,12.0,,Livree
103528,2024-03-10,2253,Bordeaux,Beaute,Rouge a levres,1,20.79,0,Especes,Site web,3.0,3.0,Livree
101766,2024-10-10,1483,Nantes,Sport,Halteres,5,41.53,20,CB,Magasin,8.0,5.0,Livree
102936,2025-03-17,2350,Bordeaux,Sport,Ballon,5,63.72,20,CB,Magasin,6.0,2.0,Livree
104483,2025-10-30,1572,Nantes,Maison,Set de cuisine,2,53.32,0,CB,Site web,8.0,3.0,Livree
102964,2024-08-29,2005,Toulouse,Maison,Lampe,1,48.67,10,CB,Site web,8.0,4.0,Livree
103637,2024-05-26,2251,Nantes,Vetements,Jean,1,29.79,0,Especes,Site web,4.0,1.0,Livree
102793,2025-01-31,1425,Marseille,Sport,Tapis de yoga,2,92.76,20,CB,Magasin,1.0,4.0,Livree
103540,2025-01-29,1615,Paris,Maison,Set de cuisine,5,51.61,15,CB,Application mobile,11.0,1.0,Livree
103119,2024-04-05,2414,Bordeaux,Livres,Roman,2,16.89,10,Especes,Magasin,8.0,5.0,En cours
101575,2025-04-23,1941,Paris,Maison,Coussin,4,39.6,10,CB,Site web,6.0,4.0,Annulee
104959,2024-10-13,2097,Toulouse,Electronique,Tablette,1,293.69,10,CB,Application mobile,2.0,4.0,Annulee
102499,2025-07-18,2246,Marseille,Electronique,Smartphone,1,239.17,20,PayPal,Application mobile,5.0,1.0,En cours
100632,2025-03-21,1100,Lille,Sport,Tapis de yoga,1,47.35,0,Especes,Application mobile,12.0,4.0,Livree
100537,2025-06-28,2432,Lyon,Sport,Halteres,1,77.98,15,CB,Site web,13.0,4.0,Livree
103705,2024-05-11,2194,Bordeaux,Electronique,Smartphone,5,356.61,5,CB,Site web,4.0,4.0,Livree
101048,2024-07-20,2111,Paris,Electronique,Enceinte bluetooth,2,180.25,5,CB,Application mobile,1.0,5.0,En cours
101293,2024-09-29,1456,Bordeaux,Electronique,Smartphone,2,346.72,5,CB,Site web,10.0,4.0,Livree
102333,2025-08-17,2442,Bordeaux,Electronique,Ordinateur portable,2,103.1,0,Especes,Magasin,3.0,,Livree
100120,2025-05-05,1851,Paris,Electronique,Enceinte bluetooth,1,275.64,0,CB,Application mobile,9.0,5.0,En cours
104230,2024-12-01,1418,Paris,Electronique,Enceinte bluetooth,5,215.78,30,CB,Site web,14.0,,Annulee
103042,2024-07-01,2311,Paris,Electronique,Ordinateur portable,1,366.88,15,PayPal,Site web,9.0,4.0,Livree
100403,2024-07-25,1681,Paris,Vetements,Jean,1,56.38,0,CB,Application mobile,1.0,5.0,Livree
100181,2025-05-29,1562,Nantes,Vetements,Jean,2,29.23,5,CB,Site web,14.0,,Annulee
104665,2024-03-16,2193,Bordeaux,Vetements,Jean,1,34.49,0,CB,Site web,4.0,5.0,Livree
103951,2025-10-24,1894,Lyon,Vetements,T-shirt,1,27.03,10,CB,Magasin,8.0,3.0,Livree
101053,2024-11-25,1206,Paris,Livres,BD,2,20.15,15,PayPal,Site web,8.0,4.0,Retournee
101014,2024-11-09,1329,Lille,Electronique,Casque audio,2,,0,PayPal,Site web,12.0,,Annulee
101027,2024-01-01,1379,Strasbourg,Electronique,Tablette,1,,5,PayPal,Site web,3.0,4.0,Livree
104290,2024-09-05,2057,Lyon,Livres,Manuel scolaire,1,16.35,0,CB,Site web,8.0,4.0,Livree
101556,2024-03-15,2120,Toulouse,Electronique,Ordinateur portable,3,178.97,5,CB,Site web,3.0,2.0,Livree
100269,2024-06-28,2236,Toulouse,Sport,Ballon,2,53.88,20,Especes,Magasin,13.0,1.0,Livree
104088,2024-07-08,2364,Strasbourg,Sport,Ballon,3,63.86,20,Virement,Application mobile,1.0,5.0,Livree
104268,2024-07-05,1543,,Electronique,Casque audio,1,338.7,0,CB,Magasin,9.0,,Livree
102459,2024-05-09,1215,Lyon,Beaute,Shampoing,4,21.6,0,CB,Magasin,14.0,1.0,En cours
103641,2025-12-10,2030,Strasbourg,Electronique,Tablette,5,291.49,0,CB,Site web,6.0,,Livree
102219,2024-08-01,1313,Toulouse,Electronique,Casque audio,1,89.11,15,Virement,Application mobile,2.0,4.0,Livree
100216,2024-01-04,2314,Paris,Beaute,Creme visage,2,20.91,15,CB,Magasin,1.0,4.0,Livree
103881,2025-02-07,1934,Bordeaux,Sport,Montre connectee,2,51.93,30,CB,Site web,4.0,2.0,Livree
102876,2024-12-19,2398,Paris,Maison,Set de cuisine,4,34.14,0,CB,Site web,11.0,2.0,Livree
100293,2024-08-03,2363,Toulouse,Electronique,Ordinateur portable,3,216.64,0,Especes,Site web,8.0,5.0,En cours
102372,2025-05-31,1690,Bordeaux,Vetements,Veste,3,35.38,20,CB,Site web,9.0,,Livree
104794,2024-05-01,1387,Nantes,Vetements,T-shirt,1,31.28,30,Especes,Magasin,10.0,5.0,Livree
100148,2025-07-18,2485,Lille,Electronique,Smartphone,1,295.17,10,CB,Site web,1.0,4.0,Livree
101584,2024-07-17,1970,Marseille,Electronique,Enceinte bluetooth,1,290.86,0,CB,Site web,1.0,4.0,Livree
103628,2025-05-05,1439,Lille,Electronique,Ordinateur portable,4,220.52,20,Especes,Site web,9.0,3.0,Livree
104531,2025-09-12,1354,Lyon,Sport,Halteres,2,72.19,0,CB,Application mobile,11.0,3.0,Livree
102894,2024-09-07,1004,Toulouse,Maison,Etagere,1,52.77,20,CB,Site web,8.0,5.0,Livree
100583,2024-04-04,2323,,Vetements,Robe,1,53.29,15,CB,Site web,7.0,,Annulee
101111,2025-05-31,1953,Paris,Electronique,Tablette,1,349.94,0,CB,Site web,13.0,,Livree
101821,2024-08-02,1568,Marseille,Livres,Roman,2,16.2,15,PayPal,Application mobile,14.0,4.0,Livree
103972,2024-04-05,1864,Strasbourg,Electronique,Tablette,2,230.5,20,Virement,Site web,8.0,4.0,Livree
102387,2024-09-04,2255,Toulouse,Electronique,Tablette,1,264.73,0,PayPal,Application mobile,2.0,3.0,Livree
104983,2025-02-23,1874,Bordeaux,Beaute,Serum,4,28.27,15,PayPal,Site web,1.0,3.0,Livree
104859,2024-10-21,2292,Paris,Maison,Coussin,5,48.01,10,PayPal,Site web,13.0,3.0,Annulee
102788,2025-10-07,2456,Strasbourg,Vetements,Jean,1,43.03,20,PayPal,Application mobile,13.0,3.0,Livree
102921,2025-01-31,1269,Toulouse,Vetements,Jean,1,22.99,0,Especes,Magasin,14.0,5.0,Livree
103646,2024-08-30,2169,Lille,Beaute,Shampoing,3,17.11,15,Virement,Site web,14.0,5.0,Livree
103773,2025-08-05,2128,Lyon,Electronique,Smartphone,2,158.37,15,CB,Site web,9.0,5.0,Livree
101777,2025-02-22,1572,Marseille,Electronique,Enceinte bluetooth,1,325.18,0,PayPal,Magasin,14.0,4.0,Livree
101967,2025-08-19,1001,Bordeaux,Electronique,Tablette,1,259.36,10,PayPal,Site web,12.0,4.0,Livree
101113,2025-08-16,1927,Strasbourg,Electronique,Smartphone,1,263.41,10,CB,Site web,2.0,1.0,Livree
102628,2025-01-30,1705,Paris,Electronique,Ordinateur portable,5,184.38,15,Virement,Magasin,7.0,,Livree
102357,2024-03-17,1889,Bordeaux,Electronique,Smartphone,3,167.15,15,PayPal,Magasin,6.0,4.0,Livree
100150,2025-07-07,1245,Strasbourg,Electronique,Smartphone,3,266.12,30,PayPal,Site web,9.0,2.0,Livree
101343,2024-08-04,1965,Toulouse,Electronique,Tablette,1,228.85,10,Virement,Site web,7.0,,Livree
103566,2024-08-20,1092,Nantes,Electronique,Ordinateur portable,3,261.45,0,CB,Application mobile,6.0,4.0,Livree
101131,2024-12-08,1299,Paris,Vetements,Baskets,2,9.13,30,PayPal,Site web,7.0,4.0,Livree
102705,2024-12-10,2469,Toulouse,Livres,BD,2,18.0,0,CB,Site web,13.0,4.0,En cours
104009,2024-02-09,1225,Lille,Livres,Roman,4,14.26,15,Especes,Site web,6.0,5.0,Livree
100298,2024-05-23,1621,Toulouse,Electronique,Smartphone,2,264.5,0,Virement,Site web,1.0,,Annulee
103470,2024-05-08,1107,Bordeaux,Maison,Tapis,5,52.13,30,Virement,Application mobile,7.0,4.0,Livree
102155,2024-09-12,2053,Marseille,Electronique,Tablette,1,271.75,15,CB,Site web,7.0,5.0,Livree
104823,2025-02-13,2251,Toulouse,Electronique,Enceinte bluetooth,1,333.34,0,Virement,Site web,13.0,4.0,Livree
104443,2024-07-13,1202,Lyon,Sport,Velo,1,35.04,10,CB,Magasin,6.0,5.0,Livree
100491,2024-03-19,1709,Toulouse,Maison,Lampe,4,57.38,15,Especes,Site web,6.0,4.0,Retournee
104393,2025-05-16,2326,Paris,Maison,Lampe,2,12.77,0,PayPal,Application mobile,5.0,5.0,Livree
103238,2025-05-13,1254,Toulouse,Beaute,Parfum,2,25.09,0,Virement,Application mobile,1.0,4.0,En cours
100168,2025-05-17,2476,Lille,Electronique,Ordinateur portable,1,174.77,10,CB,Site web,10.0,5.0,Livree
101866,2025-06-20,1468,Lille,Livres,Roman,2,11.39,20,CB,Magasin,8.0,3.0,Livree
103670,2024-06-15,1015,Lyon,Livres,Manuel scolaire,2,11.28,0,Virement,Site web,3.0,5.0,Livree
103759,2025-12-10,2205,Marseille,Electronique,Casque audio,2,312.92,0,CB,Site web,13.0,3.0,Retournee
100221,2024-12-20,1341,Toulouse,Electronique,Enceinte bluetooth,5,163.24,10,Especes,Application mobile,8.0,3.0,Livree
100164,2024-02-01,1682,Lille,Sport,Velo,4,53.31,0,CB,Application mobile,1.0,5.0,Annulee
104965,2024-07-25,1430,Lyon,Sport,Montre connectee,1,58.77,10,PayPal,Site web,7.0,4.0,Livree
102030,2024-03-22,1208,Lyon,Livres,BD,3,21.66,30,PayPal,Site web,12.0,,Livree
101610,2024-09-06,1554,Lyon,Sport,Montre connectee,2,70.07,10,CB,Site web,2.0,4.0,Livree
101976,2025-11-09,1680,Nantes,Maison,Tapis,2,49.31,15,CB,Application mobile,2.0,3.0,Livree
102530,2025-04-02,2479,Lille,Livres,Essai,4,17.06,20,CB,Site web,13.0,3.0,Livree
100244,2025-06-23,1462,Bordeaux,Electronique,Enceinte bluetooth,2,273.47,5,CB,Application mobile,4.0,,Livree
100706,2024-07-31,1571,Toulouse,Vetements,Robe,1,28.68,0,CB,Magasin,2.0,5.0,Livree
102874,2025-03-21,2389,Toulouse,Vetements,Baskets,2,4.74,15,CB,Site web,8.0,3.0,Livree
100356,2025-08-22,1216,Toulouse,Beaute,Rouge a levres,3,20.88,0,CB,Magasin,13.0,2.0,En cours
103950,2024-01-04,1427,Toulouse,Sport,Ballon,1,,0,CB,Magasin,7.0,3.0,Livree
101862,2024-04-05,2274,Bordeaux,Livres,Manuel scolaire,2,27.9,0,Especes,Site web,7.0,4.0,En cours
102098,2025-11-08,2140,Toulouse,Sport,Velo,1,45.74,30,PayPal,Site web,9.0,4.0,Livree
101441,2025-08-31,2161,Lille,Sport,Montre connectee,1,59.57,0,CB,Application mobile,12.0,5.0,Retournee
100511,2025-08-25,1434,Lyon,Vetements,T-shirt,2,24.51,10,CB,Site web,9.0,4.0,Livree
103202,2024-01-13,2438,Marseille,Maison,Coussin,1,44.95,30,PayPal,Magasin,11.0,5.0,Livree
102735,2024-10-31,2367,Lyon,Beaute,Parfum,1,37.6,15,CB,Application mobile,3.0,2.0,Livree
104709,2025-04-18,1843,Marseille,Sport,Montre connectee,3,38.1,0,CB,Site web,8.0,4.0,Livree
103076,2024-05-21,1088,Bordeaux,Vetements,Veste,1,42.94,0,PayPal,Site web,11.0,4.0,Livree
103258,2024-01-22,1855,Paris,Beaute,Creme visage,3,,20,PayPal,Magasin,1.0,5.0,Livree
102143,2025-09-17,1989,Strasbourg,Vetements,Baskets,1,34.75,20,CB,Magasin,5.0,5.0,Livree
101251,2024-11-13,1751,Marseille,Livres,Manuel scolaire,5,10.26,5,CB,Magasin,5.0,5.0,En cours
101273,2024-06-27,1795,Marseille,Sport,Montre connectee,5,65.66,0,CB,Site web,8.0,4.0,Livree
103027,2024-06-22,1327,Lyon,Maison,Tapis,1,61.67,5,Virement,Application mobile,2.0,5.0,Livree
103508,2024-01-08,1642,Toulouse,Vetements,Veste,2,32.84,0,CB,Application mobile,3.0,4.0,Livree
100535,2025-05-27,1154,Nantes,Electronique,Tablette,4,172.32,30,PayPal,Site web,8.0,4.0,Livree
100650,2025-05-07,1571,Paris,Vetements,Jean,3,24.75,0,PayPal,Site web,11.0,5.0,Livree
101939,2025-02-18,1544,Marseille,Maison,Etagere,3,24.67,5,CB,Application mobile,6.0,3.0,Livree
102893,2024-03-30,1195,Toulouse,Electronique,Casque audio,3,179.51,0,CB,Magasin,3.0,4.0,Livree
100532,2025-02-20,1094,Marseille,Electronique,Enceinte bluetooth,5,386.52,30,CB,Site web,11.0,3.0,Livree
101392,2025-04-04,1397,Strasbourg,Maison,Coussin,2,69.12,20,PayPal,Site web,3.0,5.0,En cours
101731,2025-03-05,1867,Nantes,Vetements,Jean,1,36.86,0,Virement,Magasin,13.0,4.0,Retournee
101421,2024-03-13,2415,Paris,Beaute,Shampoing,1,21.49,0,Especes,Site web,10.0,2.0,Retournee
103599,2025-06-01,1022,Lille,Livres,Roman,4,16.6,10,CB,Site web,10.0,5.0,Livree
101130,2025-09-16,1617,Bordeaux,Maison,Etagere,1,48.25,0,CB,Application mobile,10.0,4.0,En cours
100030,2025-01-02,1336,Bordeaux,Electronique,Smartphone,2,322.24,10,CB,Site web,11.0,,Annulee
100389,2025-11-30,2455,Marseille,Maison,Lampe,5,31.33,30,Virement,Magasin,6.0,4.0,Livree
101013,2024-08-12,1869,Marseille,Maison,Tapis,1,52.43,30,PayPal,Site web,6.0,4.0,Livree
104874,2025-06-25,1860,Toulouse,Vetements,Baskets,4,39.55,5,CB,Site web,6.0,3.0,Livree
101868,2025-03-14,1563,Lille,Electronique,Smartphone,2,329.41,0,PayPal,Magasin,3.0,5.0,Livree
104292,2025-03-28,1804,Paris,Maison,Tapis,3,30.94,10,CB,Site web,14.0,5.0,Livree
102942,2024-11-12,1744,Marseille,Vetements,T-shirt,3,21.24,5,CB,Application mobile,7.0,5.0,Livree
103336,2025-04-01,1008,Nantes,Sport,Tapis de yoga,2,84.51,5,CB,Site web,7.0,5.0,Livree
102274,2024-06-05,2222,Nantes,Maison,Tapis,2,55.34,0,Virement,Magasin,9.0,5.0,Livree
101501,2024-12-03,1865,Toulouse,Livres,Essai,2,13.09,5,CB,Site web,12.0,4.0,En cours
101290,2025-08-10,1657,Bordeaux,Electronique,Enceinte bluetooth,1,202.36,0,CB,Magasin,10.0,5.0,Livree
103671,2025-02-24,1855,Nantes,Maison,Etagere,5,47.33,30,Especes,Site web,3.0,4.0,Livree
101601,2024-06-03,1704,Paris,Maison,Set de cuisine,2,24.06,20,CB,Application mobile,11.0,2.0,Livree
104191,2025-04-16,2292,Toulouse,Vetements,Baskets,4,37.74,10,Especes,Site web,2.0,4.0,Livree
104302,2024-01-20,1896,Paris,Maison,Coussin,1,40.1,15,Virement,Site web,5.0,5.0,Livree
102413,2025-08-03,2097,Toulouse,Maison,Tapis,1,29.37,10,CB,Application mobile,5.0,4.0,Livree
103535,2024-03-28,2157,Strasbourg,Sport,Velo,5,46.83,10,PayPal,Site web,9.0,3.0,Livree
104252,2024-02-04,2059,Strasbourg,Sport,Velo,3,85.23,30,Virement,Magasin,13.0,4.0,Livree
102241,2025-07-11,1239,Lyon,Maison,Tapis,1,31.98,15,CB,Site web,4.0,3.0,Livree
104804,2024-11-02,1814,Bordeaux,Sport,Halteres,5,45.61,15,PayPal,Site web,7.0,4.0,Livree
104098,2024-05-14,1293,Marseille,Beaute,Creme visage,5,8.67,10,Virement,Application mobile,2.0,4.0,Livree
104784,2025-07-20,1663,Toulouse,Electronique,Ordinateur portable,1,347.68,30,CB,Application mobile,3.0,5.0,Livree
101084,2025-01-12,1347,Toulouse,Maison,Coussin,1,36.22,0,CB,Application mobile,4.0,1.0,Livree
102840,2025-01-12,2319,Toulouse,Maison,Etagere,1,55.47,30,CB,Application mobile,11.0,5.0,Livree
101516,2024-08-02,1975,Paris,Maison,Tapis,3,50.62,10,CB,Site web,2.0,3.0,Livree
104293,2025-12-25,2473,Nantes,Electronique,Ordinateur portable,5,135.44,5,CB,Application mobile,10.0,5.0,Livree
102019,2025-05-03,1422,Toulouse,Electronique,Tablette,5,150.0,10,PayPal,Site web,,5.0,Livree
103395,2024-10-22,1564,Nantes,Maison,Lampe,1,33.05,0,Especes,Application mobile,13.0,2.0,Livree
104312,2025-02-02,2468,Lille,Maison,Set de cuisine,1,30.75,20,CB,Application mobile,8.0,,Livree
101474,2025-04-01,2109,Lille,Livres,Essai,3,9.76,0,Virement,Magasin,5.0,5.0,Livree
100515,2025-10-14,1574,Lille,Maison,Tapis,4,44.52,0,Virement,Application mobile,8.0,2.0,Livree
102434,2024-05-11,1246,Marseille,Vetements,Baskets,2,52.01,0,Virement,Site web,6.0,4.0,Livree
102395,2025-12-06,2406,Strasbourg,Maison,Lampe,4,37.6,0,PayPal,Magasin,12.0,4.0,Livree
104249,2024-02-12,1515,Lille,Maison,Etagere,1,63.69,20,CB,Site web,4.0,5.0,Livree
101328,2024-07-06,1781,Strasbourg,Electronique,Casque audio,1,238.07,30,CB,Magasin,11.0,,Annulee
100615,2025-05-12,1148,Strasbourg,Livres,Essai,5,18.47,0,CB,Magasin,8.0,4.0,Livree
102850,2024-01-04,1354,Lille,Electronique,Enceinte bluetooth,2,241.43,0,Virement,Application mobile,6.0,5.0,Livree
104126,2024-09-15,1323,Lille,Vetements,T-shirt,1,26.44,0,CB,Site web,14.0,5.0,Livree
100862,2025-12-05,1963,Lille,Vetements,Veste,1,36.83,15,PayPal,Site web,6.0,5.0,En cours
101010,2024-06-01,1527,Bordeaux,Beaute,Serum,2,,0,CB,Application mobile,12.0,5.0,Livree
101878,2024-10-11,1070,Bordeaux,Maison,Etagere,2,26.19,0,CB,Magasin,2.0,5.0,Livree
100321,2025-11-20,1553,Bordeaux,Sport,Tapis de yoga,2,73.99,15,Virement,Site web,5.0,,Livree
103584,2024-12-02,1404,Toulouse,Sport,Halteres,2,58.64,20,CB,Application mobile,10.0,4.0,Livree
100194,2025-06-07,1111,Lille,Vetements,Baskets,5,41.75,0,Virement,Site web,11.0,4.0,En cours
103166,2024-03-31,2009,Marseille,Livres,BD,4,17.13,5,PayPal,Site web,7.0,,En cours
101439,2025-10-29,1707,Marseille,Electronique,Enceinte bluetooth,4,,0,CB,Site web,2.0,5.0,Livree
100210,2025-03-04,1956,Lyon,Livres,BD,2,20.77,0,CB,Application mobile,2.0,4.0,Livree
104423,2025-09-24,1019,Lille,Beaute,Serum,5,20.7,15,Especes,Site web,1.0,2.0,Annulee
103396,2024-10-22,2042,Lyon,Maison,Etagere,4,53.53,0,CB,Site web,6.0,5.0,Livree
104839,2024-02-20,2312,Lille,Maison,Tapis,1,47.74,5,CB,Application mobile,7.0,,Livree
101615,2024-03-07,1291,Strasbourg,Electronique,Tablette,1,351.7,30,CB,Site web,12.0,4.0,Livree
100234,2025-08-14,2177,Strasbourg,Beaute,Shampoing,1,24.75,0,CB,Site web,7.0,3.0,Livree
100546,2024-01-18,1168,Strasbourg,Livres,Manuel scolaire,1,17.58,30,PayPal,Application mobile,5.0,5.0,Retournee
104119,2024-10-06,1926,Marseille,Electronique,Casque audio,1,233.43,0,PayPal,Application mobile,10.0,5.0,Livree
102466,2024-08-14,1513,Nantes,Vetements,Veste,5,48.44,5,CB,Site web,10.0,4.0,Livree
102075,2025-04-27,1993,Toulouse,Electronique,Smartphone,1,243.12,5,CB,Magasin,14.0,5.0,Livree
102202,2025-10-28,1663,Lille,Electronique,Tablette,1,190.49,0,PayPal,Site web,9.0,1.0,Retournee
104156,2024-06-11,1213,Bordeaux,Vetements,Veste,1,27.54,30,CB,Site web,13.0,5.0,Livree
102438,2025-12-17,1251,Bordeaux,Vetements,Jean,5,28.81,10,PayPal,Site web,13.0,4.0,Livree
100126,2024-01-12,1451,Lyon,Maison,Etagere,4,55.13,15,CB,Application mobile,13.0,4.0,Livree
104592,2024-03-15,1932,Lyon,Electronique,Smartphone,2,195.39,5,CB,Site web,5.0,,Annulee
104977,2025-04-12,2448,Lille,Vetements,Jean,5,37.44,15,CB,Site web,9.0,3.0,Annulee
101511,2025-10-11,1824,Paris,Maison,Etagere,2,23.83,30,Especes,Application mobile,2.0,,Livree
101964,2024-12-11,1478,Bordeaux,Maison,Etagere,3,52.6,0,Virement,Site web,1.0,4.0,Livree
103556,2025-08-12,1600,Marseille,Electronique,Tablette,3,273.97,0,CB,Site web,6.0,2.0,Livree
102980,2025-02-16,1663,Lille,Maison,Coussin,5,54.9,20,CB,Application mobile,6.0,5.0,Livree
104412,2024-03-31,1143,Paris,Vetements,Baskets,1,36.41,20,PayPal,Magasin,12.0,4.0,Livree
104771,2024-04-10,1602,Paris,Electronique,Ordinateur portable,1,33.78,20,PayPal,Magasin,9.0,4.0,En cours
104304,2025-02-18,1522,Lyon,Electronique,Smartphone,2,330.96,0,CB,Application mobile,13.0,,Annulee
100867,2025-03-13,1425,Lyon,Livres,BD,1,19.13,0,CB,Magasin,7.0,4.0,En cours
100760,2024-11-16,1013,Marseille,Beaute,Parfum,1,21.88,20,PayPal,Site web,7.0,3.0,En cours
100788,2025-11-07,1680,Marseille,Sport,Montre connectee,3,55.75,10,PayPal,Magasin,2.0,,Livree
103862,2024-08-17,2002,Nantes,Maison,Tapis,1,44.1,0,CB,Site web,7.0,5.0,Livree
100466,2024-04-15,2030,Paris,Maison,Tapis,2,25.03,10,Especes,Site web,2.0,5.0,Livree
100840,2025-07-28,2405,Paris,Beaute,Creme visage,1,28.24,0,CB,Site web,6.0,4.0,Livree
101754,2024-02-07,1543,Toulouse,Electronique,Smartphone,3,338.66,10,PayPal,Site web,3.0,4.0,Livree
100455,2025-08-10,1978,Bordeaux,Sport,Montre connectee,2,57.41,0,CB,Site web,10.0,,Annulee
100989,2024-11-10,1931,Lyon,Vetements,Jean,4,38.67,10,Especes,Site web,11.0,2.0,Livree
102040,2024-11-08,2017,Toulouse,Vetements,T-shirt,1,24.79,20,CB,Site web,7.0,4.0,En cours
104902,2024-04-23,2411,Paris,Maison,Coussin,1,24.98,0,PayPal,Magasin,4.0,2.0,Livree
104235,2025-11-11,1343,Nantes,Maison,Set de cuisine,4,55.65,30,CB,Application mobile,14.0,2.0,Annulee
101459,2024-02-05,1539,Paris,Livres,Manuel scolaire,1,17.13,5,PayPal,Site web,6.0,5.0,Livree
101729,2025-09-07,1008,Lille,Electronique,Ordinateur portable,5,172.12,30,CB,Application mobile,5.0,5.0,En cours
100710,2024-09-08,2194,Strasbourg,Vetements,Robe,1,28.62,10,CB,Site web,13.0,5.0,Livree
100270,2024-02-06,2282,Bordeaux,Vetements,Baskets,1,41.05,10,CB,Magasin,12.0,5.0,Livree
103800,2024-02-26,1338,Nantes,Electronique,Smartphone,5,191.13,10,PayPal,Site web,13.0,,Livree
101863,2024-11-29,2367,Marseille,Electronique,Ordinateur portable,2,363.94,0,PayPal,Site web,9.0,3.0,Livree
103017,2024-01-21,1491,Lille,Electronique,Tablette,2,247.57,5,CB,Application mobile,3.0,3.0,En cours
101088,2025-04-15,1986,Lyon,Maison,Tapis,5,34.43,0,CB,Application mobile,10.0,,Livree
104745,2024-10-25,1115,Nantes,Electronique,Smartphone,1,62.74,10,CB,Site web,13.0,5.0,Livree
100197,2024-06-16,2390,Strasbourg,Vetements,Veste,1,23.51,0,PayPal,Site web,13.0,4.0,Livree
101243,2025-01-16,1050,Paris,Sport,Velo,2,35.43,0,Virement,Site web,13.0,3.0,Livree
104399,2024-02-23,1589,Paris,Electronique,Enceinte bluetooth,1,199.67,0,CB,Application mobile,2.0,4.0,Livree
102093,2024-12-13,2051,Paris,Electronique,Enceinte bluetooth,2,319.35,0,PayPal,Site web,14.0,4.0,En cours
101167,2025-04-25,1286,Marseille,Electronique,Casque audio,2,332.04,15,Virement,Site web,8.0,,Livree
100481,2024-08-08,1202,Lille,Beaute,Rouge a levres,1,18.58,0,PayPal,Site web,4.0,4.0,Livree
102687,2025-05-17,2163,Marseille,Electronique,Casque audio,3,260.71,20,CB,Application mobile,14.0,3.0,Livree
104073,2025-01-22,1507,Toulouse,Maison,Set de cuisine,1,27.24,0,PayPal,Site web,7.0,,Annulee
100593,2024-08-23,1596,Nantes,Vetements,Jean,4,30.57,0,CB,Site web,12.0,5.0,Livree
100768,2025-03-16,1536,Marseille,Electronique,Tablette,2,,20,Virement,Application mobile,11.0,2.0,Livree
103970,2025-04-12,1703,Marseille,Livres,BD,5,12.56,0,Especes,Site web,1.0,,Annulee
101493,2025-11-21,1304,Marseille,Livres,Livre de cuisine,1,12.38,15,CB,Site web,10.0,,Annulee
103905,2025-09-02,1511,Paris,Electronique,Smartphone,1,212.22,5,Virement,Magasin,4.0,4.0,Livree
102963,2025-07-05,1192,Bordeaux,Sport,Tapis de yoga,1,67.03,10,CB,Application mobile,9.0,5.0,Livree
101341,2025-12-08,2300,Lyon,Electronique,Tablette,1,232.08,15,Virement,Application mobile,14.0,4.0,Livree
102506,2025-07-15,1873,Paris,Electronique,Smartphone,5,251.04,5,CB,Application mobile,14.0,2.0,Retournee
103448,2024-01-26,1266,Lille,Vetements,Jean,2,41.09,10,Especes,Site web,5.0,2.0,Livree
103368,2025-06-30,1323,Nantes,Electronique,Enceinte bluetooth,2,333.92,10,CB,Site web,13.0,2.0,Retournee
104585,2024-12-20,2428,Lille,Vetements,Robe,4,25.59,0,CB,Application mobile,11.0,5.0,Annulee
101412,2025-10-16,2010,Toulouse,Maison,Lampe,1,28.09,0,PayPal,Site web,2.0,5.0,Livree
104895,2024-08-06,1278,Toulouse,Livres,Essai,1,,30,PayPal,Magasin,7.0,4.0,Livree
100885,2024-02-18,1299,Paris,Sport,Halteres,1,25.07,0,CB,Site web,13.0,,Livree
102007,2025-01-22,1049,Toulouse,Electronique,Casque audio,5,359.25,0,CB,Site web,7.0,,En cours
100990,2024-02-07,2249,Strasbourg,Vetements,T-shirt,2,48.32,0,CB,Application mobile,14.0,1.0,Livree
103973,2024-08-16,1089,Paris,Vetements,Baskets,1,42.71,30,CB,Site web,7.0,5.0,Livree
103774,2024-10-16,1259,Bordeaux,Electronique,Smartphone,1,231.43,5,CB,Magasin,3.0,3.0,Livree
104919,2024-03-29,2117,Bordeaux,Maison,Set de cuisine,3,60.56,20,PayPal,Application mobile,14.0,5.0,Livree
101403,2025-10-30,1315,Toulouse,Maison,Tapis,5,46.82,5,PayPal,Site web,14.0,2.0,Livree
100562,2024-04-29,1725,Nantes,Electronique,Smartphone,1,234.78,0,PayPal,Site web,7.0,3.0,Livree
100266,2025-12-05,1199,Strasbourg,Beaute,Shampoing,1,13.39,15,CB,Site web,4.0,4.0,Livree
100177,2025-09-14,2383,Paris,Vetements,T-shirt,2,45.55,20,Virement,Magasin,1.0,,Annulee
104617,2025-03-04,1376,Marseille,Livres,Manuel scolaire,2,17.61,10,CB,Application mobile,8.0,3.0,Livree
102630,2025-05-05,2409,Toulouse,Maison,Tapis,4,65.48,0,PayPal,Application mobile,5.0,5.0,Livree
101369,2024-08-26,1837,Strasbourg,Beaute,Shampoing,2,23.3,10,PayPal,Magasin,12.0,4.0,Livree
103294,2025-12-25,1469,Lille,Vetements,T-shirt,1,39.29,0,CB,Site web,7.0,4.0,Livree
101690,2024-08-20,1096,Nantes,Vetements,Veste,2,24.89,5,PayPal,Magasin,12.0,5.0,Livree
101389,2024-03-10,1867,Nantes,Vetements,Baskets,1,54.41,5,CB,Application mobile,8.0,3.0,Livree
100076,2025-08-23,1245,Strasbourg,Electronique,Smartphone,1,217.6,0,CB,Site web,9.0,5.0,Livree
104129,2024-03-31,1905,Lyon,Beaute,Rouge a levres,2,15.74,20,CB,Site web,7.0,,Livree
100683,2024-09-05,2230,Marseille,Vetements,Robe,4,44.06,0,CB,Application mobile,5.0,4.0,Livree
103158,2024-02-27,1695,Strasbourg,Electronique,Casque audio,5,267.08,0,CB,Application mobile,11.0,4.0,Livree
102886,2025-11-11,1943,Nantes,Vetements,Veste,5,26.19,15,PayPal,Magasin,6.0,1.0,Livree
100675,2024-09-14,2081,Toulouse,Vetements,Baskets,1,35.04,20,PayPal,Site web,8.0,5.0,Livree
101839,2024-12-30,1824,Toulouse,Sport,Tapis de yoga,3,55.94,30,Virement,Site web,3.0,5.0,Retournee
101826,2024-01-23,1563,Paris,Vetements,Baskets,5,,0,CB,Site web,7.0,3.0,Livree
102418,2024-06-11,1338,Bordeaux,Electronique,Smartphone,1,271.4,20,PayPal,Application mobile,5.0,4.0,Retournee
101001,2025-10-20,1225,Toulouse,Maison,Coussin,1,54.52,30,CB,Application mobile,13.0,2.0,En cours
100027,2025-10-16,1454,Toulouse,Sport,Montre connectee,4,94.14,10,PayPal,Site web,14.0,5.0,Livree
103604,2025-03-06,1101,Bordeaux,Sport,Montre connectee,1,65.79,15,CB,Site web,12.0,4.0,En cours
102384,2024-01-20,1627,Paris,Livres,Essai,1,15.48,0,CB,Application mobile,14.0,4.0,Livree
104669,2025-01-12,1638,Lille,Vetements,Robe,1,28.17,10,CB,Site web,13.0,4.0,Livree
100517,2025-03-16,1660,Toulouse,Beaute,Shampoing,2,21.58,0,CB,Application mobile,8.0,5.0,Livree
100300,2025-04-13,2150,Paris,Livres,Manuel scolaire,1,14.86,20,CB,Site web,14.0,,Annulee
102639,2025-02-09,2181,Lille,Sport,Ballon,3,75.17,30,Especes,Magasin,2.0,5.0,Livree
100402,2024-12-30,2230,Marseille,Vetements,Jean,2,24.28,20,PayPal,Application mobile,6.0,5.0,Livree
101841,2025-08-13,1725,Marseille,Vetements,Robe,1,22.14,30,CB,Magasin,14.0,4.0,Livree
100654,2025-03-15,1550,Paris,Maison,Set de cuisine,1,54.77,30,CB,Magasin,4.0,4.0,Livree
104264,2024-07-30,2312,Lille,Sport,Tapis de yoga,1,89.5,5,PayPal,Application mobile,5.0,5.0,Livree
101190,2024-09-03,1595,Marseille,Vetements,Baskets,4,33.57,0,PayPal,Magasin,3.0,,Livree
104934,2025-10-23,1634,Lyon,Electronique,Casque audio,1,270.6,0,PayPal,Application mobile,14.0,1.0,Livree
101822,2025-11-04,2252,Strasbourg,Sport,Montre connectee,3,60.57,0,CB,Magasin,12.0,5.0,Retournee
102703,2024-10-02,1428,Toulouse,Electronique,Tablette,2,208.53,0,PayPal,Magasin,2.0,3.0,Livree
103506,2025-08-05,1401,Paris,Electronique,Ordinateur portable,1,54.15,15,CB,Magasin,11.0,4.0,Livree
103902,2024-10-11,1165,Lille,Beaute,Parfum,4,27.93,0,CB,Magasin,12.0,2.0,Livree
101324,2025-04-01,1065,Nantes,Electronique,Tablette,1,157.2,20,Especes,Application mobile,7.0,4.0,Livree
102694,2025-06-09,1769,Paris,Maison,Etagere,1,56.72,20,CB,Site web,11.0,5.0,Livree
100045,2025-06-18,2427,Paris,Sport,Halteres,2,80.92,15,CB,Application mobile,9.0,5.0,Livree
101787,2025-08-31,1579,Lille,Vetements,T-shirt,4,37.21,10,Especes,Application mobile,7.0,5.0,Livree
104093,2024-04-14,2328,Nantes,Electronique,Smartphone,1,223.35,20,PayPal,Magasin,10.0,4.0,Livree
104490,2024-07-29,1979,Nantes,Electronique,Casque audio,1,268.28,5,CB,Magasin,3.0,,Livree
104777,2025-08-15,1937,Lille,Maison,Etagere,1,52.96,5,PayPal,Application mobile,14.0,4.0,Livree
101743,2025-07-14,1599,Bordeaux,Electronique,Casque audio,5,149.75,5,CB,Site web,9.0,5.0,Livree
104719,2024-03-06,1452,Toulouse,Vetements,Jean,1,30.9,0,PayPal,Application mobile,14.0,3.0,En cours
100097,2025-03-24,1850,Paris,Sport,Tapis de yoga,1,62.03,10,PayPal,Site web,6.0,1.0,Livree
101495,2024-01-28,2407,,Vetements,Robe,4,41.03,15,CB,Site web,11.0,4.0,Livree
103328,2025-11-09,1186,Bordeaux,Electronique,Smartphone,2,3.0,0,Especes,Application mobile,4.0,4.0,Livree
101536,2025-11-30,1354,Lyon,Maison,Etagere,2,8.28,5,CB,Site web,12.0,3.0,Livree
102270,2025-12-01,1371,Nantes,Livres,BD,3,15.08,0,CB,Site web,9.0,4.0,Annulee
101726,2025-06-23,1096,Nantes,Sport,Ballon,2,73.28,5,PayPal,Site web,4.0,4.0,Livree
104335,2024-12-28,1076,Toulouse,Sport,Ballon,2,54.19,15,CB,Site web,8.0,5.0,Livree
101052,2025-07-08,1951,Marseille,Maison,Set de cuisine,1,67.2,20,CB,Application mobile,1.0,5.0,Livree
102562,2024-11-15,1322,Toulouse,Electronique,Ordinateur portable,1,278.96,10,Virement,Application mobile,4.0,,Annulee
100093,2024-04-26,2367,Lyon,Beaute,Serum,4,14.56,20,CB,Site web,8.0,,Livree
104664,2024-08-18,1917,Nantes,Sport,Halteres,2,38.46,20,CB,Site web,,3.0,En cours
102513,2025-09-28,2009,Toulouse,Sport,Montre connectee,1,57.39,30,Virement,Magasin,1.0,4.0,Livree
104405,2025-08-13,2098,Paris,Sport,Tapis de yoga,4,66.92,0,CB,Magasin,14.0,4.0,Livree
104538,2024-01-04,1233,Bordeaux,Sport,Halteres,1,42.9,10,CB,Site web,5.0,4.0,Livree
101706,2024-07-31,1989,Strasbourg,Vetements,Robe,2,47.59,5,PayPal,Application mobile,8.0,5.0,Livree
101164,2025-04-09,1641,Nantes,Electronique,Ordinateur portable,4,160.79,5,CB,Magasin,6.0,3.0,Livree
100398,2025-05-19,1197,Toulouse,Vetements,T-shirt,1,29.81,15,PayPal,Site web,7.0,4.0,Livree
100222,2024-05-05,2042,Strasbourg,Maison,Set de cuisine,5,28.23,5,CB,Application mobile,6.0,5.0,Livree
100302,2024-02-01,2313,Strasbourg,Electronique,Casque audio,2,174.09,0,CB,Site web,4.0,4.0,Livree
100087,2025-10-03,1759,Strasbourg,Sport,Tapis de yoga,4,53.83,30,Especes,Site web,11.0,5.0,Livree
101008,2025-07-08,1998,Bordeaux,Livres,Essai,1,18.32,0,CB,Magasin,5.0,3.0,Livree
101371,2025-01-26,1162,Marseille,Sport,Velo,1,62.09,0,CB,Site web,11.0,5.0,Livree
102123,2024-09-24,1183,Marseille,Maison,Tapis,2,53.18,30,PayPal,Application mobile,2.0,4.0,Livree
100588,2025-02-08,2361,Strasbourg,Sport,Ballon,4,34.32,5,CB,Site web,6.0,4.0,Livree
102958,2025-08-19,2140,Strasbourg,Maison,Etagere,4,34.15,0,Virement,Magasin,11.0,5.0,Livree
102368,2025-05-27,2151,Paris,Electronique,Casque audio,3,257.65,15,PayPal,Site web,1.0,4.0,En cours
104681,2024-09-25,1653,Lyon,Livres,Manuel scolaire,2,17.46,0,PayPal,Site web,7.0,4.0,Livree
101358,2024-07-16,1919,Strasbourg,Livres,BD,4,22.68,0,PayPal,Magasin,5.0,5.0,Livree
103002,2024-07-11,2023,Nantes,Beaute,Rouge a levres,1,17.58,10,CB,Site web,12.0,,Annulee
104177,2024-06-18,2202,Strasbourg,Electronique,Enceinte bluetooth,3,185.49,15,CB,Site web,14.0,2.0,Retournee
104683,2024-10-12,2221,Nantes,Electronique,Casque audio,1,231.19,10,CB,Site web,11.0,5.0,Livree
101710,2024-03-17,2356,Lille,Vetements,Veste,2,49.02,0,CB,Site web,13.0,5.0,Livree
102903,2025-12-28,1325,Marseille,Sport,Halteres,1,,0,CB,Site web,4.0,,Annulee
101109,2024-07-23,1433,Paris,Electronique,Tablette,1,300.62,0,PayPal,Application mobile,4.0,5.0,En cours
101375,2024-10-15,1179,Paris,Beaute,Serum,4,24.97,5,CB,Site web,14.0,4.0,Livree
102403,2024-05-29,2394,Toulouse,Maison,Lampe,2,23.16,30,Especes,Site web,4.0,1.0,Livree
100587,2025-06-06,1075,Lyon,Beaute,Creme visage,1,28.78,20,CB,Magasin,7.0,4.0,Livree
100211,2024-05-24,1323,Strasbourg,Livres,Manuel scolaire,4,,30,Especes,Magasin,5.0,4.0,Livree
101548,2024-02-08,1003,Marseille,Electronique,Tablette,1,210.44,0,Virement,Application mobile,4.0,,Annulee
101200,2024-02-19,1855,Lyon,Sport,Halteres,1,68.41,0,CB,Site web,9.0,4.0,Livree
103798,2025-07-30,2351,Lyon,Beaute,Rouge a levres,2,20.32,20,CB,Magasin,10.0,4.0,Livree
101406,2025-07-01,1996,Lyon,Vetements,Robe,3,23.1,15,CB,Application mobile,2.0,4.0,En cours
102516,2025-01-03,1185,Marseille,Electronique,Tablette,1,311.22,10,CB,Site web,8.0,,Livree
104407,2025-05-26,2004,Bordeaux,Livres,Manuel scolaire,1,11.42,0,CB,Application mobile,4.0,4.0,Livree
101481,2024-07-13,1552,Lyon,Livres,Roman,1,16.9,5,CB,Application mobile,9.0,3.0,Livree
102632,2024-07-03,1599,Lyon,Electronique,Ordinateur portable,4,115.45,0,CB,Site web,5.0,4.0,Livree
104384,2025-04-06,2200,Paris,Vetements,T-shirt,5,21.49,30,PayPal,Site web,13.0,5.0,Livree
101072,2025-07-05,1228,Paris,Sport,Montre connectee,1,98.99,15,Especes,Application mobile,9.0,4.0,Livree
102218,2025-09-29,1751,Lyon,Electronique,Enceinte bluetooth,4,405.81,20,CB,Application mobile,11.0,4.0,Livree
103912,2024-10-10,2457,Toulouse,Vetements,Baskets,5,30.65,15,CB,Site web,14.0,4.0,Livree
101685,2025-02-25,1420,Toulouse,Electronique,Ordinateur portable,3,266.39,30,CB,Magasin,2.0,3.0,Livree
101443,2025-12-15,1784,Marseille,Maison,Tapis,5,56.22,20,PayPal,Site web,2.0,4.0,Livree
102261,2025-03-16,1699,Strasbourg,Electronique,Tablette,1,195.0,0,PayPal,Site web,2.0,1.0,Livree
100265,2025-12-12,2341,Lyon,Vetements,T-shirt,5,29.66,0,Virement,Magasin,4.0,3.0,Livree
103840,2024-03-02,1776,Nantes,Sport,Tapis de yoga,1,28.01,0,Especes,Application mobile,7.0,4.0,Livree
101783,2025-06-07,1729,Paris,Vetements,Veste,1,49.48,30,CB,Site web,11.0,3.0,Livree
101931,2025-05-06,2112,Lyon,Vetements,Robe,1,35.08,15,CB,Site web,10.0,2.0,Livree
100628,2025-08-30,1975,Lyon,Vetements,Jean,1,41.35,0,CB,Application mobile,14.0,4.0,Livree
104334,2024-10-31,2297,Lille,Maison,Tapis,2,44.32,10,PayPal,Site web,2.0,3.0,Livree
102565,2024-05-31,2111,Lille,Beaute,Shampoing,4,19.8,10,CB,Site web,5.0,4.0,Livree
100128,2025-02-07,1676,Strasbourg,Livres,Livre de cuisine,2,6.13,0,CB,Magasin,3.0,5.0,Livree
103740,2024-02-09,1960,Lyon,Electronique,Casque audio,1,316.78,0,CB,Magasin,2.0,,Annulee
101881,2025-10-16,1477,Lyon,Vetements,Robe,1,45.85,0,CB,Application mobile,9.0,2.0,Livree
100058,2024-06-28,1181,Lyon,Maison,Set de cuisine,3,44.2,5,CB,Application mobile,10.0,2.0,Livree
101465,2024-11-19,2211,Paris,Beaute,Creme visage,5,19.33,0,Virement,Application mobile,10.0,5.0,Livree
103934,2025-07-12,1401,Lille,Vetements,Robe,1,30.27,10,PayPal,Site web,3.0,4.0,Livree
101670,2024-07-03,2167,Strasbourg,Maison,Lampe,1,30.95,15,Virement,Magasin,14.0,5.0,Livree
101875,2024-12-15,1280,Strasbourg,Livres,Manuel scolaire,4,20.79,20,CB,Application mobile,3.0,3.0,Annulee
101195,2024-08-23,2096,Lille,Electronique,Smartphone,2,180.44,0,PayPal,Application mobile,3.0,5.0,Livree
104855,2025-03-28,1597,Toulouse,Vetements,Jean,1,45.4,5,CB,Site web,14.0,3.0,Livree
101295,2025-09-11,2439,Strasbourg,Maison,Set de cuisine,3,49.4,30,PayPal,Application mobile,5.0,4.0,Livree
101151,2025-12-07,1429,Toulouse,Livres,Roman,1,12.24,0,PayPal,Site web,11.0,4.0,Livree
101082,2025-05-02,1582,Strasbourg,Vetements,T-shirt,4,43.34,10,PayPal,Magasin,6.0,3.0,Livree
101598,2025-08-05,1513,Bordeaux,Livres,Roman,2,29.95,20,PayPal,Site web,12.0,5.0,Livree
103852,2024-08-11,1877,Strasbourg,Livres,Livre de cuisine,5,7.14,0,CB,Site web,4.0,4.0,Livree
102444,2024-11-13,2108,Lyon,Maison,Tapis,3,53.12,30,CB,Application mobile,8.0,5.0,Livree
101252,2024-05-28,1615,Bordeaux,Maison,Lampe,4,,0,CB,Site web,5.0,2.0,Livree
100414,2025-07-17,1007,Paris,Vetements,Veste,2,42.27,0,Especes,Magasin,4.0,4.0,Livree
101703,2025-07-17,2451,Bordeaux,Sport,Montre connectee,2,65.2,0,CB,Site web,,4.0,Livree
103344,2024-01-09,1801,Nantes,Electronique,Ordinateur portable,5,119.83,0,Virement,Application mobile,4.0,,En cours
104616,2024-01-24,1261,Bordeaux,Vetements,Jean,2,31.63,15,CB,Site web,8.0,4.0,Retournee
103822,2025-03-11,2164,Lille,Vetements,Jean,2,41.43,0,CB,Site web,5.0,4.0,Livree
101748,2024-06-03,1240,Paris,Vetements,Robe,3,9.67,30,Especes,Magasin,10.0,4.0,Livree
104255,2024-10-18,1132,Marseille,Electronique,Casque audio,5,235.42,30,CB,Magasin,5.0,4.0,Livree
103021,2025-04-16,2390,Marseille,Maison,Set de cuisine,3,49.98,0,Especes,Site web,7.0,,Livree
102608,2024-03-02,2205,Paris,Maison,Lampe,3,31.86,0,Virement,Application mobile,6.0,5.0,Retournee
104960,2025-09-25,2404,Strasbourg,Sport,Montre connectee,4,49.69,30,PayPal,Application mobile,2.0,4.0,Livree
104714,2024-01-16,1647,Strasbourg,Beaute,Rouge a levres,1,20.14,30,PayPal,Magasin,11.0,5.0,Livree
104276,2025-10-19,2155,Lille,Beaute,Serum,1,,0,PayPal,Site web,1.0,4.0,Livree
101340,2025-03-24,2438,Paris,Maison,Set de cuisine,4,34.49,0,PayPal,Site web,3.0,4.0,Livree
100891,2025-11-27,1381,Paris,Maison,Lampe,5,60.05,15,PayPal,Magasin,,3.0,Livree
101098,2024-09-28,1483,Lille,Maison,Lampe,2,36.61,30,CB,Site web,3.0,5.0,Livree
102352,2025-06-16,2447,Strasbourg,Maison,Lampe,3,66.84,0,CB,Site web,10.0,2.0,Livree
104314,2024-04-27,1330,Nantes,Vetements,T-shirt,1,29.84,0,PayPal,Site web,11.0,,Annulee
103340,2024-01-02,2076,Strasbourg,Vetements,Robe,2,41.76,10,PayPal,Site web,2.0,4.0,Livree
103571,2025-12-17,2154,Nantes,Sport,Tapis de yoga,2,45.22,15,CB,Application mobile,3.0,4.0,Livree
101776,2025-10-29,1140,Marseille,Sport,Ballon,4,52.92,0,CB,Site web,2.0,5.0,Livree
101978,2025-01-10,2476,Bordeaux,Maison,Set de cuisine,2,41.7,0,CB,Application mobile,8.0,4.0,Retournee
104357,2024-06-13,1183,Marseille,Vetements,Baskets,2,37.5,15,Especes,Site web,6.0,3.0,Livree
103376,2024-06-01,1383,Bordeaux,Maison,Coussin,2,50.39,10,Virement,Application mobile,2.0,4.0,Livree
103444,2025-11-08,2072,Marseille,Maison,Set de cuisine,2,62.42,0,CB,Site web,11.0,,En cours
104675,2024-02-29,1981,Bordeaux,Maison,Etagere,1,57.07,0,Especes,Magasin,1.0,4.0,Livree
104728,2025-06-20,1857,Toulouse,Beaute,Serum,1,16.57,20,CB,Site web,1.0,2.0,Livree
101061,2024-05-19,1490,Nantes,Electronique,Smartphone,2,200.48,20,CB,Site web,2.0,4.0,Livree
103305,2024-07-02,1648,Strasbourg,Electronique,Enceinte bluetooth,2,201.13,0,CB,Site web,3.0,2.0,Livree
103423,2025-07-15,1731,Bordeaux,Vetements,Baskets,1,40.5,0,CB,Application mobile,14.0,4.0,Livree
103634,2024-11-06,1542,Toulouse,Livres,Essai,1,12.84,10,CB,Site web,12.0,5.0,En cours
102500,2024-02-15,2299,Paris,Beaute,Rouge a levres,1,24.4,20,CB,Application mobile,13.0,5.0,Livree
101998,2025-11-08,1552,Nantes,Electronique,Smartphone,2,81.54,0,Virement,Site web,12.0,4.0,Livree
104418,2025-03-27,1738,Nantes,Sport,Halteres,4,72.63,0,CB,Site web,11.0,5.0,Livree
100208,2025-03-09,1196,Paris,Sport,Velo,4,38.09,10,CB,Site web,7.0,1.0,Annulee
101165,2025-06-05,1251,Lille,Beaute,Creme visage,1,12.0,5,CB,Site web,3.0,5.0,Livree
101721,2025-02-27,1827,Bordeaux,Vetements,Robe,3,57.26,0,PayPal,Application mobile,3.0,3.0,Livree
101583,2024-02-03,1979,Toulouse,Beaute,Serum,4,22.3,15,CB,Magasin,9.0,4.0,Livree
100263,2024-10-22,1398,Paris,Sport,Velo,2,46.5,0,CB,Site web,11.0,4.0,Livree
103418,2024-08-12,1462,Paris,Maison,Tapis,2,50.16,5,Virement,Site web,7.0,4.0,Livree
104571,2024-01-25,1495,Lyon,Beaute,Rouge a levres,1,10.88,0,PayPal,Site web,6.0,3.0,Livree
103384,2025-04-07,2230,Lyon,Beaute,Serum,1,29.39,10,CB,Site web,6.0,4.0,Livree
103313,2024-04-24,2354,Lille,Maison,Set de cuisine,1,40.2,20,CB,Magasin,9.0,4.0,Livree
101170,2025-10-03,1099,Lyon,Vetements,T-shirt,3,45.35,0,CB,Site web,13.0,3.0,Livree
102012,2025-10-24,1039,Marseille,Electronique,Ordinateur portable,4,185.9,0,CB,Site web,9.0,3.0,Livree
102873,2024-01-09,1375,Bordeaux,Electronique,Ordinateur portable,1,252.64,0,PayPal,Site web,5.0,4.0,Livree
104987,2024-04-10,1982,Toulouse,Sport,Montre connectee,2,75.25,5,CB,Site web,11.0,2.0,Annulee
104333,2024-01-01,1078,Nantes,Electronique,Casque audio,5,265.08,0,PayPal,Site web,7.0,5.0,En cours
104931,2024-05-10,2387,Lyon,Vetements,Robe,1,29.12,0,Especes,Application mobile,12.0,5.0,Livree
101270,2024-11-19,2043,Strasbourg,Electronique,Tablette,1,321.63,0,PayPal,Site web,11.0,2.0,Livree
103431,2025-04-14,1095,Lille,Maison,Set de cuisine,2,49.19,0,CB,Site web,9.0,5.0,Livree
101391,2025-12-08,1425,Toulouse,Vetements,Jean,3,31.51,30,Especes,Site web,1.0,3.0,Livree
104472,2025-07-12,1484,Strasbourg,Sport,Ballon,2,53.52,10,CB,Magasin,10.0,3.0,Annulee
104501,2024-02-22,1951,Toulouse,Vetements,T-shirt,4,45.0,0,CB,Application mobile,3.0,3.0,Livree
100901,2024-02-27,1443,Marseille,Electronique,Ordinateur portable,1,316.08,15,PayPal,Site web,3.0,3.0,Livree
103014,2024-04-17,2274,Strasbourg,Vetements,Jean,1,36.14,30,CB,Magasin,6.0,4.0,Livree
101161,2024-06-20,2136,Lille,Electronique,Ordinateur portable,1,213.23,5,Especes,Site web,13.0,5.0,Livree
101483,2024-05-01,2409,Lyon,Electronique,Casque audio,2,133.45,30,Virement,Site web,,5.0,Livree
103445,2024-08-13,1224,Lyon,Electronique,Smartphone,5,191.7,5,CB,Application mobile,8.0,5.0,Livree
104081,2025-08-19,1491,Paris,Electronique,Tablette,4,133.04,0,Virement,Application mobile,3.0,3.0,Livree
104352,2025-07-21,2070,Lille,Livres,BD,1,,20,CB,Site web,8.0,5.0,Livree
103426,2024-10-02,1213,Lyon,Maison,Tapis,5,51.83,10,CB,Site web,13.0,5.0,Livree
101301,2025-03-11,1178,Bordeaux,Sport,Tapis de yoga,1,56.54,20,PayPal,Magasin,12.0,4.0,Livree
100631,2025-12-20,1035,Strasbourg,Sport,Montre connectee,2,74.98,0,CB,Site web,2.0,2.0,Annulee
102264,2024-09-05,1238,Toulouse,Livres,Manuel scolaire,2,11.9,5,CB,Site web,13.0,5.0,Livree
101970,2024-05-11,1705,Strasbourg,Livres,Essai,2,22.67,5,CB,Application mobile,11.0,2.0,Livree
102310,2024-04-14,1380,Lyon,Beaute,Shampoing,2,,20,PayPal,Site web,6.0,5.0,Livree
101409,2024-03-30,2212,Nantes,Beaute,Shampoing,2,13.51,10,CB,Application mobile,6.0,5.0,Livree
104168,2025-06-02,1819,Lyon,Beaute,Creme visage,3,17.41,30,CB,Site web,6.0,4.0,Livree
101476,2024-06-29,1221,Strasbourg,Vetements,Robe,3,43.16,5,CB,Site web,10.0,,Livree
103623,2024-04-01,2260,Toulouse,Vetements,Robe,5,31.79,20,CB,Magasin,,4.0,Livree
100689,2024-04-13,1932,Lyon,Maison,Set de cuisine,2,51.88,20,CB,Site web,9.0,2.0,Livree
101038,2025-04-28,1518,Marseille,Electronique,Tablette,3,177.12,0,CB,Site web,7.0,3.0,Livree
103689,2025-08-17,1819,Nantes,Electronique,Ordinateur portable,1,225.19,10,PayPal,Site web,1.0,,Annulee
100050,2024-11-20,1557,Lyon,Vetements,Jean,1,52.22,15,Especes,Magasin,13.0,4.0,Livree
103743,2024-07-23,1528,Strasbourg,Maison,Coussin,1,31.84,0,PayPal,Application mobile,6.0,4.0,Retournee
102235,2025-10-30,1431,Strasbourg,Maison,Coussin,5,40.89,5,CB,Magasin,5.0,4.0,Livree
100373,2024-12-22,1391,Marseille,Electronique,Tablette,1,210.06,20,PayPal,Magasin,12.0,5.0,Livree
102047,2024-05-10,2418,Nantes,Sport,Velo,3,88.87,15,CB,Site web,12.0,5.0,En cours
100697,2025-11-06,1727,Nantes,Livres,Essai,2,20.5,0,CB,Site web,1.0,5.0,Livree
103150,2025-11-11,2408,Lille,Livres,BD,2,18.58,0,CB,Magasin,3.0,3.0,Livree
100029,2024-03-11,2295,Toulouse,Maison,Tapis,5,16.99,0,Especes,Application mobile,9.0,,Livree
104727,2025-06-14,1051,Paris,Vetements,Baskets,2,45.23,15,CB,Site web,7.0,,Annulee
102782,2024-02-21,2151,Paris,Vetements,Baskets,1,24.24,0,PayPal,Application mobile,9.0,5.0,Annulee
104424,2024-11-25,1340,Toulouse,Sport,Halteres,4,36.84,20,CB,Application mobile,8.0,5.0,Livree
101604,2025-07-01,1674,Strasbourg,Vetements,T-shirt,2,35.51,5,PayPal,Application mobile,7.0,3.0,Livree
103737,2025-07-19,2496,Toulouse,Maison,Etagere,1,42.45,5,CB,Magasin,10.0,2.0,En cours
103533,2025-11-03,1119,Nantes,Sport,Velo,1,37.69,10,CB,Site web,5.0,4.0,Livree
103312,2024-12-25,2433,Lyon,Electronique,Casque audio,1,191.5,0,CB,Application mobile,8.0,5.0,En cours
102102,2024-01-09,1040,Paris,Vetements,Jean,3,53.12,20,PayPal,Application mobile,14.0,5.0,Retournee
101985,2025-01-14,2481,Lille,Vetements,T-shirt,2,59.89,30,Virement,Site web,8.0,,Annulee
102286,2025-07-07,1576,Toulouse,Beaute,Parfum,1,19.0,5,CB,Application mobile,2.0,4.0,Livree
103968,2024-03-06,2166,Bordeaux,Maison,Tapis,1,54.64,20,CB,Site web,6.0,3.0,En cours
104060,2025-04-18,2350,Bordeaux,Vetements,Jean,1,32.76,0,PayPal,Site web,5.0,5.0,Livree
102287,2025-02-08,1674,Lyon,Electronique,Tablette,1,144.44,10,PayPal,Site web,11.0,5.0,En cours
103434,2024-11-03,1898,Marseille,Livres,Roman,1,24.42,15,PayPal,Site web,1.0,5.0,Livree
102038,2024-04-20,1575,Nantes,Vetements,Robe,5,27.6,0,PayPal,Site web,10.0,5.0,Livree
100693,2024-11-22,2018,Lille,Beaute,Serum,4,23.04,0,Especes,Site web,10.0,4.0,Livree
102701,2025-12-02,1011,Strasbourg,Maison,Etagere,2,51.74,30,CB,Application mobile,11.0,1.0,Livree
103188,2024-01-01,1692,Nantes,Maison,Coussin,1,56.03,30,CB,Site web,3.0,4.0,Livree
101187,2025-03-27,1855,Paris,Vetements,Veste,2,44.97,0,CB,Magasin,7.0,4.0,En cours
100188,2024-11-29,1087,Marseille,Livres,Livre de cuisine,2,10.09,0,PayPal,Magasin,6.0,4.0,Livree
102307,2025-12-05,2361,Toulouse,Livres,BD,5,21.57,0,CB,Application mobile,2.0,4.0,Livree
104364,2025-07-17,2344,Lille,Vetements,Veste,1,40.71,20,Virement,Site web,12.0,2.0,Livree
102335,2025-09-11,2076,Lyon,Sport,Ballon,3,58.27,0,CB,Application mobile,12.0,,Annulee
102889,2024-01-03,2020,Lille,Electronique,Ordinateur portable,1,390.52,0,PayPal,Site web,5.0,5.0,Livree
101097,2024-06-05,2256,Marseille,Livres,Livre de cuisine,2,10.32,30,CB,Site web,9.0,5.0,Livree
103407,2024-06-06,1686,Lille,Electronique,Ordinateur portable,2,359.04,0,CB,Site web,1.0,3.0,Livree
104344,2025-08-23,1064,Lille,Beaute,Parfum,3,22.48,15,CB,Site web,8.0,4.0,Livree
102147,2024-01-09,1833,Bordeaux,Electronique,Enceinte bluetooth,4,328.5,10,Especes,Site web,9.0,,Annulee
101209,2025-02-12,2162,,Sport,Velo,5,94.92,30,PayPal,Application mobile,9.0,5.0,Retournee
101747,2024-08-18,2329,Paris,Electronique,Tablette,2,499.99,15,Virement,Site web,1.0,,Annulee
104802,2024-10-16,1777,Nantes,Livres,Essai,1,9.23,15,CB,Magasin,10.0,3.0,Livree
104923,2025-02-12,1712,Lille,Vetements,T-shirt,1,19.9,0,CB,Magasin,5.0,5.0,Livree
104967,2024-01-30,1090,Lille,Sport,Velo,2,42.17,0,Virement,Site web,8.0,2.0,Annulee
100493,2024-01-16,1778,Toulouse,Electronique,Tablette,2,278.26,0,PayPal,Site web,6.0,5.0,Livree
102861,2024-08-18,1428,Marseille,Beaute,Rouge a levres,1,8.61,0,CB,Application mobile,13.0,2.0,En cours
104031,2024-02-18,1419,,Sport,Montre connectee,4,65.98,20,Especes,Application mobile,13.0,5.0,En cours
100729,2025-05-16,1541,Paris,Electronique,Smartphone,1,217.43,20,CB,Site web,10.0,5.0,Livree
104822,2025-03-09,2178,Paris,Maison,Etagere,4,39.19,0,CB,Magasin,6.0,5.0,Livree
100824,2024-03-12,1888,Marseille,Electronique,Ordinateur portable,4,82.89,0,CB,Site web,9.0,5.0,Livree
103160,2025-03-09,1570,Lille,Sport,Montre connectee,4,82.86,30,Virement,Application mobile,14.0,2.0,Livree
101590,2025-09-26,1871,Strasbourg,Electronique,Smartphone,1,275.72,10,CB,Application mobile,1.0,5.0,Livree
103000,2025-10-27,1255,Marseille,Sport,Montre connectee,3,33.23,30,CB,Site web,7.0,5.0,Livree
100574,2024-08-08,2141,Nantes,Livres,Roman,5,14.27,30,Virement,Application mobile,13.0,5.0,Livree
100714,2024-12-04,1972,Lyon,Maison,Coussin,1,59.46,0,CB,Site web,6.0,5.0,Annulee
103212,2025-01-18,2133,Nantes,Sport,Tapis de yoga,1,90.41,10,CB,Site web,6.0,2.0,Livree
103585,2024-10-07,1085,Strasbourg,Vetements,Veste,2,44.62,0,CB,Application mobile,6.0,4.0,En cours
100758,2024-07-20,2237,Bordeaux,Maison,Coussin,3,30.2,20,PayPal,Site web,2.0,5.0,Livree
103813,2024-11-02,1989,Nantes,Livres,BD,4,8.0,0,CB,Magasin,2.0,4.0,Livree
100108,2024-12-11,1888,Paris,Electronique,Smartphone,5,197.56,30,CB,Site web,11.0,4.0,Livree
102408,2025-12-06,1409,Strasbourg,Beaute,Parfum,4,24.86,10,PayPal,Site web,11.0,4.0,Livree
101095,2024-05-30,2428,Toulouse,Vetements,Robe,1,16.66,0,CB,Application mobile,7.0,5.0,Livree
103278,2024-11-19,1975,Toulouse,Sport,Tapis de yoga,4,69.69,5,CB,Application mobile,5.0,4.0,Livree
103762,2025-01-30,1435,Lille,Electronique,Tablette,1,274.26,30,CB,Site web,14.0,4.0,Livree
104396,2024-05-31,1679,Bordeaux,Beaute,Shampoing,3,25.79,0,Virement,Application mobile,10.0,5.0,Livree
101595,2025-11-08,1574,Lille,Maison,Tapis,4,70.22,5,CB,Site web,12.0,4.0,Livree
102897,2025-01-31,1587,Paris,Vetements,Baskets,3,25.19,30,CB,Application mobile,14.0,4.0,Livree
103004,2024-12-07,1739,Nantes,Maison,Etagere,1,39.78,15,PayPal,Site web,13.0,2.0,Livree
100883,2025-09-16,1727,Nantes,Maison,Set de cuisine,5,34.55,0,PayPal,Application mobile,2.0,5.0,Livree
102308,2024-09-11,1817,Toulouse,Electronique,Smartphone,1,100.37,0,Virement,Site web,11.0,5.0,Livree
100709,2025-06-23,2107,Toulouse,Electronique,Ordinateur portable,3,292.53,0,PayPal,Site web,11.0,5.0,Livree
101539,2025-02-25,2239,Lyon,Electronique,Ordinateur portable,3,182.99,10,Virement,Application mobile,1.0,,Annulee
100176,2025-03-01,1069,Lille,Vetements,T-shirt,1,35.66,20,PayPal,Magasin,6.0,4.0,Livree
102326,2024-05-22,1632,Paris,Beaute,Shampoing,2,24.42,5,CB,Magasin,13.0,,Annulee
102947,2024-04-16,1654,Nantes,Electronique,Enceinte bluetooth,4,247.86,20,PayPal,Site web,10.0,5.0,Livree
102835,2024-07-17,1646,Lille,Beaute,Rouge a levres,1,21.72,15,PayPal,Magasin,1.0,5.0,Livree
102190,2025-01-09,1854,Toulouse,Vetements,Veste,4,34.65,30,Virement,Site web,10.0,4.0,Livree
101105,2025-07-26,1525,Paris,Electronique,Ordinateur portable,2,222.84,0,CB,Site web,12.0,5.0,Retournee
104444,2024-08-12,1002,,Sport,Ballon,3,36.02,20,Virement,Site web,11.0,4.0,Livree
104778,2024-10-20,1052,Marseille,Electronique,Casque audio,1,271.02,20,CB,Site web,7.0,4.0,Annulee
101210,2025-12-12,1277,Toulouse,Beaute,Parfum,2,23.76,20,CB,Site web,3.0,4.0,Livree
102276,2024-05-24,1671,Marseille,Sport,Ballon,2,59.41,30,CB,Magasin,6.0,3.0,Livree
100505,2025-12-20,1629,Bordeaux,Beaute,Rouge a levres,2,,20,PayPal,Application mobile,1.0,4.0,Livree
104351,2024-07-03,1987,Lyon,Electronique,Casque audio,1,126.24,0,CB,Magasin,12.0,4.0,Livree
100726,2024-04-05,1499,Marseille,Vetements,Veste,3,55.3,10,Virement,Site web,7.0,4.0,Livree
104169,2024-07-01,2140,Toulouse,Sport,Montre connectee,2,81.84,15,Especes,Application mobile,2.0,4.0,Livree
100630,2024-10-14,1010,Toulouse,Electronique,Smartphone,2,369.26,20,CB,Application mobile,7.0,4.0,Livree
100748,2024-08-02,2107,Marseille,Sport,Halteres,1,59.4,0,Virement,Application mobile,13.0,4.0,Livree
103171,2024-06-25,1621,Paris,Maison,Etagere,2,61.49,0,CB,Application mobile,3.0,2.0,Livree
100614,2025-08-20,1465,Lille,Beaute,Shampoing,1,12.76,0,CB,Site web,7.0,2.0,Livree
101325,2025-05-02,1272,Lille,Sport,Halteres,1,40.5,30,Especes,Magasin,3.0,5.0,Livree
102118,2025-01-25,1589,Toulouse,Maison,Lampe,4,65.55,0,CB,Application mobile,14.0,4.0,Livree
104973,2024-01-22,1947,Lille,Maison,Set de cuisine,2,54.36,0,CB,Application mobile,11.0,,Livree
102717,2025-08-11,1907,Nantes,Vetements,Baskets,1,24.58,15,CB,Magasin,12.0,5.0,Livree
102740,2024-01-17,2059,Toulouse,Electronique,Casque audio,3,273.1,15,CB,Site web,9.0,3.0,Livree
100691,2024-06-22,1583,Toulouse,Maison,Etagere,4,32.71,30,CB,Magasin,1.0,4.0,Livree
101883,2024-09-17,1918,Paris,Beaute,Shampoing,5,17.45,5,PayPal,Application mobile,1.0,4.0,Livree
100783,2025-10-26,1142,Paris,Maison,Lampe,5,51.95,5,CB,Magasin,7.0,5.0,Livree
102462,2024-04-24,1579,Paris,Beaute,Serum,3,19.97,30,CB,Application mobile,14.0,5.0,Livree
103079,2024-09-05,1312,Lyon,Vetements,T-shirt,5,44.57,0,CB,Site web,14.0,4.0,Livree
103850,2024-09-03,1525,Nantes,Vetements,T-shirt,3,28.06,0,PayPal,Application mobile,3.0,,Annulee
100231,2025-05-05,2210,Lille,Electronique,Casque audio,2,291.7,0,PayPal,Site web,14.0,5.0,Livree
102879,2024-10-12,1180,Nantes,Electronique,Tablette,4,248.73,0,Especes,Application mobile,7.0,4.0,En cours
102625,2024-02-10,2016,Bordeaux,Sport,Tapis de yoga,3,79.37,0,PayPal,Site web,3.0,3.0,Livree
102493,2025-01-25,1522,Marseille,Livres,Essai,2,15.94,10,Especes,Application mobile,4.0,2.0,Livree
104620,2025-11-05,2406,Strasbourg,Beaute,Serum,1,18.72,5,Especes,Application mobile,9.0,4.0,Livree
102507,2025-07-02,1888,Strasbourg,Vetements,Veste,1,31.92,30,PayPal,Magasin,9.0,,Annulee
103010,2025-04-21,1971,Strasbourg,Sport,Halteres,5,53.48,20,PayPal,Application mobile,5.0,4.0,Livree
103687,2025-09-08,1578,Paris,Sport,Montre connectee,1,56.13,20,PayPal,Application mobile,10.0,1.0,Livree
103359,2024-12-27,2310,Lille,Vetements,T-shirt,3,50.99,15,CB,Site web,3.0,5.0,Livree
104502,2024-10-27,1947,Lyon,Vetements,Jean,2,31.0,5,CB,Application mobile,7.0,,En cours
100166,2024-11-12,2045,Bordeaux,Maison,Coussin,5,43.11,0,CB,Site web,2.0,3.0,Livree
103334,2025-10-28,1143,Toulouse,Vetements,Robe,3,20.3,20,CB,Site web,3.0,5.0,Retournee
102409,2025-12-21,2139,,Electronique,Enceinte bluetooth,1,137.53,20,CB,Magasin,2.0,4.0,Annulee
102797,2024-12-22,2283,Bordeaux,Sport,Tapis de yoga,1,58.7,5,CB,Application mobile,2.0,5.0,Livree
100170,2025-06-25,1475,Toulouse,Vetements,Jean,2,36.72,0,CB,Magasin,13.0,3.0,Livree
102485,2024-01-14,2045,Strasbourg,Vetements,Robe,2,33.47,5,CB,Site web,13.0,,Annulee
103322,2024-04-07,2297,Lille,Electronique,Smartphone,3,293.34,15,CB,Site web,5.0,5.0,Livree
100506,2025-11-20,1599,Paris,Electronique,Tablette,3,219.21,15,CB,Site web,13.0,3.0,Livree
101362,2025-11-28,1122,Lyon,Beaute,Shampoing,1,22.84,5,Virement,Site web,1.0,4.0,Livree
102366,2025-10-07,2051,Bordeaux,Vetements,Baskets,1,47.24,20,Especes,Site web,6.0,,Annulee
104700,2025-03-04,1668,Paris,Livres,BD,2,13.22,0,Especes,Application mobile,14.0,1.0,Livree
100332,2025-05-02,1500,Toulouse,Electronique,Smartphone,2,250.74,10,CB,Application mobile,3.0,4.0,En cours
104574,2024-05-13,2141,Strasbourg,Beaute,Rouge a levres,1,19.84,30,CB,Site web,3.0,5.0,Livree
102045,2025-05-23,1660,Nantes,Beaute,Shampoing,2,22.54,0,CB,Magasin,6.0,3.0,Livree
101492,2024-02-19,1337,Toulouse,Maison,Lampe,4,13.24,0,Virement,Site web,4.0,4.0,Livree
100620,2025-10-03,1143,Bordeaux,Maison,Etagere,2,51.24,15,CB,Site web,5.0,2.0,En cours
101605,2024-03-02,2133,Nantes,Electronique,Casque audio,5,181.87,10,PayPal,Application mobile,4.0,5.0,Livree
101026,2025-02-05,2150,Strasbourg,Maison,Etagere,4,38.62,0,PayPal,Site web,11.0,4.0,Livree
102901,2025-09-23,1412,Nantes,Maison,Etagere,3,45.05,30,CB,Application mobile,5.0,5.0,Annulee
104788,2024-02-10,1759,Marseille,Vetements,T-shirt,1,27.59,10,CB,Magasin,3.0,5.0,En cours
102510,2024-05-16,1650,Bordeaux,Vetements,Jean,1,22.61,5,PayPal,Site web,11.0,5.0,Livree
103543,2024-05-11,1428,Toulouse,Vetements,Baskets,1,22.89,10,CB,Site web,13.0,5.0,Livree
101338,2025-01-18,2428,Lille,Vetements,Baskets,2,31.04,10,PayPal,Magasin,14.0,1.0,Livree
104603,2025-11-28,1947,Lille,Maison,Tapis,3,64.63,20,CB,Application mobile,13.0,,Livree
104917,2025-09-22,1185,Marseille,Electronique,Smartphone,1,270.7,10,CB,Magasin,13.0,4.0,Retournee
104475,2025-10-05,2260,Nantes,Maison,Etagere,2,47.75,15,CB,Site web,7.0,4.0,Livree
101956,2024-09-09,2446,Strasbourg,Electronique,Casque audio,4,245.38,5,Especes,Application mobile,14.0,3.0,Livree
102179,2025-05-24,2407,Toulouse,Maison,Etagere,2,36.87,15,CB,Application mobile,6.0,,Retournee
104394,2025-08-20,1603,Paris,Electronique,Smartphone,3,265.75,5,CB,Site web,14.0,,Livree
101398,2025-08-03,2332,Nantes,Electronique,Casque audio,5,257.1,10,CB,Application mobile,7.0,,Livree
102320,2024-12-05,2201,Marseille,Maison,Etagere,1,53.63,10,CB,Magasin,7.0,5.0,Livree
103449,2024-06-16,1160,Lille,Sport,Velo,1,74.47,10,CB,Application mobile,14.0,,Annulee
102449,2024-08-13,2014,Nantes,Vetements,Robe,5,47.35,5,CB,Application mobile,5.0,5.0,Livree
101368,2024-10-14,1405,Lille,Maison,Tapis,5,44.59,10,Especes,Site web,3.0,5.0,En cours
102149,2025-01-08,1540,Marseille,Sport,Halteres,1,28.77,30,CB,Magasin,8.0,4.0,Livree
103091,2024-05-29,1301,Toulouse,Electronique,Casque audio,3,251.12,5,Especes,Application mobile,6.0,,Annulee
104716,2025-05-06,2065,Lille,Livres,Livre de cuisine,2,17.12,10,Especes,Site web,13.0,1.0,Retournee
104122,2024-09-04,1873,Paris,Maison,Etagere,5,40.53,0,CB,Site web,9.0,2.0,Livree
102715,2024-08-26,2382,Strasbourg,Electronique,Tablette,5,341.08,10,CB,Magasin,12.0,5.0,Livree
102522,2024-01-02,1429,Nantes,Vetements,T-shirt,1,56.67,0,CB,Site web,3.0,5.0,Livree
103952,2024-03-17,1076,Lyon,Vetements,Veste,5,22.94,15,PayPal,Site web,4.0,,Livree
101707,2025-05-14,1622,Toulouse,Electronique,Ordinateur portable,2,349.35,10,CB,Site web,4.0,5.0,Livree
103047,2024-08-11,1190,Bordeaux,Electronique,Casque audio,5,200.22,0,PayPal,Site web,10.0,3.0,Livree
103327,2025-10-16,1285,Toulouse,Electronique,Casque audio,1,257.84,0,Especes,Site web,14.0,4.0,Livree
102472,2024-04-01,2463,Lyon,Vetements,Veste,2,42.94,30,Virement,Magasin,3.0,5.0,Livree
100916,2024-12-14,1686,Lille,Sport,Montre connectee,1,56.07,20,PayPal,Magasin,12.0,5.0,Livree
104642,2024-07-25,1866,Toulouse,Sport,Halteres,2,66.71,0,CB,Site web,11.0,3.0,Livree
104285,2024-08-28,1324,Lyon,Maison,Tapis,5,50.66,10,PayPal,Application mobile,10.0,4.0,Livree
100091,2024-03-13,2359,Bordeaux,Livres,Livre de cuisine,2,13.35,5,PayPal,Site web,10.0,2.0,Livree
101163,2024-03-26,1564,Nantes,Electronique,Casque audio,4,279.8,0,PayPal,Application mobile,10.0,5.0,Livree
103627,2025-10-23,1527,Toulouse,Electronique,Smartphone,2,200.59,30,PayPal,Magasin,3.0,3.0,Livree
100912,2024-02-24,1884,Lille,Beaute,Shampoing,1,13.34,0,CB,Site web,4.0,4.0,Livree
103177,2025-05-12,2164,Toulouse,Sport,Velo,1,61.78,15,PayPal,Site web,2.0,4.0,Livree
102188,2025-06-18,1730,Toulouse,Vetements,Baskets,1,30.82,0,PayPal,Application mobile,11.0,4.0,Livree
101909,2025-07-23,1733,Toulouse,Electronique,Tablette,5,294.36,5,CB,Site web,,4.0,Retournee
101660,2024-12-11,1903,Bordeaux,Electronique,Smartphone,5,216.41,10,CB,Magasin,13.0,3.0,Livree
102665,2024-04-21,1183,Lille,Electronique,Tablette,5,244.23,0,PayPal,Site web,9.0,,Livree
104619,2025-04-17,1162,Lyon,Electronique,Smartphone,3,267.21,10,CB,Application mobile,14.0,,Retournee
102742,2024-03-17,1490,Marseille,Sport,Velo,4,88.92,0,CB,Site web,1.0,3.0,Livree
104542,2024-07-25,1819,Paris,Beaute,Rouge a levres,3,18.87,0,Virement,Site web,14.0,2.0,Livree
100124,2024-03-23,1714,Nantes,Beaute,Rouge a levres,2,14.52,15,CB,Application mobile,12.0,4.0,Livree
102379,2024-12-21,2174,Bordeaux,Sport,Velo,4,29.4,30,Especes,Site web,3.0,4.0,Livree
103075,2025-02-07,1437,Strasbourg,Vetements,Veste,1,43.91,10,PayPal,Application mobile,1.0,4.0,Livree
104146,2025-09-24,1399,Strasbourg,Maison,Coussin,1,47.44,10,PayPal,Magasin,7.0,,Retournee
102621,2024-12-23,1876,Lille,Beaute,Rouge a levres,3,11.8,10,Virement,Application mobile,14.0,4.0,Livree
101179,2024-11-27,2069,Paris,Beaute,Parfum,2,15.02,0,CB,Site web,,5.0,Livree
104305,2024-10-28,1916,Nantes,Electronique,Smartphone,4,251.4,10,CB,Application mobile,4.0,4.0,Livree
103175,2025-06-17,2067,Marseille,Maison,Set de cuisine,1,43.25,10,CB,Site web,9.0,5.0,Livree
101380,2024-07-24,2072,Strasbourg,Vetements,Jean,5,30.2,20,CB,Site web,1.0,4.0,Livree
104180,2025-12-09,1746,Marseille,Sport,Halteres,3,74.71,0,CB,Site web,9.0,3.0,Livree
101042,2024-06-08,1309,Nantes,Vetements,Veste,2,28.52,15,CB,Magasin,1.0,4.0,Livree
102764,2024-03-16,1868,Nantes,Beaute,Shampoing,1,5.04,30,CB,Magasin,2.0,2.0,Livree
103195,2024-09-03,2017,Bordeaux,Beaute,Creme visage,2,14.35,0,CB,Site web,11.0,5.0,Livree
102064,2024-05-28,1531,Paris,Electronique,Casque audio,1,223.37,30,Especes,Site web,7.0,4.0,En cours
102250,2025-01-09,1486,Toulouse,Electronique,Casque audio,4,318.26,5,PayPal,Application mobile,10.0,1.0,Livree
101055,2025-05-04,1479,Bordeaux,Vetements,Veste,1,40.31,15,CB,Site web,10.0,1.0,Annulee
100339,2024-05-28,1364,Marseille,Vetements,Robe,5,49.83,0,CB,Application mobile,8.0,3.0,Livree
103775,2025-06-19,2097,Marseille,Maison,Coussin,1,57.3,15,Virement,Application mobile,5.0,4.0,Livree
102144,2025-01-31,2031,Strasbourg,Beaute,Creme visage,2,17.12,0,CB,Site web,13.0,3.0,Livree
103549,2024-11-30,1246,Strasbourg,Beaute,Creme visage,5,23.93,0,PayPal,Application mobile,14.0,5.0,Livree
104622,2024-11-09,1084,Marseille,Vetements,T-shirt,5,15.41,20,Especes,Magasin,12.0,5.0,Livree
100723,2025-07-02,1195,Lille,Maison,Set de cuisine,3,42.51,0,CB,Application mobile,8.0,4.0,Livree
101954,2025-04-15,2260,Bordeaux,Electronique,Casque audio,1,339.52,0,CB,Site web,7.0,4.0,Livree
104503,2024-01-05,2430,Toulouse,Electronique,Ordinateur portable,1,435.26,0,PayPal,Application mobile,11.0,3.0,Livree
100003,2025-03-01,1608,Strasbourg,Sport,Halteres,2,90.34,0,CB,Magasin,14.0,5.0,Livree
100501,2025-03-14,2179,Nantes,Maison,Lampe,3,39.11,0,PayPal,Site web,3.0,4.0,En cours
101807,2025-02-03,1877,Toulouse,Livres,Manuel scolaire,2,14.3,15,PayPal,Site web,4.0,4.0,Livree
100310,2024-10-08,2068,Bordeaux,Vetements,T-shirt,1,22.18,30,PayPal,Site web,13.0,5.0,Livree
101227,2024-01-21,1096,Marseille,Sport,Ballon,2,55.25,10,PayPal,Application mobile,5.0,1.0,Livree
102256,2025-11-19,2070,Strasbourg,Beaute,Serum,1,19.63,5,CB,Application mobile,3.0,5.0,En cours
104871,2024-12-26,1425,Toulouse,Vetements,Robe,3,41.04,0,Especes,Site web,12.0,1.0,Livree
103596,2024-03-24,1449,Nantes,Sport,Tapis de yoga,2,64.55,0,Virement,Application mobile,12.0,4.0,Livree
103906,2024-05-31,2110,Lyon,Electronique,Tablette,5,161.38,30,CB,Magasin,11.0,2.0,Livree
104797,2025-06-19,1317,Bordeaux,Electronique,Ordinateur portable,1,349.22,20,CB,Site web,7.0,5.0,Livree
101592,2024-11-08,1637,Nantes,Vetements,Robe,4,40.45,0,PayPal,Site web,8.0,5.0,Livree
103803,2025-12-28,2257,Bordeaux,Electronique,Casque audio,1,322.81,0,CB,Application mobile,14.0,5.0,Livree
102536,2024-02-16,1954,Lille,Vetements,Jean,1,28.13,0,PayPal,Site web,7.0,3.0,Livree
101945,2025-05-31,1545,Bordeaux,Electronique,Tablette,2,,0,Virement,Application mobile,8.0,5.0,Livree
101049,2025-07-18,1370,Lille,Electronique,Ordinateur portable,1,56.75,30,PayPal,Site web,7.0,,Livree
104020,2024-01-27,2296,Paris,Sport,Montre connectee,1,35.48,0,CB,Site web,3.0,3.0,Livree
100347,2025-11-23,2184,Paris,Electronique,Smartphone,2,175.73,20,CB,Site web,10.0,5.0,Livree
101996,2025-07-31,1479,Toulouse,Electronique,Ordinateur portable,4,347.4,0,CB,Site web,2.0,4.0,Livree
100103,2024-03-16,1322,Lille,Vetements,Baskets,2,40.3,30,CB,Application mobile,8.0,3.0,Retournee
101279,2024-12-09,1696,Toulouse,Electronique,Ordinateur portable,4,170.52,30,CB,Site web,9.0,5.0,Livree
104819,2025-05-21,1322,Marseille,Vetements,Veste,1,20.45,30,CB,Application mobile,8.0,,Annulee
103927,2025-04-09,1933,Marseille,Electronique,Tablette,1,135.83,30,Especes,Application mobile,13.0,,Livree
104956,2024-06-06,2122,Toulouse,Sport,Montre connectee,1,2829.0,15,PayPal,Application mobile,7.0,2.0,Livree
101258,2024-10-28,1004,Lyon,Sport,Tapis de yoga,2,55.72,0,Virement,Magasin,6.0,5.0,Livree
102973,2024-03-29,2471,Strasbourg,Electronique,Smartphone,1,214.33,0,PayPal,Magasin,9.0,4.0,Livree
104561,2024-03-10,2273,Paris,Sport,Halteres,2,79.14,5,PayPal,Magasin,6.0,5.0,Livree
102487,2024-09-10,1901,Nantes,Beaute,Parfum,2,14.18,20,CB,Site web,2.0,4.0,Livree
102153,2025-05-13,1402,Nantes,Electronique,Casque audio,2,220.53,30,CB,Magasin,3.0,5.0,Livree
103072,2025-10-18,1341,Toulouse,Livres,BD,2,18.61,0,PayPal,Magasin,5.0,2.0,Livree
102848,2024-02-19,1748,Nantes,Sport,Montre connectee,5,51.35,10,Especes,Site web,9.0,2.0,Livree
100815,2024-01-21,1643,Toulouse,Electronique,Ordinateur portable,1,313.39,0,CB,Magasin,4.0,4.0,Livree
100117,2024-12-24,1150,Lyon,Electronique,Casque audio,4,262.52,0,Especes,Magasin,6.0,5.0,Retournee
102289,2025-09-16,1647,Toulouse,Beaute,Parfum,1,32.11,20,Especes,Site web,5.0,3.0,Livree
103595,2025-09-15,1374,Paris,Vetements,Robe,5,58.4,0,Virement,Application mobile,1.0,4.0,Livree
103428,2024-04-13,1099,Toulouse,Electronique,Tablette,1,242.0,15,Especes,Site web,7.0,5.0,Livree
100932,2024-10-30,1698,Toulouse,Electronique,Tablette,1,231.9,0,PayPal,Site web,10.0,5.0,Livree
103029,2024-10-25,1911,Nantes,Electronique,Tablette,1,271.96,5,CB,Site web,14.0,5.0,Livree
100944,2024-04-01,2218,Strasbourg,Vetements,Jean,5,45.26,0,PayPal,Site web,5.0,4.0,Annulee
101158,2024-04-08,1629,Lyon,Livres,Roman,1,12.15,0,CB,Site web,3.0,4.0,En cours
100584,2024-07-03,2049,Bordeaux,Maison,Set de cuisine,2,41.62,5,CB,Magasin,5.0,4.0,Livree
104306,2025-04-22,1924,Bordeaux,Vetements,Baskets,4,52.3,10,PayPal,Magasin,5.0,5.0,Livree
102870,2025-11-16,2331,Bordeaux,Maison,Lampe,2,29.57,0,PayPal,Site web,12.0,5.0,Livree
102504,2024-08-29,1527,Bordeaux,Maison,Coussin,1,54.53,30,PayPal,Site web,11.0,5.0,Livree
104588,2025-12-20,1464,Strasbourg,Sport,Tapis de yoga,3,10.58,20,Especes,Application mobile,13.0,5.0,Livree
101966,2024-11-27,2073,Marseille,Electronique,Tablette,4,358.65,0,CB,Site web,11.0,4.0,Livree
102317,2024-11-28,1929,Lille,Beaute,Rouge a levres,1,21.71,30,CB,Application mobile,1.0,3.0,Livree
101198,2024-10-23,1733,Lyon,Sport,Tapis de yoga,3,58.05,30,CB,Magasin,9.0,5.0,Livree
100252,2025-02-22,2447,Lyon,Maison,Coussin,2,34.77,10,Especes,Site web,1.0,5.0,Livree
104678,2025-02-20,1637,Strasbourg,Electronique,Ordinateur portable,1,,0,CB,Site web,14.0,5.0,Livree
104270,2025-11-22,2005,Marseille,Livres,Manuel scolaire,3,9.37,0,CB,Magasin,1.0,4.0,En cours
101500,2024-06-27,1708,Bordeaux,Electronique,Tablette,2,305.05,0,Especes,Site web,13.0,,Annulee
100256,2025-07-01,2126,Marseille,Maison,Set de cuisine,2,27.45,0,CB,Site web,3.0,4.0,Livree
102543,2024-08-31,1550,Strasbourg,Maison,Tapis,2,41.6,0,Especes,Site web,11.0,,Annulee
102509,2024-12-12,2479,Nantes,Maison,Set de cuisine,1,59.02,20,PayPal,Site web,7.0,,Retournee
103427,2024-10-01,2370,Bordeaux,Electronique,Tablette,2,261.5,20,CB,Application mobile,4.0,5.0,Livree
102471,2024-05-15,2166,Lyon,Beaute,Shampoing,5,23.9,30,CB,Magasin,5.0,,Livree
102399,2024-08-10,1256,Lyon,Electronique,Casque audio,2,251.44,0,CB,Site web,10.0,5.0,Livree
103197,2024-04-12,1942,Marseille,Sport,Tapis de yoga,2,55.0,30,CB,Magasin,3.0,5.0,Livree
102950,2025-10-05,2335,Lille,Beaute,Serum,2,3.0,15,Virement,Site web,7.0,3.0,Livree
100551,2024-08-09,1716,Lyon,Electronique,Smartphone,4,267.48,10,CB,Site web,7.0,4.0,Annulee
102761,2025-09-22,1427,Paris,Vetements,Robe,5,34.95,0,Virement,Application mobile,1.0,,Annulee
102616,2024-06-29,2066,Nantes,Electronique,Casque audio,2,222.29,30,CB,Application mobile,4.0,4.0,Livree
102037,2025-08-29,2171,Paris,Maison,Set de cuisine,4,44.3,20,Virement,Application mobile,8.0,4.0,Livree
100399,2025-12-17,1587,Lyon,Beaute,Creme visage,1,10.65,0,CB,Site web,12.0,,Annulee
104233,2025-11-30,1323,Marseille,Livres,Manuel scolaire,3,21.05,15,CB,Site web,13.0,4.0,Livree
102171,2024-11-07,1123,Paris,Electronique,Enceinte bluetooth,1,251.64,0,PayPal,Magasin,3.0,4.0,Livree
102470,2024-05-29,1260,Toulouse,Sport,Ballon,1,,20,CB,Site web,,3.0,Livree
102480,2025-01-01,1194,Strasbourg,Vetements,Robe,1,50.0,5,CB,Application mobile,13.0,5.0,En cours
104760,2025-08-08,2125,Nantes,Vetements,Baskets,4,38.64,30,Virement,Site web,3.0,,Livree
101264,2025-08-20,1630,Strasbourg,Livres,BD,4,14.23,0,CB,Magasin,6.0,5.0,Livree
103856,2025-04-14,1949,Lille,Beaute,Creme visage,2,20.96,5,CB,Magasin,13.0,4.0,Livree
101924,2024-11-25,1765,Strasbourg,Vetements,Robe,3,48.42,0,CB,Site web,13.0,5.0,Livree
104765,2024-10-11,1788,Paris,Vetements,Veste,2,34.64,20,CB,Site web,14.0,4.0,En cours
100296,2024-10-28,2237,Nantes,Maison,Set de cuisine,4,39.69,0,CB,Application mobile,8.0,4.0,Livree
104489,2025-07-05,1128,Lille,Beaute,Shampoing,5,17.01,0,CB,Magasin,14.0,4.0,Retournee
103827,2025-12-16,2078,Paris,Vetements,Robe,1,36.38,15,CB,Site web,8.0,4.0,Livree
103828,2024-07-16,1805,,Maison,Coussin,3,45.01,20,CB,Application mobile,14.0,3.0,Livree
101222,2025-06-15,1648,Toulouse,Maison,Coussin,3,,20,CB,Magasin,9.0,4.0,Livree
103172,2024-05-03,2438,Lille,Vetements,Veste,2,39.64,20,CB,Site web,9.0,5.0,Livree
100856,2024-02-27,1307,,Maison,Lampe,2,66.9,0,PayPal,Site web,3.0,,Retournee
103657,2024-10-31,1089,Nantes,Livres,Manuel scolaire,4,8.46,15,CB,Site web,3.0,1.0,Livree
104271,2024-12-07,1695,Marseille,Livres,Manuel scolaire,5,15.22,0,CB,Site web,5.0,1.0,Livree
101730,2024-12-26,1805,Toulouse,Electronique,Casque audio,1,213.09,0,PayPal,Site web,6.0,4.0,Retournee
104670,2024-05-09,2424,Paris,Electronique,Ordinateur portable,5,312.16,30,PayPal,Application mobile,12.0,5.0,Retournee
101652,2024-12-10,1685,Strasbourg,Maison,Tapis,3,57.56,10,CB,Site web,12.0,3.0,Livree
103462,2024-10-15,1674,Paris,Electronique,Enceinte bluetooth,1,227.81,0,CB,Site web,11.0,5.0,Livree
101150,2025-12-14,2335,Strasbourg,Vetements,Robe,1,43.26,5,PayPal,Site web,13.0,5.0,Retournee
100837,2024-03-05,1080,Nantes,Livres,Livre de cuisine,3,23.15,0,Especes,Application mobile,1.0,,Annulee
100892,2025-07-18,1213,Marseille,Electronique,Ordinateur portable,4,304.55,0,CB,Site web,13.0,2.0,Livree
103300,2024-07-13,2140,Lille,Maison,Lampe,4,39.43,30,CB,Site web,14.0,5.0,En cours
103403,2024-07-19,1015,Lille,Livres,Roman,3,15.53,0,CB,Site web,2.0,4.0,Livree
102577,2024-02-12,2218,Bordeaux,Electronique,Casque audio,1,116.53,20,CB,Magasin,8.0,3.0,Annulee
102891,2025-01-12,2293,Toulouse,Electronique,Enceinte bluetooth,3,244.95,0,PayPal,Site web,10.0,3.0,Retournee
104280,2024-04-17,1124,Lille,Electronique,Ordinateur portable,2,390.75,0,PayPal,Site web,14.0,3.0,Livree
101654,2024-04-21,1381,Bordeaux,Sport,Tapis de yoga,1,59.99,15,CB,Site web,4.0,,Livree
101544,2025-12-01,1994,Nantes,Electronique,Enceinte bluetooth,4,288.78,0,CB,Application mobile,6.0,5.0,Livree
101571,2025-03-31,1863,Nantes,Beaute,Creme visage,3,20.4,15,Especes,Application mobile,10.0,4.0,Livree
103459,2024-01-01,1673,Toulouse,Livres,Essai,5,20.07,15,PayPal,Application mobile,7.0,5.0,Livree
100540,2024-10-14,1358,Marseille,Sport,Velo,5,53.23,5,PayPal,Application mobile,7.0,4.0,Livree
102194,2025-05-15,2376,Lille,Vetements,Robe,4,29.11,20,PayPal,Application mobile,1.0,5.0,En cours
101336,2024-09-16,1663,Paris,Electronique,Ordinateur portable,2,297.72,10,CB,Site web,7.0,3.0,Livree
102172,2025-04-09,1025,Lyon,Vetements,Veste,1,36.94,20,CB,Site web,4.0,4.0,Livree
100888,2025-03-15,2093,Toulouse,Vetements,Veste,1,35.44,15,PayPal,Site web,6.0,5.0,Livree
102029,2024-11-26,1338,Bordeaux,Sport,Tapis de yoga,1,52.07,0,CB,Site web,9.0,5.0,Livree
104010,2025-11-07,1850,Toulouse,Livres,Essai,2,17.15,20,PayPal,Application mobile,6.0,5.0,En cours
100459,2025-10-24,2366,Lyon,Maison,Lampe,2,48.34,10,CB,Site web,12.0,4.0,Retournee
102214,2025-03-28,1363,Paris,Sport,Tapis de yoga,1,68.76,0,Especes,Site web,7.0,,Livree
102776,2025-09-21,1709,Paris,Livres,Essai,1,16.26,10,PayPal,Application mobile,9.0,,Annulee
100661,2025-10-13,2063,Toulouse,Beaute,Rouge a levres,2,29.96,15,CB,Application mobile,12.0,4.0,Livree
101462,2025-11-08,1730,Paris,Livres,BD,1,13.41,15,CB,Site web,10.0,5.0,Livree
102113,2024-10-18,2329,Bordeaux,Electronique,Casque audio,3,283.34,0,PayPal,Site web,4.0,5.0,Livree
102349,2024-11-04,1368,Bordeaux,Maison,Coussin,4,37.86,0,PayPal,Site web,4.0,3.0,En cours
103128,2025-06-28,1274,Lyon,Vetements,T-shirt,2,36.16,0,CB,Magasin,1.0,3.0,Livree
100700,2024-10-31,2283,Lyon,Electronique,Smartphone,3,231.81,5,CB,Site web,5.0,4.0,Livree
101348,2025-11-17,1536,Bordeaux,Electronique,Tablette,1,284.84,0,CB,Application mobile,2.0,5.0,En cours
101961,2024-01-28,1544,Marseille,Vetements,Baskets,3,37.66,0,CB,Application mobile,3.0,5.0,Livree
102201,2024-07-16,2433,Strasbourg,Sport,Montre connectee,4,75.49,5,CB,Application mobile,4.0,4.0,Livree
103210,2025-10-06,1540,Strasbourg,Electronique,Ordinateur portable,5,215.5,15,PayPal,Site web,5.0,1.0,Livree
103874,2024-08-30,1721,Bordeaux,Vetements,Jean,4,31.44,0,CB,Site web,2.0,,Livree
100814,2024-12-12,1305,Strasbourg,Vetements,Robe,1,37.29,20,CB,Site web,13.0,5.0,Livree
100822,2025-06-04,1577,Lyon,Electronique,Ordinateur portable,3,227.71,0,CB,Site web,4.0,5.0,Livree
102778,2025-10-16,1876,Marseille,Electronique,Smartphone,5,,15,CB,Site web,4.0,5.0,Livree
104372,2024-08-28,1220,Bordeaux,Beaute,Creme visage,2,21.1,0,CB,Site web,11.0,4.0,Livree
101532,2024-04-26,1689,Lyon,Electronique,Ordinateur portable,1,182.25,0,PayPal,Site web,11.0,3.0,En cours
103367,2024-10-13,2360,Bordeaux,Vetements,Robe,4,39.89,0,CB,Site web,7.0,,Livree
103416,2025-09-03,1047,Paris,Electronique,Ordinateur portable,3,158.35,0,CB,Site web,9.0,,Annulee
103421,2025-01-04,2144,Lyon,Vetements,Veste,4,57.48,30,Especes,Application mobile,11.0,3.0,Livree
103156,2025-03-03,1534,Bordeaux,Vetements,T-shirt,4,23.42,15,Virement,Site web,4.0,5.0,Livree
103088,2025-06-02,1484,Lille,Sport,Ballon,3,67.43,15,Virement,Site web,12.0,3.0,Livree
104466,2025-03-20,1295,Lyon,Beaute,Rouge a levres,5,19.96,0,Especes,Site web,11.0,4.0,Retournee
102539,2024-05-19,2002,Toulouse,Vetements,Jean,1,33.98,0,PayPal,Application mobile,6.0,3.0,Livree
101791,2024-06-29,1253,Toulouse,Sport,Velo,1,32.15,20,CB,Site web,14.0,5.0,Livree
101215,2024-12-17,2363,Strasbourg,Sport,Montre connectee,2,42.69,0,CB,Site web,14.0,5.0,Livree
103250,2025-03-05,2274,Toulouse,Livres,Roman,5,16.0,15,CB,Site web,5.0,5.0,Livree
101060,2025-12-21,2397,Paris,Vetements,Robe,1,29.78,0,CB,Magasin,6.0,,Annulee
101828,2025-06-20,2046,Paris,Maison,Etagere,1,51.43,10,Especes,Site web,9.0,3.0,Livree
103917,2024-12-24,1806,Paris,Maison,Etagere,4,34.54,30,CB,Magasin,9.0,3.0,Livree
102467,2024-01-10,1624,Lille,Electronique,Enceinte bluetooth,1,284.12,20,CB,Application mobile,2.0,5.0,Livree
103266,2025-05-22,2188,Nantes,Livres,Manuel scolaire,2,18.44,5,Especes,Site web,2.0,4.0,Livree
104144,2024-05-01,1159,Strasbourg,Vetements,Veste,2,28.18,20,CB,Site web,8.0,5.0,Livree
103565,2024-03-10,1962,Paris,Vetements,Jean,1,40.49,0,PayPal,Site web,3.0,5.0,Livree
102972,2024-02-25,1910,Toulouse,Vetements,Jean,5,32.23,0,PayPal,Site web,3.0,2.0,Livree
104094,2024-08-03,1893,Paris,Livres,Manuel scolaire,4,18.9,10,CB,Application mobile,14.0,5.0,Livree
100845,2025-03-02,1371,Strasbourg,Sport,Montre connectee,1,95.09,0,CB,Magasin,7.0,5.0,Livree
103411,2025-10-25,1478,Toulouse,Vetements,Robe,1,26.52,10,CB,Application mobile,12.0,,Livree
104651,2024-05-12,1774,Lyon,Beaute,Parfum,2,19.37,5,Especes,Magasin,2.0,4.0,Livree
101141,2024-09-14,1705,Strasbourg,Maison,Lampe,5,54.37,30,CB,Site web,1.0,2.0,Livree
100179,2024-02-21,2259,Lille,Maison,Tapis,2,52.75,10,Especes,Site web,14.0,1.0,Livree
100664,2024-10-23,1883,Paris,Electronique,Tablette,3,333.72,30,CB,Site web,12.0,4.0,Livree
102611,2025-01-31,2200,Lyon,Electronique,Smartphone,1,279.93,20,PayPal,Application mobile,5.0,4.0,Livree
104133,2025-09-02,1492,Marseille,Maison,Tapis,2,50.38,10,Especes,Site web,11.0,4.0,Livree
101941,2025-04-29,1721,Nantes,Electronique,Smartphone,2,285.43,0,CB,Site web,14.0,5.0,Livree
103283,2025-01-29,1434,Paris,Electronique,Enceinte bluetooth,5,175.71,30,CB,Magasin,6.0,4.0,Livree
100235,2025-10-29,1991,Strasbourg,Maison,Etagere,1,48.99,0,CB,Site web,12.0,4.0,En cours
104817,2025-05-18,1081,Lille,Electronique,Casque audio,1,,20,Virement,Site web,10.0,3.0,Retournee
102642,2024-02-17,2392,Strasbourg,Sport,Montre connectee,2,86.69,0,CB,Site web,2.0,5.0,Livree
100604,2024-01-07,1711,Bordeaux,Beaute,Creme visage,2,18.77,30,Virement,Site web,4.0,4.0,Livree
100065,2025-10-27,1212,Strasbourg,Electronique,Casque audio,5,233.32,0,CB,Application mobile,3.0,,Annulee
102770,2024-05-21,2349,Paris,Electronique,Enceinte bluetooth,1,217.31,0,CB,Site web,6.0,5.0,Livree
102129,2025-08-09,1876,,Livres,Essai,5,12.07,30,PayPal,Magasin,12.0,,Annulee
102312,2024-02-06,1511,Nantes,Vetements,T-shirt,3,46.04,0,PayPal,Site web,12.0,2.0,Annulee
101515,2024-06-12,1595,Marseille,Maison,Lampe,1,43.43,15,Virement,Application mobile,10.0,5.0,Livree
102077,2025-01-02,2169,Nantes,Vetements,Robe,5,34.43,30,CB,Magasin,11.0,,Livree
100005,2024-05-24,2067,Marseille,Maison,Lampe,4,21.42,0,Virement,Site web,6.0,4.0,Livree
104852,2025-10-27,2371,Paris,Vetements,Robe,1,27.86,0,PayPal,Application mobile,3.0,4.0,Livree
102131,2024-02-17,1955,Lyon,Vetements,Veste,1,25.1,0,CB,Application mobile,2.0,5.0,Livree
104903,2025-01-01,1022,Marseille,Maison,Etagere,1,33.21,20,CB,Site web,13.0,5.0,Livree
104419,2025-12-12,1046,Marseille,Electronique,Enceinte bluetooth,1,311.72,0,CB,Site web,2.0,4.0,Livree
103653,2024-10-04,2467,Strasbourg,Beaute,Serum,2,21.2,0,Virement,Site web,5.0,,Annulee
104062,2025-02-03,1453,Paris,Livres,Essai,2,17.13,30,CB,Site web,1.0,5.0,Livree
100428,2024-05-26,2464,Lille,Vetements,Robe,2,31.11,15,PayPal,Application mobile,5.0,5.0,Livree
102697,2024-12-01,2100,Bordeaux,Maison,Coussin,5,77.36,10,CB,Site web,13.0,4.0,Livree
100472,2025-09-09,1957,Toulouse,Beaute,Rouge a levres,2,23.58,30,CB,Magasin,12.0,5.0,Livree
104137,2025-06-26,1800,Lille,Livres,Roman,3,16.17,20,CB,Site web,13.0,,Annulee
100361,2025-03-04,1635,Nantes,Sport,Halteres,5,48.55,30,Virement,Site web,1.0,4.0,En cours
104130,2025-11-12,1447,Lille,Electronique,Enceinte bluetooth,4,355.34,10,PayPal,Site web,7.0,,Livree
103247,2024-08-02,2451,Paris,Sport,Halteres,2,82.97,20,CB,Magasin,14.0,5.0,Livree
100267,2024-08-07,1130,Paris,Vetements,T-shirt,4,20.42,0,PayPal,Site web,12.0,4.0,Livree
100436,2025-08-07,1567,Lille,Beaute,Serum,2,3.0,30,CB,Site web,6.0,3.0,Livree
100301,2024-08-20,2362,Lille,Maison,Coussin,5,60.73,0,CB,Application mobile,6.0,4.0,Retournee
101424,2025-01-31,2471,Paris,Electronique,Enceinte bluetooth,5,363.43,15,PayPal,Site web,6.0,5.0,Livree
102556,2025-08-15,2268,Marseille,Sport,Velo,2,49.67,20,CB,Site web,1.0,4.0,Livree
102116,2025-08-17,1149,Strasbourg,Sport,Montre connectee,2,64.8,20,PayPal,Site web,4.0,4.0,Livree
102228,2024-03-16,1639,Nantes,Electronique,Enceinte bluetooth,1,257.82,0,CB,Application mobile,8.0,5.0,Livree
101177,2024-11-19,1251,Bordeaux,Livres,Roman,1,13.38,5,PayPal,Application mobile,4.0,5.0,Livree
102802,2024-07-19,2272,Strasbourg,Maison,Tapis,2,44.42,10,CB,Application mobile,14.0,4.0,Livree
100156,2025-07-20,1127,Bordeaux,Maison,Lampe,1,36.48,30,Especes,Application mobile,9.0,5.0,En cours
102805,2024-02-11,1338,Lyon,Electronique,Casque audio,4,166.04,0,CB,Site web,6.0,4.0,Livree
102498,2025-01-13,2287,Lille,Electronique,Smartphone,5,231.82,0,CB,Site web,12.0,5.0,Livree
104557,2025-08-23,1820,Lille,Electronique,Casque audio,5,357.76,5,CB,Magasin,5.0,5.0,Livree
104539,2024-09-07,2064,Nantes,Livres,Roman,2,14.24,30,Virement,Application mobile,1.0,4.0,Livree
100410,2025-09-23,2128,Nantes,Maison,Coussin,2,53.59,0,CB,Site web,8.0,4.0,Livree
100974,2024-04-28,2165,Toulouse,Electronique,Casque audio,3,92.51,15,CB,Magasin,5.0,4.0,Livree
100980,2025-12-17,2019,Lyon,Vetements,Robe,1,28.89,0,CB,Site web,6.0,5.0,En cours
101607,2025-06-20,2243,Strasbourg,Electronique,Tablette,1,166.31,0,Virement,Site web,3.0,4.0,Retournee
101982,2025-05-16,1742,Marseille,Livres,Roman,3,13.13,15,CB,Site web,7.0,5.0,Livree
102909,2025-12-16,2047,Paris,Maison,Lampe,1,36.92,0,CB,Application mobile,9.0,3.0,Livree
102151,2024-08-23,1789,Nantes,Sport,Halteres,4,55.45,10,PayPal,Site web,12.0,1.0,Livree
104655,2024-01-12,2014,Lyon,Vetements,Robe,1,35.17,0,PayPal,Application mobile,6.0,4.0,Livree
103544,2025-02-09,1582,Lille,Vetements,Veste,1,36.35,0,CB,Site web,5.0,5.0,Livree
104711,2024-10-18,1517,Nantes,Electronique,Ordinateur portable,2,286.87,0,CB,Application mobile,3.0,5.0,Livree
100412,2024-01-25,1123,Strasbourg,Livres,BD,5,19.27,15,PayPal,Site web,2.0,4.0,Livree
100652,2024-12-19,1097,Nantes,Electronique,Tablette,3,255.49,0,CB,Site web,4.0,2.0,Livree
103345,2024-01-26,1009,Lyon,Maison,Coussin,4,17.54,5,Especes,Application mobile,6.0,1.0,Annulee
100340,2025-04-20,1268,Nantes,Livres,Manuel scolaire,3,9.15,0,PayPal,Site web,12.0,5.0,Livree
101687,2024-12-26,1218,Toulouse,Electronique,Enceinte bluetooth,4,329.2,0,Especes,Site web,12.0,3.0,Livree
103274,2025-07-13,1924,Marseille,Livres,Livre de cuisine,2,7.36,5,CB,Site web,4.0,3.0,Livree
103666,2025-07-21,1272,Marseille,Electronique,Casque audio,1,121.79,15,Especes,Magasin,14.0,4.0,Retournee
100539,2024-07-05,1587,Lyon,Beaute,Shampoing,1,26.49,0,PayPal,Application mobile,1.0,4.0,Livree
103684,2025-01-15,1242,Lille,Electronique,Casque audio,3,253.82,0,CB,Site web,6.0,4.0,Livree
100425,2025-10-24,1691,Lille,Livres,Essai,4,9.51,0,CB,Site web,7.0,4.0,Livree
100016,2025-03-06,1742,Nantes,Electronique,Casque audio,3,232.26,0,CB,Magasin,9.0,3.0,Livree
101193,2024-07-13,1599,,Beaute,Rouge a levres,2,18.95,5,CB,Site web,9.0,4.0,Livree
100443,2025-03-11,2375,Lille,Maison,Set de cuisine,1,54.19,10,CB,Magasin,5.0,5.0,Livree
102981,2025-10-25,2176,Strasbourg,Sport,Velo,4,79.34,5,CB,Site web,11.0,3.0,Livree
104946,2024-06-06,2055,Bordeaux,Sport,Tapis de yoga,1,37.3,0,CB,Site web,5.0,2.0,Livree
101682,2025-01-21,2207,Lyon,Sport,Halteres,1,65.9,20,CB,Site web,3.0,5.0,Livree
100753,2025-03-22,1875,Nantes,Vetements,Jean,3,37.97,20,PayPal,Application mobile,11.0,,Livree
103387,2024-09-25,1797,Marseille,Beaute,Creme visage,4,16.68,5,CB,Site web,7.0,5.0,Livree
103285,2024-08-27,2425,Lille,Sport,Velo,3,59.06,30,Especes,Application mobile,10.0,,Livree
103453,2024-04-12,2040,Lyon,Livres,Roman,2,13.53,10,Especes,Application mobile,11.0,5.0,Livree
102267,2025-01-19,1132,Lyon,Maison,Set de cuisine,5,42.89,5,CB,Site web,8.0,4.0,Livree
103136,2024-09-24,1170,Lille,Electronique,Enceinte bluetooth,5,246.73,0,PayPal,Application mobile,14.0,5.0,Annulee
104927,2024-12-22,1245,Lyon,Electronique,Tablette,4,160.26,15,PayPal,Application mobile,9.0,4.0,En cours
104838,2025-01-29,1823,Nantes,Electronique,Tablette,3,229.86,10,CB,Application mobile,2.0,4.0,Livree
102318,2024-10-05,1408,Paris,Sport,Halteres,5,36.26,0,CB,Magasin,1.0,3.0,Livree
101835,2024-12-12,1079,Toulouse,Electronique,Smartphone,1,185.77,0,Virement,Site web,5.0,4.0,Livree
103861,2025-05-23,2202,Nantes,Maison,Lampe,5,12.93,20,CB,Magasin,3.0,1.0,Livree
103635,2024-10-12,1133,Bordeaux,Electronique,Enceinte bluetooth,4,16153.5,0,CB,Application mobile,2.0,3.0,Retournee
101672,2025-02-13,2198,Strasbourg,Vetements,Baskets,5,28.06,15,CB,Magasin,2.0,3.0,Livree
100586,2025-04-28,1893,Toulouse,Electronique,Smartphone,3,325.72,10,CB,Magasin,,3.0,Livree
100362,2025-11-01,2002,Marseille,Beaute,Rouge a levres,3,26.99,10,CB,Site web,4.0,4.0,Livree
104026,2024-09-24,1844,Marseille,Beaute,Parfum,1,21.42,0,CB,Magasin,8.0,4.0,Livree
103483,2025-05-19,1660,Lyon,Vetements,T-shirt,1,32.41,30,Virement,Site web,6.0,,Annulee
104908,2025-07-17,1551,Strasbourg,Vetements,Jean,5,51.22,30,PayPal,Magasin,2.0,4.0,Livree
103707,2024-05-25,2205,Strasbourg,Maison,Set de cuisine,2,35.67,20,PayPal,Magasin,10.0,3.0,Livree
102455,2025-10-08,2244,Strasbourg,Vetements,Veste,5,41.79,0,CB,Site web,1.0,5.0,Livree
103883,2024-01-31,2040,Lille,Maison,Tapis,4,45.52,5,Especes,Magasin,3.0,1.0,Livree
101000,2025-10-28,1026,Marseille,Electronique,Tablette,2,231.27,20,PayPal,Site web,7.0,2.0,Livree
101320,2024-02-20,1911,Strasbourg,Maison,Tapis,5,41.3,5,PayPal,Site web,8.0,4.0,Livree
102281,2024-10-05,1460,Marseille,Maison,Coussin,1,57.73,0,Virement,Site web,9.0,3.0,En cours
101075,2025-09-08,1456,Bordeaux,Maison,Lampe,3,63.46,20,PayPal,Application mobile,8.0,4.0,Livree
101411,2024-10-23,1195,Nantes,Electronique,Smartphone,5,160.54,5,CB,Site web,5.0,4.0,Livree
100212,2025-08-28,2489,Bordeaux,Vetements,Veste,2,27.61,0,CB,Application mobile,2.0,1.0,Livree
100131,2025-11-08,2458,Paris,Beaute,Rouge a levres,1,17.08,15,CB,Magasin,,,Annulee
104570,2025-01-05,1817,Bordeaux,Beaute,Rouge a levres,4,19.34,20,CB,Site web,8.0,3.0,Annulee
101779,2024-06-29,2046,Bordeaux,Vetements,T-shirt,2,36.42,0,Especes,Site web,2.0,4.0,Retournee
102377,2024-06-05,1723,Lyon,Beaute,Serum,2,27.25,30,CB,Application mobile,14.0,2.0,Livree
103229,2025-07-02,1508,Strasbourg,Maison,Lampe,2,28.84,10,PayPal,Application mobile,1.0,4.0,Livree
101785,2025-07-04,1260,Bordeaux,Livres,BD,2,19.37,0,CB,Site web,11.0,5.0,Annulee
101562,2025-05-12,1671,Lyon,Electronique,Casque audio,2,303.38,5,CB,Site web,5.0,4.0,Livree
101156,2024-09-04,2063,Strasbourg,Sport,Tapis de yoga,2,51.84,30,Especes,Site web,12.0,,Livree
103480,2024-07-23,1210,Nantes,Sport,Montre connectee,2,84.14,10,PayPal,Application mobile,3.0,3.0,Retournee
100191,2025-02-21,1826,Bordeaux,Vetements,Baskets,4,38.35,15,Especes,Application mobile,14.0,5.0,Livree
104029,2024-09-07,2033,Lyon,Vetements,Robe,2,38.5,5,CB,Application mobile,7.0,5.0,Livree
103409,2024-01-24,1279,Lyon,Sport,Ballon,2,58.94,0,CB,Application mobile,6.0,5.0,Retournee
100079,2025-03-16,2479,Lyon,Vetements,T-shirt,1,23.27,0,CB,Application mobile,12.0,5.0,Livree
104666,2025-08-15,2219,Nantes,Vetements,Baskets,1,,20,CB,Application mobile,2.0,4.0,En cours
100558,2024-09-19,2078,Nantes,Electronique,Casque audio,1,223.89,10,PayPal,Site web,10.0,4.0,Retournee
102620,2024-10-09,1114,Toulouse,Livres,Manuel scolaire,2,16.32,0,CB,Magasin,10.0,5.0,En cours
104513,2025-07-30,1202,Strasbourg,Electronique,Tablette,5,201.49,20,PayPal,Site web,8.0,4.0,Livree
102226,2025-10-17,2364,Marseille,Vetements,T-shirt,1,40.96,10,Virement,Site web,14.0,4.0,Livree
101317,2024-12-31,1258,Paris,Maison,Lampe,2,55.35,5,CB,Site web,11.0,5.0,Retournee
103319,2025-12-16,1777,Toulouse,Beaute,Shampoing,1,18.92,10,CB,Site web,7.0,4.0,Livree
102520,2024-05-16,2291,Bordeaux,Electronique,Ordinateur portable,1,185.1,20,CB,Site web,3.0,4.0,Annulee
103478,2025-09-08,1691,Lyon,Livres,Roman,4,17.54,15,Virement,Application mobile,6.0,4.0,Retournee
104548,2024-10-27,1327,Paris,Vetements,T-shirt,5,56.39,20,CB,Site web,3.0,,En cours
101903,2025-09-11,1569,Bordeaux,Livres,BD,2,16.44,15,CB,Site web,7.0,5.0,Livree
101524,2025-01-09,1948,Marseille,Beaute,Serum,4,18.59,15,CB,Site web,11.0,5.0,Livree
102957,2024-11-01,2457,Paris,Vetements,Robe,4,41.62,0,CB,Magasin,6.0,4.0,Livree
103157,2024-05-22,1331,Strasbourg,Livres,Manuel scolaire,1,10.31,15,Virement,Magasin,3.0,5.0,Livree
102767,2025-02-11,2436,Bordeaux,Maison,Tapis,2,31.54,15,PayPal,Application mobile,6.0,3.0,Retournee
102351,2024-02-16,1965,Lyon,Electronique,Enceinte bluetooth,4,281.19,10,PayPal,Application mobile,5.0,5.0,Livree
104377,2025-10-20,1366,Nantes,Vetements,Baskets,1,50.65,30,CB,Application mobile,11.0,4.0,Livree
104914,2024-01-04,1038,Bordeaux,Electronique,Enceinte bluetooth,5,317.73,0,PayPal,Site web,8.0,5.0,Livree
104227,2025-06-20,1505,Marseille,Vetements,Veste,1,32.99,0,CB,Application mobile,7.0,5.0,Livree
101986,2024-06-16,1056,Nantes,Livres,Manuel scolaire,1,17.81,5,PayPal,Site web,12.0,4.0,Livree
104179,2025-08-07,1613,Strasbourg,Sport,Montre connectee,1,77.69,0,PayPal,Site web,7.0,4.0,Annulee
100391,2024-04-14,2221,Marseille,Sport,Velo,2,34.14,0,Virement,Application mobile,14.0,5.0,Livree
100972,2024-12-03,1178,Lille,Sport,Ballon,3,10.5,0,PayPal,Site web,11.0,5.0,Livree
100656,2025-01-21,1478,Strasbourg,Beaute,Parfum,3,12.81,5,Virement,Application mobile,13.0,3.0,Retournee
100083,2025-12-13,1863,Strasbourg,Sport,Velo,5,43.53,5,CB,Site web,4.0,4.0,Livree
101574,2025-08-20,2484,Nantes,Sport,Montre connectee,1,50.34,0,PayPal,Site web,3.0,4.0,Livree
103665,2025-02-23,2336,Marseille,Beaute,Rouge a levres,4,18.69,15,PayPal,Magasin,9.0,5.0,Annulee
104261,2024-12-23,1296,Nantes,Livres,Livre de cuisine,1,16.5,0,CB,Site web,1.0,3.0,Livree
100073,2024-05-13,1202,Paris,Maison,Etagere,2,33.4,10,CB,Magasin,,4.0,En cours
104524,2025-07-05,1727,Paris,Beaute,Serum,3,23.0,10,PayPal,Application mobile,1.0,4.0,Livree
102062,2024-11-30,1680,Lille,Electronique,Enceinte bluetooth,3,220.99,0,PayPal,Site web,11.0,4.0,Livree
100082,2025-04-25,2228,Lyon,Vetements,Jean,2,27.92,5,Virement,Site web,8.0,5.0,Annulee
103325,2024-07-22,2164,Strasbourg,Livres,Roman,3,13.61,30,Especes,Site web,6.0,4.0,Livree
100975,2024-07-27,1953,Marseille,Electronique,Tablette,5,191.36,5,Especes,Site web,5.0,5.0,Livree
102200,2024-08-22,2156,Nantes,Electronique,Smartphone,1,267.64,30,CB,Site web,11.0,4.0,Livree
103211,2025-02-20,1186,Lyon,Electronique,Ordinateur portable,4,279.67,0,CB,Site web,12.0,4.0,Annulee
102519,2024-09-29,1349,Nantes,Livres,Roman,2,18.38,5,CB,Site web,11.0,4.0,Retournee
101715,2024-06-30,1700,Lyon,Sport,Ballon,1,57.38,30,CB,Site web,7.0,4.0,Livree
101510,2025-01-28,1064,Lille,Vetements,Robe,4,48.18,20,CB,Application mobile,13.0,3.0,Livree
103512,2025-06-30,1046,Lyon,Sport,Tapis de yoga,2,33.78,0,CB,Site web,1.0,4.0,Livree
100963,2024-12-20,1694,Marseille,Vetements,Baskets,3,27.92,5,CB,Site web,14.0,3.0,Livree
102111,2024-10-09,2013,Toulouse,Maison,Lampe,5,61.38,10,CB,Site web,2.0,3.0,Livree
103648,2025-08-04,2170,Strasbourg,Electronique,Tablette,1,274.71,20,Especes,Site web,1.0,4.0,Livree
100573,2025-09-15,1780,Bordeaux,Vetements,Robe,5,45.16,5,PayPal,Site web,12.0,4.0,Livree
100446,2025-04-03,1372,Bordeaux,Electronique,Casque audio,3,155.77,5,CB,Magasin,7.0,,Annulee
104846,2025-04-15,1126,Nantes,Electronique,Ordinateur portable,5,248.67,15,CB,Application mobile,2.0,3.0,Retournee
104043,2024-11-19,2120,Strasbourg,Electronique,Casque audio,3,274.29,20,PayPal,Site web,2.0,5.0,Livree
103020,2024-08-20,2159,Marseille,Sport,Ballon,3,54.82,0,CB,Application mobile,1.0,5.0,Livree
102800,2025-09-07,1667,Lille,Livres,Essai,1,10.79,0,PayPal,Magasin,9.0,3.0,Livree
102922,2024-12-10,1734,Toulouse,Maison,Tapis,3,42.81,0,CB,Site web,2.0,5.0,Livree
103233,2025-09-02,2334,Lyon,Livres,Roman,1,19.03,5,Especes,Site web,3.0,5.0,Livree
100416,2024-01-12,1043,Nantes,Maison,Lampe,5,47.86,0,PayPal,Site web,12.0,3.0,Livree
102114,2024-03-16,2266,Lille,Maison,Lampe,1,38.62,15,CB,Application mobile,1.0,,Livree
101760,2025-05-25,2261,Lyon,Electronique,Tablette,4,260.28,5,CB,Site web,11.0,5.0,Livree
101630,2024-04-24,1874,Bordeaux,Livres,Livre de cuisine,5,10.86,30,PayPal,Application mobile,14.0,5.0,Livree
100890,2025-04-16,2148,Lille,Electronique,Smartphone,4,30.1,0,PayPal,Application mobile,6.0,4.0,Livree
104509,2024-02-10,1756,Nantes,Vetements,Veste,1,45.68,0,CB,Application mobile,10.0,4.0,Livree
101512,2025-04-03,1937,Strasbourg,Maison,Lampe,1,43.52,0,Virement,Site web,4.0,3.0,Livree
104159,2024-11-23,1658,Lyon,Electronique,Casque audio,1,234.2,30,CB,Application mobile,7.0,5.0,Livree
100282,2024-10-04,1832,Toulouse,Maison,Etagere,5,62.99,20,CB,Application mobile,8.0,3.0,En cours
103944,2024-03-22,1824,Bordeaux,Electronique,Smartphone,1,240.89,15,CB,Application mobile,4.0,,Livree
100543,2025-03-09,1202,Strasbourg,Electronique,Ordinateur portable,3,298.94,15,CB,Site web,9.0,3.0,Livree
102061,2025-06-07,2065,Nantes,Vetements,Veste,3,39.88,0,PayPal,Site web,12.0,5.0,En cours
102560,2024-02-04,1694,Nantes,Maison,Tapis,1,30.15,30,CB,Application mobile,,4.0,Livree
103152,2024-12-04,1541,Bordeaux,Vetements,T-shirt,1,27.98,0,Especes,Application mobile,13.0,1.0,Livree
103981,2024-02-04,2031,Lille,Electronique,Smartphone,5,154.96,0,Virement,Site web,9.0,5.0,Livree
103996,2024-03-15,1619,Bordeaux,Beaute,Creme visage,4,16.1,0,PayPal,Site web,4.0,4.0,En cours
103870,2024-10-20,1639,Toulouse,Vetements,Baskets,4,45.76,0,Virement,Magasin,1.0,,Annulee
101517,2025-04-08,1827,Strasbourg,Maison,Tapis,4,59.3,10,PayPal,Site web,,5.0,Livree
102648,2024-07-01,1606,Lille,Sport,Montre connectee,2,74.73,10,PayPal,Site web,12.0,4.0,Livree
100223,2025-05-13,2351,Paris,Electronique,Casque audio,5,386.69,15,Virement,Application mobile,3.0,4.0,Livree
103034,2025-10-24,2470,Lyon,Electronique,Tablette,1,312.77,30,Especes,Application mobile,12.0,2.0,Livree
103170,2025-05-07,1963,Marseille,Maison,Tapis,2,55.8,0,CB,Site web,5.0,5.0,Livree
102094,2024-09-15,2483,Strasbourg,Electronique,Enceinte bluetooth,4,366.88,20,CB,Magasin,7.0,5.0,En cours
101885,2025-06-30,1996,Paris,Electronique,Ordinateur portable,5,,20,CB,Application mobile,14.0,5.0,Livree
101942,2025-10-16,1675,Toulouse,Vetements,Baskets,2,,0,CB,Site web,2.0,2.0,En cours
100440,2024-05-11,2130,Strasbourg,Electronique,Smartphone,3,287.28,0,Virement,Application mobile,5.0,3.0,Livree
103670,2024-06-15,1015,Lyon,Livres,Manuel scolaire,2,11.28,0,Virement,Site web,3.0,5.0,Livree
103184,2025-03-09,1171,Lille,Livres,Livre de cuisine,1,13.37,0,PayPal,Site web,13.0,1.0,Livree
102057,2024-09-09,1236,Strasbourg,Electronique,Casque audio,1,146.7,5,CB,Application mobile,9.0,2.0,Livree
104000,2024-02-24,2280,Strasbourg,Sport,Tapis de yoga,3,68.46,5,PayPal,Magasin,6.0,4.0,Livree
102132,2025-12-23,1390,Nantes,Beaute,Serum,4,15.23,0,PayPal,Application mobile,12.0,2.0,Livree
103732,2025-03-06,1283,Marseille,Vetements,Veste,3,45.72,20,CB,Magasin,9.0,4.0,Livree
101780,2025-11-05,2208,Lille,Electronique,Tablette,4,291.01,5,CB,Site web,14.0,4.0,Livree
104321,2024-05-22,1824,Toulouse,Sport,Halteres,1,47.07,10,PayPal,Site web,12.0,3.0,Retournee
104428,2024-10-22,1114,Lille,Electronique,Enceinte bluetooth,2,142.46,30,PayPal,Site web,2.0,1.0,Livree
102959,2024-11-30,2060,Strasbourg,Beaute,Serum,4,22.38,0,CB,Application mobile,2.0,5.0,Livree
104694,2025-06-11,1541,Bordeaux,Maison,Set de cuisine,5,40.47,0,PayPal,Site web,5.0,5.0,Livree
104199,2024-01-25,1281,Lille,Electronique,Enceinte bluetooth,3,242.59,5,CB,Magasin,10.0,5.0,Livree
103647,2025-10-29,2151,Bordeaux,Electronique,Smartphone,1,170.14,0,PayPal,Site web,8.0,5.0,Livree
102186,2024-09-09,1154,Lyon,Electronique,Smartphone,1,,15,CB,Magasin,10.0,2.0,Livree
100763,2024-02-03,2215,Nantes,Sport,Velo,2,82.39,20,PayPal,Site web,7.0,4.0,En cours
100335,2024-09-07,1175,Marseille,Beaute,Creme visage,3,24.36,0,CB,Application mobile,8.0,5.0,Livree
102672,2024-11-19,1277,Nantes,Beaute,Parfum,3,31.44,30,CB,Application mobile,2.0,5.0,Livree
103826,2024-09-09,1477,Toulouse,Electronique,Smartphone,2,128.71,30,CB,Magasin,4.0,5.0,Livree
103406,2025-09-26,1634,Toulouse,Maison,Coussin,1,34.78,5,CB,Site web,7.0,2.0,Livree
100592,2025-02-11,2311,Nantes,Electronique,Casque audio,2,200.47,20,Virement,Site web,5.0,4.0,Livree
101800,2025-07-20,2133,Lille,Maison,Lampe,5,65.97,10,Especes,Application mobile,7.0,5.0,Livree
102651,2024-01-14,2076,Toulouse,Maison,Set de cuisine,5,32.39,15,PayPal,Site web,7.0,,En cours
104434,2025-03-03,2267,Lille,Maison,Coussin,1,42.34,0,CB,Site web,11.0,2.0,Livree
104861,2025-08-11,2399,Lyon,Beaute,Shampoing,3,19.77,0,PayPal,Site web,10.0,,Annulee
100369,2024-02-07,1249,Strasbourg,Vetements,Robe,1,48.82,0,CB,Application mobile,11.0,5.0,Livree
103857,2024-10-21,1441,Bordeaux,Sport,Montre connectee,1,96.36,10,CB,Application mobile,14.0,3.0,Retournee
103851,2025-07-15,2024,Marseille,Livres,Essai,5,25.81,30,PayPal,Magasin,10.0,5.0,Livree
103112,2025-08-05,1975,Toulouse,Vetements,T-shirt,2,17.2,10,PayPal,Application mobile,13.0,5.0,En cours
101639,2024-09-11,2278,Paris,Sport,Ballon,2,80.68,0,CB,Application mobile,12.0,4.0,Livree
100859,2024-01-24,1133,Marseille,Vetements,Veste,1,25.7,0,CB,Magasin,9.0,3.0,Livree
104224,2025-06-10,1510,Bordeaux,Electronique,Smartphone,1,150.89,10,PayPal,Application mobile,13.0,2.0,Livree
101502,2025-08-05,1017,Toulouse,Vetements,Jean,5,37.79,5,CB,Application mobile,6.0,2.0,Livree
101671,2025-09-11,1441,Marseille,Livres,Manuel scolaire,2,7.24,15,CB,Site web,5.0,5.0,Livree
101175,2025-02-19,1310,Lyon,Electronique,Tablette,4,187.75,0,Especes,Site web,13.0,4.0,Livree
101648,2024-06-24,2343,Bordeaux,Vetements,T-shirt,5,52.86,10,Especes,Magasin,6.0,3.0,Livree
103602,2025-05-27,1954,Marseille,Electronique,Tablette,2,163.16,0,CB,Site web,12.0,5.0,Livree
103916,2025-01-14,1132,Toulouse,Beaute,Shampoing,1,20.39,20,Especes,Site web,9.0,4.0,Livree
104521,2025-04-27,1342,Lyon,Electronique,Casque audio,5,155.95,15,CB,Site web,7.0,5.0,En cours
104996,2024-05-07,1275,Bordeaux,Vetements,T-shirt,1,24.45,0,CB,Magasin,4.0,5.0,Livree
103447,2025-02-12,1110,Lille,Livres,BD,2,20.4,0,Especes,Magasin,13.0,4.0,En cours
104348,2024-09-29,1547,Lille,Vetements,Jean,3,27.75,0,Especes,Site web,14.0,1.0,Livree
102766,2024-04-05,1054,Paris,Vetements,Jean,3,24.24,0,CB,Application mobile,12.0,2.0,Livree
104529,2025-02-18,2412,Lille,Vetements,Veste,1,42.46,30,CB,Site web,8.0,4.0,Livree
100319,2024-08-12,1617,Strasbourg,Beaute,Creme visage,1,29.27,5,CB,Site web,14.0,,Annulee
102563,2025-05-20,1165,Nantes,Maison,Tapis,1,42.29,0,Especes,Site web,11.0,4.0,Livree
104613,2025-08-04,1408,Nantes,Vetements,Jean,4,12.76,0,CB,Site web,6.0,4.0,Livree
102636,2025-01-06,2335,Nantes,Livres,Essai,5,17.75,0,PayPal,Magasin,8.0,4.0,Livree
103309,2025-09-30,1082,Marseille,Sport,Montre connectee,1,58.5,15,PayPal,Site web,6.0,4.0,En cours
104057,2024-03-01,1890,Bordeaux,Vetements,Veste,1,38.65,10,Especes,Site web,,5.0,Livree
100135,2025-03-11,1265,Toulouse,Sport,Ballon,4,37.03,0,CB,Site web,5.0,3.0,Livree
104217,2024-02-24,1163,Lyon,Vetements,Jean,4,,20,Virement,Application mobile,3.0,2.0,Livree
101650,2024-07-05,1683,Lille,Electronique,Smartphone,4,276.42,10,CB,Site web,11.0,3.0,Livree
103393,2025-05-25,1580,Lyon,Sport,Halteres,5,35.73,5,CB,Site web,1.0,3.0,Livree
104134,2024-10-20,1079,Strasbourg,Electronique,Ordinateur portable,3,237.91,0,PayPal,Magasin,13.0,4.0,Livree
100355,2024-07-27,1849,Lille,Electronique,Casque audio,5,222.28,10,Virement,Site web,7.0,4.0,En cours
103062,2025-03-19,1473,Bordeaux,Electronique,Tablette,4,234.46,0,CB,Application mobile,7.0,2.0,Livree
101076,2025-08-05,2064,Bordeaux,Sport,Velo,1,41.36,15,CB,Site web,4.0,3.0,Livree
104275,2024-12-05,1558,Bordeaux,Electronique,Enceinte bluetooth,1,258.21,0,Virement,Application mobile,12.0,4.0,En cours
104924,2024-03-09,1230,Lille,Maison,Etagere,1,28.98,0,CB,Magasin,13.0,4.0,Livree
102109,2024-04-08,1766,Bordeaux,Vetements,Jean,2,36.81,20,CB,Magasin,14.0,4.0,Livree
103347,2025-01-03,1883,Strasbourg,Sport,Ballon,1,61.37,30,PayPal,Application mobile,2.0,3.0,Livree
103933,2025-02-18,2325,Nantes,Sport,Montre connectee,2,79.81,0,PayPal,Site web,2.0,3.0,Livree
103180,2025-08-28,1992,Bordeaux,Vetements,Veste,5,39.27,10,Especes,Application mobile,13.0,5.0,Livree
102940,2025-07-09,1229,Bordeaux,Maison,Etagere,5,32.22,20,Virement,Magasin,3.0,4.0,Livree
104836,2025-07-06,1374,Marseille,Electronique,Smartphone,2,187.47,0,CB,Site web,10.0,5.0,Livree
101897,2024-08-31,2341,Toulouse,Sport,Tapis de yoga,4,75.3,15,CB,Application mobile,4.0,2.0,Livree
104629,2025-04-08,1006,Paris,Sport,Tapis de yoga,1,44.07,5,PayPal,Magasin,12.0,1.0,Livree
102829,2025-04-12,2382,Marseille,Vetements,Baskets,1,10.06,0,CB,Site web,10.0,4.0,Livree
104014,2024-10-22,1092,Lyon,Electronique,Casque audio,5,233.46,15,PayPal,Application mobile,10.0,4.0,Livree
103686,2025-03-08,1420,Marseille,Electronique,Casque audio,3,165.42,30,Especes,Site web,13.0,,Livree
102933,2025-07-10,1890,Bordeaux,Livres,Manuel scolaire,1,7.23,5,CB,Site web,14.0,4.0,Livree
100329,2025-11-25,1839,Lyon,Vetements,Robe,2,43.29,30,CB,Application mobile,4.0,,Livree
100823,2025-12-15,2143,Toulouse,Sport,Tapis de yoga,1,59.79,5,CB,Application mobile,10.0,5.0,Livree
104339,2024-02-29,1826,Strasbourg,Sport,Tapis de yoga,2,68.12,0,PayPal,Application mobile,4.0,4.0,Retournee
100064,2025-01-16,2104,Lille,Maison,Etagere,3,34.16,30,PayPal,Site web,6.0,4.0,Livree
100772,2025-06-27,1062,Paris,Maison,Lampe,2,43.07,0,Virement,Application mobile,3.0,4.0,Livree
102997,2024-06-21,1160,Strasbourg,Vetements,Robe,1,29.09,20,PayPal,Magasin,1.0,3.0,Livree
100365,2024-06-26,1204,Strasbourg,Vetements,Jean,3,30.5,15,PayPal,Site web,2.0,3.0,Livree
103809,2025-10-29,2302,Nantes,Sport,Tapis de yoga,4,99.64,0,Especes,Site web,10.0,4.0,Livree
101107,2025-12-27,2499,Strasbourg,Electronique,Ordinateur portable,5,310.02,0,PayPal,Site web,13.0,3.0,Livree
102735,2024-10-31,2367,Lyon,Beaute,Parfum,1,37.6,15,CB,Application mobile,3.0,2.0,Livree
103958,2024-01-17,1990,Lille,Vetements,T-shirt,1,32.89,15,CB,Application mobile,12.0,,Livree
103215,2024-09-22,2103,Bordeaux,Vetements,Baskets,1,30.1,20,CB,Application mobile,7.0,3.0,Livree
103569,2025-07-24,2203,Strasbourg,Maison,Coussin,2,45.05,10,PayPal,Site web,7.0,4.0,En cours
102295,2024-04-16,1608,Marseille,Electronique,Casque audio,5,170.72,0,PayPal,Magasin,9.0,3.0,Livree
100669,2025-08-16,2497,,Beaute,Shampoing,1,22.77,0,CB,Magasin,10.0,4.0,Livree
102820,2025-03-17,1334,Paris,Maison,Set de cuisine,2,42.08,0,Virement,Site web,6.0,4.0,Livree
102016,2025-01-07,1882,Lyon,Vetements,T-shirt,1,43.71,10,PayPal,Site web,13.0,4.0,Livree
101955,2024-11-25,1676,Paris,Vetements,Jean,4,44.58,30,CB,Site web,7.0,5.0,Livree
103149,2025-04-10,2480,Toulouse,Vetements,Jean,3,45.06,30,Virement,Magasin,13.0,5.0,Livree
102483,2025-11-14,1153,Bordeaux,Sport,Velo,3,61.64,0,Especes,Magasin,13.0,,Livree
100400,2024-04-05,1726,Bordeaux,Beaute,Serum,5,16.21,5,PayPal,Site web,10.0,2.0,En cours
103219,2025-06-01,2099,Toulouse,Vetements,Robe,1,41.18,5,CB,Magasin,10.0,1.0,Livree
100613,2025-01-06,1270,Lille,Maison,Etagere,2,68.97,30,PayPal,Magasin,7.0,,Annulee
103272,2024-03-31,1241,Bordeaux,Sport,Montre connectee,1,54.74,15,Especes,Application mobile,12.0,3.0,Livree
103804,2024-05-17,2296,Paris,Maison,Coussin,1,21.28,15,CB,Application mobile,2.0,4.0,Livree
103260,2024-05-30,1692,Lyon,Sport,Ballon,3,43.94,5,CB,Magasin,1.0,2.0,Livree
103169,2025-10-26,1465,Lyon,Electronique,Tablette,1,383.09,0,CB,Magasin,2.0,,Livree
101817,2024-09-10,1111,Toulouse,Maison,Set de cuisine,2,50.79,0,Especes,Site web,7.0,2.0,Livree
100504,2024-04-24,1460,Nantes,Electronique,Casque audio,2,181.82,0,PayPal,Magasin,1.0,4.0,Livree
100227,2025-10-10,1445,Bordeaux,Electronique,Casque audio,1,294.62,0,CB,Site web,10.0,5.0,Livree
101755,2025-03-09,2408,Nantes,Electronique,Ordinateur portable,1,,5,CB,Site web,1.0,5.0,Livree
100245,2024-07-11,2304,Nantes,Sport,Tapis de yoga,5,80.79,30,CB,Application mobile,9.0,4.0,Retournee
101635,2025-02-22,2144,Strasbourg,Livres,Manuel scolaire,5,22.31,5,Virement,Site web,4.0,4.0,Livree
102688,2024-04-04,1111,Bordeaux,Beaute,Rouge a levres,1,27.34,0,Virement,Site web,6.0,1.0,Livree
102002,2024-04-23,1418,Toulouse,Sport,Tapis de yoga,1,63.42,30,CB,Site web,6.0,,Livree
100374,2024-10-09,1150,Toulouse,Maison,Set de cuisine,1,43.02,10,PayPal,Magasin,3.0,3.0,Livree
100119,2025-08-05,1721,Marseille,Electronique,Smartphone,1,253.05,20,CB,Magasin,7.0,4.0,Livree
100040,2024-12-13,1479,Lyon,Maison,Set de cuisine,1,30.82,30,CB,Application mobile,10.0,,Livree
102680,2025-01-16,1820,,Maison,Etagere,1,51.35,10,PayPal,Magasin,6.0,4.0,Livree
100663,2024-05-29,1540,Paris,Electronique,Smartphone,4,346.74,5,CB,Application mobile,9.0,3.0,En cours
102730,2025-09-05,1879,Marseille,Vetements,Baskets,1,24.32,0,CB,Site web,10.0,4.0,Livree
100646,2024-10-30,1219,Paris,Vetements,Jean,3,40.89,0,Especes,Site web,8.0,4.0,Livree
102578,2025-01-16,1178,Marseille,Maison,Coussin,3,33.13,5,CB,Site web,1.0,4.0,Livree
101435,2024-07-16,1417,Lille,Vetements,Robe,1,32.06,15,CB,Application mobile,4.0,4.0,En cours
102661,2024-01-06,1720,Paris,Vetements,Veste,5,18.57,20,Virement,Site web,7.0,4.0,Livree
102804,2024-03-16,2253,Nantes,Electronique,Tablette,1,292.44,0,CB,Site web,3.0,1.0,Livree
102065,2025-05-12,1871,Lille,Livres,Manuel scolaire,1,27.67,30,CB,Application mobile,11.0,4.0,Livree
100755,2025-10-31,1437,Bordeaux,Sport,Montre connectee,1,74.05,15,PayPal,Site web,9.0,4.0,Livree
100554,2025-03-18,1579,Paris,Livres,Essai,2,10.95,10,PayPal,Site web,7.0,5.0,Livree
102342,2025-01-02,2046,Lille,Sport,Velo,2,27.67,0,PayPal,Site web,4.0,,Livree
103621,2024-01-03,1453,Nantes,Beaute,Shampoing,4,12.84,5,CB,Application mobile,7.0,,Livree
103948,2024-08-14,2209,Lyon,Maison,Set de cuisine,2,30.11,0,Virement,Magasin,2.0,3.0,Annulee
104401,2025-07-20,2149,Paris,Vetements,Robe,1,38.73,10,Especes,Site web,13.0,5.0,Livree
103527,2025-11-08,2177,Toulouse,Vetements,T-shirt,2,49.38,30,CB,Magasin,6.0,4.0,Livree
100802,2024-03-13,1007,Strasbourg,Vetements,Jean,2,22.46,10,PayPal,Magasin,7.0,2.0,Livree
101387,2025-12-19,2394,Bordeaux,Electronique,Ordinateur portable,2,224.38,0,CB,Site web,1.0,3.0,Livree
102554,2025-05-12,1014,Lyon,Livres,BD,2,19.89,10,Virement,Application mobile,12.0,5.0,Livree
102741,2025-10-06,1920,Lyon,Vetements,Veste,1,32.33,0,PayPal,Magasin,3.0,4.0,Livree
102036,2024-03-25,1969,Strasbourg,Livres,Livre de cuisine,1,13.38,0,CB,Application mobile,8.0,4.0,Livree
104816,2025-04-03,2223,Marseille,Vetements,Robe,2,30.6,10,PayPal,Site web,9.0,,Livree
104467,2025-04-21,2067,Paris,Maison,Lampe,1,49.74,15,PayPal,Site web,4.0,,Livree
101818,2025-10-11,2180,Toulouse,Vetements,Jean,3,58.57,0,Especes,Magasin,10.0,1.0,Livree
100378,2024-09-01,1742,Toulouse,Electronique,Casque audio,1,383.78,0,CB,Site web,4.0,4.0,Livree
100793,2024-02-04,2232,Bordeaux,Electronique,Ordinateur portable,5,219.53,20,CB,Site web,9.0,,Annulee
100605,2024-02-15,1813,Paris,Electronique,Enceinte bluetooth,5,330.55,0,PayPal,Site web,11.0,4.0,En cours
101958,2025-06-08,1372,Nantes,Vetements,Jean,1,23.23,0,CB,Magasin,3.0,5.0,Livree
101514,2025-05-10,2369,Lille,Livres,Manuel scolaire,1,13.53,30,CB,Site web,14.0,,Annulee
100289,2025-07-28,2068,Paris,Electronique,Casque audio,2,143.49,10,CB,Application mobile,10.0,5.0,Livree
101271,2025-08-07,1332,Lille,Electronique,Enceinte bluetooth,2,256.78,20,PayPal,Site web,2.0,4.0,En cours
102614,2025-02-03,1659,Nantes,Maison,Lampe,2,36.94,0,PayPal,Site web,10.0,5.0,Livree
103750,2024-03-11,2153,Paris,Electronique,Casque audio,1,153.33,30,CB,Site web,4.0,5.0,Livree
104674,2025-08-04,2323,Nantes,Livres,Livre de cuisine,5,10.21,30,CB,Application mobile,9.0,5.0,Livree
103178,2025-05-08,2291,Paris,Electronique,Smartphone,1,219.48,30,Virement,Application mobile,11.0,4.0,Annulee
104696,2024-04-20,1536,Paris,Maison,Tapis,2,42.07,0,Especes,Site web,2.0,,Annulee
100297,2025-12-02,2028,Nantes,Electronique,Smartphone,5,193.85,10,PayPal,Site web,2.0,3.0,Livree
101917,2024-01-06,1911,Marseille,Electronique,Smartphone,3,203.99,0,CB,Site web,14.0,5.0,Livree
103702,2025-03-05,1813,Nantes,Sport,Tapis de yoga,1,51.3,10,CB,Magasin,10.0,5.0,Livree
101319,2025-11-17,1441,Paris,Beaute,Creme visage,5,15.64,15,CB,Magasin,11.0,5.0,Livree
103892,2024-09-18,2247,Paris,Vetements,T-shirt,1,41.06,15,PayPal,Magasin,10.0,,Annulee
103429,2025-02-28,1548,Lyon,Beaute,Parfum,1,22.26,0,CB,Site web,13.0,5.0,Livree
100703,2024-11-12,1520,Lyon,Maison,Lampe,2,35.28,0,CB,Application mobile,7.0,5.0,Retournee
101634,2025-03-10,2428,Bordeaux,Electronique,Casque audio,2,189.58,5,CB,Site web,2.0,5.0,Livree
102845,2025-03-14,1597,Lyon,Livres,Livre de cuisine,1,,0,CB,Magasin,14.0,3.0,Annulee
103819,2025-01-31,1378,Paris,Livres,Manuel scolaire,1,22.44,15,Especes,Site web,12.0,4.0,Livree
101549,2024-03-11,2071,Lille,Electronique,Casque audio,1,190.22,15,CB,Site web,10.0,3.0,Livree
102677,2024-06-25,2287,Paris,Sport,Montre connectee,1,31.44,30,CB,Application mobile,13.0,3.0,Livree
103709,2025-05-25,2273,Paris,Sport,Halteres,1,28.35,0,PayPal,Site web,4.0,3.0,Livree
100482,2025-08-23,2310,Nantes,Electronique,Casque audio,1,51.1,10,PayPal,Application mobile,7.0,4.0,Livree
104740,2025-05-31,1900,Lille,Maison,Coussin,1,33.87,5,CB,Application mobile,2.0,,Livree
104050,2025-09-05,1493,Strasbourg,Livres,Essai,1,21.5,10,CB,Site web,5.0,5.0,Livree
102721,2025-11-25,2249,Marseille,Beaute,Shampoing,1,31.01,20,CB,Site web,14.0,5.0,Livree
104715,2025-02-06,1113,Lille,Electronique,Smartphone,2,206.16,0,PayPal,Site web,3.0,4.0,Livree
104279,2025-04-08,1900,Marseille,Beaute,Creme visage,1,22.39,30,CB,Application mobile,6.0,1.0,Livree
101007,2024-12-29,2482,Nantes,Maison,Tapis,1,41.99,0,Virement,Site web,14.0,5.0,Livree
102602,2024-04-23,1032,Lille,Vetements,Jean,1,45.39,30,CB,Site web,8.0,5.0,Annulee
102669,2025-11-11,2014,Toulouse,Vetements,Veste,5,50.01,30,Virement,Application mobile,6.0,5.0,Livree
100910,2024-11-13,1469,Strasbourg,Maison,Lampe,2,39.49,10,CB,Magasin,10.0,5.0,Livree
103308,2024-05-02,1772,Toulouse,Beaute,Serum,1,26.83,10,PayPal,Site web,9.0,4.0,Livree
102685,2025-02-01,1217,Marseille,Sport,Montre connectee,4,63.35,15,CB,Site web,14.0,4.0,Livree
104297,2024-07-22,1784,Lyon,Electronique,Tablette,4,250.1,10,CB,Application mobile,10.0,4.0,Livree
102049,2025-08-29,2153,Lille,Sport,Halteres,4,80.77,0,CB,Magasin,2.0,5.0,Livree
103609,2024-03-17,1632,Paris,Maison,Lampe,2,60.55,15,CB,Site web,11.0,4.0,Livree
101255,2024-06-03,1181,Lyon,Maison,Etagere,2,54.72,0,Virement,Site web,10.0,5.0,Livree
104458,2025-09-14,1529,Marseille,Maison,Coussin,2,30.37,0,CB,Site web,12.0,4.0,Livree
103461,2024-04-28,2390,Nantes,Sport,Velo,2,62.19,0,Virement,Application mobile,11.0,5.0,Livree
100224,2024-01-01,1818,Nantes,Beaute,Creme visage,2,29.19,0,Especes,Site web,5.0,4.0,Livree
101367,2024-12-20,1708,Strasbourg,Maison,Set de cuisine,1,27.09,5,CB,Site web,2.0,4.0,Annulee
104414,2024-03-19,1015,Marseille,Livres,Manuel scolaire,2,21.86,0,PayPal,Site web,12.0,5.0,Livree
104969,2025-06-10,2203,Toulouse,Beaute,Rouge a levres,4,25.85,0,Especes,Application mobile,5.0,,En cours
103262,2025-11-02,1385,Strasbourg,Vetements,Baskets,2,48.56,15,CB,Site web,2.0,,Livree
101853,2025-04-05,1215,Paris,Maison,Tapis,3,46.78,0,PayPal,Site web,14.0,,En cours
101283,2025-11-14,2383,Nantes,Vetements,Robe,1,37.07,20,Virement,Magasin,8.0,3.0,Livree
101930,2024-07-23,2386,Paris,Maison,Coussin,4,52.24,5,CB,Site web,8.0,5.0,Livree
103217,2025-10-25,1320,Strasbourg,Maison,Tapis,2,,10,CB,Site web,6.0,4.0,Livree
102544,2025-02-01,1157,Lille,Maison,Lampe,2,58.99,0,CB,Application mobile,9.0,5.0,Livree
100081,2025-04-10,2088,Toulouse,Vetements,T-shirt,1,27.68,0,Virement,Site web,9.0,3.0,Livree
102604,2025-03-16,1228,Paris,Vetements,Veste,3,26.91,0,PayPal,Site web,6.0,4.0,Livree
103499,2024-10-09,1760,Lille,Electronique,Smartphone,5,231.21,15,PayPal,Site web,6.0,5.0,Livree
103790,2025-08-22,1053,Paris,Electronique,Smartphone,1,190.68,5,CB,Site web,13.0,4.0,Livree
101673,2025-11-27,1630,Nantes,Beaute,Shampoing,5,24.75,10,CB,Magasin,11.0,4.0,Livree
104316,2024-04-26,2189,Nantes,Sport,Ballon,3,67.13,10,Especes,Application mobile,6.0,4.0,Livree
104183,2025-01-14,2191,Nantes,Vetements,Robe,5,20.47,20,CB,Application mobile,3.0,,Livree
100106,2025-05-31,2478,Nantes,Beaute,Creme visage,5,24.56,5,PayPal,Site web,4.0,5.0,Livree
103960,2024-03-18,2142,Lille,Electronique,Enceinte bluetooth,2,207.74,20,CB,Application mobile,13.0,4.0,Livree
104582,2025-09-20,1267,Bordeaux,Beaute,Rouge a levres,2,18.23,15,CB,Site web,11.0,5.0,En cours
103553,2024-05-08,1378,Nantes,Electronique,Tablette,1,401.76,20,CB,Application mobile,12.0,,Annulee
102473,2024-03-13,1026,Lille,Vetements,Jean,4,52.3,20,CB,Site web,13.0,5.0,Livree
103120,2025-08-05,1855,Nantes,Beaute,Parfum,1,15.27,0,CB,Application mobile,3.0,5.0,En cours
102249,2024-05-18,2274,Toulouse,Electronique,Tablette,4,230.36,30,CB,Site web,7.0,3.0,Livree
100359,2025-02-16,2101,Strasbourg,Maison,Coussin,1,51.31,10,PayPal,Site web,4.0,,Livree
102443,2025-08-28,1519,Lyon,Electronique,Tablette,3,200.08,30,CB,Magasin,10.0,,Livree
100169,2025-08-25,1614,Lyon,Vetements,Baskets,1,25.69,0,Virement,Application mobile,11.0,5.0,Livree
104047,2024-07-22,2419,Toulouse,Vetements,Robe,2,37.87,10,PayPal,Magasin,5.0,5.0,Annulee
101926,2024-03-01,1378,Marseille,Electronique,Enceinte bluetooth,2,315.13,10,CB,Site web,3.0,4.0,Livree
101223,2025-12-03,1416,Paris,Beaute,Shampoing,2,23.93,15,PayPal,Magasin,2.0,5.0,Livree
103821,2025-12-12,1897,Lyon,Electronique,Ordinateur portable,2,280.73,0,Virement,Site web,8.0,5.0,Livree
104367,2024-06-03,1779,Lille,Vetements,T-shirt,1,19.13,0,PayPal,Application mobile,9.0,4.0,Livree
102265,2025-09-05,1354,Toulouse,Sport,Velo,4,70.72,15,Virement,Site web,1.0,3.0,Livree
101859,2024-11-23,1850,Bordeaux,Livres,Essai,1,17.79,10,CB,Application mobile,8.0,,Livree
101192,2025-03-02,1320,Bordeaux,Electronique,Casque audio,2,280.93,0,CB,Site web,2.0,5.0,Livree
103907,2025-04-11,2425,Lyon,Maison,Lampe,5,40.96,15,Especes,Site web,1.0,2.0,Livree
102511,2025-06-23,2040,Lyon,Maison,Coussin,1,11.24,0,PayPal,Magasin,3.0,1.0,Livree
103103,2025-01-23,2360,Lyon,Beaute,Shampoing,1,21.98,30,PayPal,Application mobile,11.0,5.0,Livree
104301,2024-08-05,1775,Strasbourg,Maison,Etagere,2,40.78,5,CB,Application mobile,7.0,2.0,Livree
100866,2025-07-15,1930,Paris,Maison,Etagere,1,57.55,0,PayPal,Site web,10.0,,Livree
103633,2024-07-26,2185,Bordeaux,Maison,Set de cuisine,5,40.37,0,CB,Site web,5.0,5.0,Annulee
102919,2025-05-15,1549,,Vetements,T-shirt,2,46.72,0,CB,Application mobile,11.0,4.0,Livree
100341,2025-05-05,1798,Lille,Maison,Etagere,1,30.66,0,CB,Application mobile,10.0,4.0,Livree
101143,2024-07-14,1242,Lyon,Beaute,Shampoing,3,18.23,20,PayPal,Application mobile,4.0,3.0,Livree
104708,2024-05-08,1396,Toulouse,Vetements,T-shirt,2,37.96,15,CB,Site web,4.0,,Annulee
102243,2025-05-23,1564,Strasbourg,Electronique,Tablette,2,301.61,20,Especes,Application mobile,4.0,4.0,Annulee
103650,2025-01-16,1413,Lille,Maison,Lampe,3,22.06,0,CB,Application mobile,3.0,5.0,Annulee
100290,2025-09-19,1654,Lille,Electronique,Casque audio,2,223.18,20,Especes,Application mobile,12.0,5.0,Livree
104107,2025-01-17,1956,Paris,Maison,Etagere,1,34.57,0,CB,Site web,7.0,4.0,Livree
104099,2024-07-28,1858,Strasbourg,Vetements,Robe,1,23.04,0,CB,Magasin,12.0,5.0,Livree
103761,2024-09-14,1869,Toulouse,Maison,Tapis,4,45.28,0,Virement,Site web,9.0,5.0,Livree
103070,2025-12-22,2401,Paris,Vetements,Baskets,1,20.79,0,CB,Magasin,2.0,5.0,En cours
102076,2025-06-10,2261,Toulouse,Vetements,Baskets,1,32.76,5,CB,Site web,9.0,5.0,Retournee
103510,2025-08-01,1354,Strasbourg,Sport,Ballon,3,41.96,15,PayPal,Magasin,6.0,5.0,Retournee
103986,2025-02-06,2431,Toulouse,Vetements,Baskets,2,34.16,20,CB,Application mobile,6.0,4.0,Retournee
100600,2025-11-17,1974,,Beaute,Parfum,3,21.55,5,PayPal,Magasin,12.0,5.0,Livree
103644,2025-08-12,1055,Lyon,Maison,Lampe,5,55.05,0,CB,Site web,1.0,5.0,Livree
102622,2024-12-04,1965,Toulouse,Vetements,T-shirt,1,47.28,0,Especes,Site web,14.0,3.0,Livree
101331,2024-04-09,2187,Nantes,Electronique,Casque audio,2,211.54,20,CB,Magasin,3.0,5.0,Annulee
100393,2025-07-20,1408,Lille,Sport,Tapis de yoga,5,74.27,0,CB,Site web,4.0,5.0,Livree
103725,2025-02-15,1798,Paris,Maison,Tapis,3,63.15,10,CB,Application mobile,14.0,4.0,Livree
100765,2025-02-19,1703,Bordeaux,Maison,Lampe,2,43.19,0,CB,Application mobile,1.0,2.0,Livree
102679,2025-01-29,1345,Strasbourg,Beaute,Parfum,3,15.69,30,CB,Site web,10.0,1.0,Livree
104491,2025-12-30,2055,Bordeaux,Beaute,Rouge a levres,1,16.42,0,Virement,Magasin,13.0,4.0,Livree
100688,2025-12-11,1930,Lille,Beaute,Serum,2,24.58,20,PayPal,Site web,5.0,3.0,Livree
102956,2025-12-17,2226,Lyon,Beaute,Parfum,3,17.06,0,Virement,Magasin,3.0,4.0,Livree
102157,2025-03-13,2127,Toulouse,Livres,BD,2,10.27,10,CB,Magasin,1.0,4.0,Livree
101402,2025-01-29,1769,Toulouse,Maison,Etagere,1,23.31,30,CB,Site web,11.0,2.0,Livree
102916,2025-07-18,2261,Nantes,Vetements,T-shirt,2,37.22,15,PayPal,Magasin,8.0,4.0,Livree
102160,2024-08-02,1306,Toulouse,Sport,Ballon,1,62.21,15,PayPal,Magasin,,4.0,En cours
103261,2025-09-11,2324,Strasbourg,Vetements,Jean,5,47.0,20,CB,Application mobile,3.0,4.0,Livree
103281,2025-11-05,1857,Toulouse,Sport,Halteres,2,55.6,0,CB,Site web,11.0,5.0,Livree
100204,2024-10-23,2193,Strasbourg,Maison,Lampe,2,55.3,10,Especes,Site web,2.0,4.0,Livree
102348,2024-07-02,1097,Lyon,Electronique,Tablette,2,340.31,0,CB,Magasin,3.0,4.0,Livree
102720,2025-01-28,1213,Toulouse,Vetements,Robe,1,22.84,30,CB,Application mobile,1.0,4.0,Livree
104961,2025-09-29,2254,Lyon,Sport,Ballon,5,36.51,30,CB,Application mobile,7.0,4.0,Livree
104286,2025-03-10,2434,Bordeaux,Beaute,Rouge a levres,3,23.71,0,Especes,Site web,11.0,2.0,Livree
100699,2025-12-09,1675,Paris,Vetements,T-shirt,3,46.7,20,PayPal,Site web,4.0,3.0,Livree
103536,2024-11-03,1047,Lyon,Beaute,Parfum,3,17.42,20,CB,Application mobile,2.0,4.0,Livree
100886,2024-06-17,1505,Strasbourg,Vetements,Baskets,4,35.09,10,CB,Application mobile,7.0,4.0,Livree
101873,2025-11-16,1146,Nantes,Beaute,Creme visage,4,12.53,10,Especes,Magasin,5.0,,Annulee
101722,2024-02-27,1675,Lyon,Electronique,Tablette,2,346.71,10,CB,Site web,3.0,3.0,Retournee
101479,2024-03-30,1919,Nantes,Electronique,Casque audio,1,273.94,10,CB,Application mobile,10.0,,Livree
102555,2024-06-12,1272,Marseille,Electronique,Ordinateur portable,3,149.46,15,PayPal,Site web,10.0,3.0,Livree
104154,2025-03-05,1580,Strasbourg,Electronique,Casque audio,1,366.7,30,CB,Application mobile,2.0,5.0,Livree
101951,2024-11-10,2027,Nantes,Electronique,Ordinateur portable,2,351.97,30,CB,Application mobile,7.0,2.0,Livree
101337,2024-12-18,1180,Lyon,Maison,Set de cuisine,1,40.42,0,Especes,Site web,6.0,3.0,Livree
104722,2025-01-14,2134,Lille,Electronique,Smartphone,4,243.32,15,CB,Site web,1.0,4.0,Livree
101611,2024-08-02,1630,Toulouse,Maison,Lampe,5,64.82,30,Virement,Application mobile,,5.0,En cours
101480,2025-08-05,1781,Toulouse,Sport,Halteres,1,46.59,0,PayPal,Site web,5.0,5.0,Annulee
104936,2025-12-08,1308,Strasbourg,Sport,Ballon,2,51.3,10,CB,Site web,6.0,,Annulee
103590,2025-08-01,1081,Lyon,Livres,Livre de cuisine,3,14.13,5,Especes,Site web,12.0,3.0,Livree
103786,2025-01-16,2158,Strasbourg,Sport,Velo,2,77.42,5,CB,Magasin,14.0,,Annulee
100012,2025-04-01,1705,Lyon,Vetements,Jean,4,14.98,0,CB,Application mobile,12.0,4.0,Livree
102579,2024-02-07,2384,Paris,Electronique,Enceinte bluetooth,2,197.52,20,CB,Site web,11.0,,Livree
103749,2025-11-13,1502,Lyon,Beaute,Serum,1,19.91,10,CB,Magasin,13.0,3.0,Livree
101904,2025-10-22,1787,Paris,Maison,Coussin,2,31.15,0,CB,Site web,2.0,5.0,En cours
104457,2024-12-08,2386,Strasbourg,Maison,Coussin,2,42.92,20,Especes,Magasin,4.0,,Annulee
102176,2024-08-21,1652,Strasbourg,Beaute,Shampoing,1,23.96,30,CB,Magasin,12.0,3.0,Livree
101552,2024-02-20,1820,,Beaute,Parfum,3,16.05,0,Virement,Application mobile,13.0,3.0,Livree
102864,2024-05-04,1727,Lille,Vetements,T-shirt,2,63.04,5,CB,Magasin,10.0,4.0,En cours
104085,2025-09-08,1453,Lyon,Vetements,T-shirt,1,40.23,5,CB,Site web,2.0,4.0,Livree
100851,2025-07-31,1488,Lille,Beaute,Creme visage,3,16.86,5,CB,Site web,9.0,1.0,Annulee
100792,2025-09-03,1273,Paris,Vetements,Robe,2,29.76,30,CB,Application mobile,8.0,5.0,Livree
101183,2024-07-15,1224,Strasbourg,Beaute,Parfum,4,26.5,15,CB,Site web,5.0,3.0,Retournee
103090,2025-04-28,1112,Toulouse,Vetements,Robe,4,32.06,5,PayPal,Site web,10.0,4.0,Livree
101388,2025-10-27,1927,Paris,Electronique,Ordinateur portable,2,330.03,30,Especes,Site web,6.0,5.0,Livree
100906,2025-06-10,1431,Toulouse,Beaute,Rouge a levres,4,19.09,10,CB,Site web,10.0,,Retournee
103374,2025-03-30,1075,Strasbourg,Livres,Livre de cuisine,1,17.93,10,PayPal,Site web,9.0,5.0,Retournee
100568,2025-07-05,2147,Lyon,Maison,Etagere,2,42.76,20,CB,Magasin,1.0,2.0,Livree
103784,2024-02-29,1431,Toulouse,Maison,Lampe,2,,0,CB,Site web,10.0,4.0,Livree
103785,2025-10-24,1214,Toulouse,Beaute,Parfum,1,21.18,0,Virement,Site web,5.0,,Annulee
102490,2024-06-07,1753,,Electronique,Enceinte bluetooth,1,330.62,0,CB,Application mobile,13.0,1.0,Livree
103242,2024-11-15,1599,Strasbourg,Sport,Halteres,2,44.55,0,PayPal,Site web,6.0,5.0,Livree
102785,2025-09-23,1880,Nantes,Electronique,Casque audio,1,198.03,20,CB,Site web,4.0,4.0,Livree
104193,2025-08-02,1866,Lille,Livres,Manuel scolaire,1,16.31,5,Virement,Site web,14.0,5.0,En cours
104825,2024-01-31,1342,Nantes,Vetements,Robe,5,30.15,30,CB,Application mobile,10.0,2.0,Livree
102269,2025-08-29,2168,Nantes,Electronique,Enceinte bluetooth,2,209.62,15,CB,Site web,13.0,1.0,En cours
101893,2024-07-22,1859,Paris,Maison,Coussin,3,75.73,20,CB,Site web,11.0,,Annulee
103134,2025-11-22,2312,Lille,Vetements,Robe,2,34.74,5,CB,Site web,14.0,5.0,Livree
103811,2025-11-29,1715,Lyon,Electronique,Tablette,4,254.22,0,PayPal,Application mobile,4.0,4.0,Livree
104398,2025-08-16,1610,Lyon,Maison,Etagere,5,46.15,15,CB,Magasin,8.0,1.0,Livree
100488,2024-07-02,1624,Paris,Vetements,T-shirt,1,35.9,0,CB,Application mobile,3.0,2.0,Livree
100257,2024-07-25,1061,Bordeaux,Beaute,Shampoing,1,20.01,15,Especes,Application mobile,8.0,2.0,Livree
100744,2024-12-31,1527,Nantes,Beaute,Creme visage,2,18.11,15,CB,Magasin,1.0,5.0,Livree
100432,2025-08-31,2407,Nantes,Maison,Coussin,5,48.47,30,CB,Site web,12.0,4.0,Livree
100687,2024-03-13,1173,Nantes,Electronique,Ordinateur portable,1,266.68,30,Especes,Application mobile,2.0,5.0,Livree
103733,2024-12-15,2022,Paris,Maison,Set de cuisine,5,82.98,15,CB,Magasin,12.0,5.0,Livree
103366,2025-10-03,2047,Toulouse,Beaute,Creme visage,2,23.9,20,CB,Site web,11.0,5.0,Livree
102197,2024-06-24,1173,Lyon,Livres,Manuel scolaire,4,6.01,0,PayPal,Site web,10.0,5.0,Livree
103501,2024-08-23,2301,Strasbourg,Beaute,Creme visage,1,12.76,10,PayPal,Magasin,8.0,4.0,Livree
102756,2025-01-25,2195,Marseille,Maison,Lampe,3,32.02,30,Virement,Magasin,8.0,5.0,Livree
104751,2024-02-13,2266,Paris,Sport,Montre connectee,1,74.59,0,PayPal,Site web,2.0,5.0,Livree
104245,2024-05-11,2267,Paris,Electronique,Tablette,2,175.78,0,Especes,Site web,9.0,5.0,Livree
102346,2025-07-08,2162,Lyon,Vetements,T-shirt,3,30.31,20,Virement,Site web,8.0,5.0,Livree
101774,2025-10-03,1797,Marseille,Beaute,Shampoing,3,20.08,15,CB,Magasin,11.0,4.0,Livree
103867,2025-08-09,1490,Strasbourg,Electronique,Tablette,4,255.67,10,CB,Application mobile,11.0,4.0,Livree
104863,2024-10-25,2190,Strasbourg,Electronique,Tablette,5,209.6,15,CB,Site web,13.0,3.0,Livree
101397,2024-09-22,1446,Nantes,Maison,Tapis,3,36.97,0,CB,Application mobile,11.0,4.0,Retournee
102145,2025-11-21,1720,Strasbourg,Electronique,Ordinateur portable,1,329.06,0,CB,Site web,10.0,3.0,Annulee
102518,2025-03-07,1998,Lille,Beaute,Rouge a levres,5,22.0,10,PayPal,Site web,6.0,,Livree
101852,2025-02-24,1049,Lyon,Maison,Etagere,2,63.71,20,CB,Site web,9.0,4.0,Livree
100507,2024-03-12,2210,Paris,Vetements,Veste,2,29.68,0,CB,Site web,10.0,2.0,Livree
100764,2025-11-01,1753,Lyon,Beaute,Rouge a levres,5,23.35,5,PayPal,Site web,5.0,4.0,En cours
103265,2024-02-12,2204,Marseille,Maison,Lampe,3,27.59,5,PayPal,Site web,4.0,4.0,Livree
103311,2024-12-28,1316,Paris,Sport,Halteres,1,44.8,0,CB,Site web,11.0,5.0,Livree
101770,2025-09-24,1365,Lyon,Maison,Tapis,5,55.47,20,CB,Magasin,1.0,5.0,Livree
104610,2024-04-17,1164,Lille,Vetements,Baskets,2,41.01,5,CB,Application mobile,1.0,4.0,Livree
102734,2024-08-24,2151,Toulouse,Sport,Tapis de yoga,4,37.49,0,CB,Site web,1.0,4.0,En cours
100578,2024-07-25,1218,Paris,Sport,Velo,2,41.98,0,CB,Application mobile,12.0,4.0,Livree
101609,2025-08-21,2271,Toulouse,Livres,BD,1,12.05,10,CB,Application mobile,9.0,5.0,Livree
103587,2024-07-10,1909,Lille,Electronique,Ordinateur portable,3,212.42,0,PayPal,Site web,9.0,,Livree
102079,2025-08-28,2182,Strasbourg,Livres,BD,1,13.54,0,Virement,Application mobile,1.0,5.0,Retournee
104972,2025-04-11,1646,Paris,Vetements,Robe,4,35.95,20,Especes,Application mobile,5.0,1.0,Livree
103350,2025-12-10,1176,Nantes,Sport,Velo,2,66.45,10,Especes,Site web,4.0,4.0,Livree
103466,2024-01-21,1726,Marseille,Maison,Etagere,4,34.12,0,Especes,Application mobile,2.0,,Annulee
101798,2024-04-20,1843,Bordeaux,Electronique,Smartphone,2,353.31,0,Virement,Magasin,9.0,5.0,Retournee
104602,2025-11-02,2472,Nantes,Beaute,Parfum,3,15.58,5,PayPal,Site web,1.0,5.0,Livree
104713,2025-08-24,1554,Bordeaux,Electronique,Ordinateur portable,2,330.17,0,CB,Site web,13.0,4.0,Livree
101288,2025-06-12,1924,Marseille,Electronique,Tablette,4,288.01,5,Virement,Site web,5.0,4.0,Livree
100239,2025-08-20,1058,Nantes,Vetements,Baskets,1,53.65,30,CB,Site web,8.0,1.0,Livree
104135,2025-03-24,2002,Nantes,Electronique,Smartphone,2,220.81,20,CB,Magasin,6.0,5.0,Livree
101745,2024-09-01,1073,Lille,Beaute,Shampoing,1,22.59,10,Especes,Site web,1.0,5.0,Livree
104990,2025-12-20,1031,Toulouse,Electronique,Smartphone,5,328.92,30,Virement,Magasin,6.0,5.0,Livree
101599,2025-03-01,1405,Lyon,Maison,Etagere,2,49.83,0,CB,Application mobile,4.0,,Livree
103900,2024-03-21,2428,Marseille,Vetements,Baskets,2,32.33,15,CB,Application mobile,13.0,5.0,Livree
102527,2025-11-20,1015,Marseille,Electronique,Smartphone,1,375.06,30,PayPal,Site web,6.0,5.0,Livree
103105,2025-03-15,1167,Nantes,Beaute,Rouge a levres,4,24.34,0,CB,Application mobile,13.0,4.0,Livree
101778,2024-10-16,1345,Strasbourg,Vetements,Veste,1,30.2,30,PayPal,Site web,9.0,5.0,Livree
102572,2025-01-23,2235,Strasbourg,Sport,Montre connectee,3,55.65,15,CB,Magasin,3.0,3.0,Livree
100903,2024-11-08,2304,Strasbourg,Beaute,Serum,1,29.72,5,CB,Magasin,7.0,2.0,Annulee
101448,2024-08-14,1068,Bordeaux,Maison,Etagere,1,39.17,5,CB,Magasin,5.0,4.0,Livree
101869,2025-05-04,2418,Nantes,Electronique,Ordinateur portable,1,110.08,0,CB,Site web,1.0,4.0,Livree
101559,2025-02-26,2133,Strasbourg,Electronique,Casque audio,2,356.68,0,Especes,Application mobile,4.0,3.0,Livree
100555,2025-08-28,1797,Lyon,Vetements,Jean,2,39.16,10,CB,Site web,11.0,5.0,Livree
101311,2024-08-24,2071,Lille,Maison,Etagere,3,39.25,5,Especes,Magasin,8.0,4.0,Livree
100200,2024-12-15,2147,Bordeaux,Sport,Velo,2,48.85,20,PayPal,Magasin,14.0,,Livree
100803,2024-01-08,1354,Toulouse,Sport,Montre connectee,4,63.32,0,PayPal,Site web,10.0,5.0,Livree
102826,2025-07-05,1652,Marseille,Sport,Ballon,4,31.65,0,CB,Site web,11.0,5.0,Livree
104515,2024-05-29,2250,Lyon,Vetements,Veste,2,36.92,15,CB,Application mobile,4.0,4.0,Retournee
102540,2025-06-16,1903,Lille,Maison,Coussin,5,54.43,15,CB,Site web,13.0,5.0,Livree
102748,2025-05-29,1969,Nantes,Beaute,Creme visage,1,32.48,20,CB,Magasin,14.0,3.0,Livree
102526,2025-12-26,1554,Paris,Maison,Set de cuisine,4,48.93,10,PayPal,Magasin,8.0,5.0,En cours
100343,2025-10-08,2423,Marseille,Sport,Tapis de yoga,2,86.56,30,Especes,Site web,1.0,5.0,Annulee
101330,2025-02-28,1641,Toulouse,Beaute,Parfum,3,17.66,30,CB,Application mobile,9.0,3.0,Livree
103236,2025-09-01,1732,Bordeaux,Livres,Livre de cuisine,1,15.67,20,Virement,Site web,2.0,5.0,Livree
103220,2025-03-31,1446,Marseille,Sport,Halteres,2,,0,Virement,Site web,13.0,5.0,Livree
102915,2024-01-04,1944,Paris,Vetements,Baskets,1,26.24,10,CB,Site web,5.0,,Livree
104392,2024-07-25,1804,Nantes,Sport,Ballon,1,36.76,10,Virement,Site web,7.0,5.0,Livree
104907,2024-11-09,1561,Bordeaux,Electronique,Smartphone,2,154.73,5,CB,Application mobile,3.0,5.0,Livree
103264,2025-09-10,2336,Paris,Vetements,Baskets,1,20.85,20,CB,Application mobile,13.0,,Annulee
104523,2025-09-27,1492,Bordeaux,Sport,Tapis de yoga,1,66.53,0,Virement,Application mobile,5.0,,Livree
101940,2025-05-08,1684,Paris,Livres,Livre de cuisine,3,22.2,10,PayPal,Magasin,5.0,3.0,Livree
104618,2025-04-15,1195,Strasbourg,Electronique,Ordinateur portable,4,191.5,30,PayPal,Application mobile,1.0,5.0,Livree
101576,2024-07-23,2184,Strasbourg,Electronique,Smartphone,5,208.88,5,PayPal,Site web,2.0,3.0,Annulee
102405,2025-12-23,1705,Lille,Vetements,T-shirt,1,12.43,0,Especes,Site web,11.0,,Annulee
102191,2024-08-31,1446,Strasbourg,Maison,Lampe,1,35.06,0,PayPal,Magasin,10.0,3.0,Livree
100792,2025-09-03,1273,Paris,Vetements,Robe,2,29.76,30,CB,Application mobile,8.0,5.0,Livree
104089,2024-04-02,2035,,Maison,Coussin,2,44.16,15,Especes,Site web,11.0,4.0,Livree
103904,2025-10-07,1111,Nantes,Livres,Essai,1,17.18,0,CB,Application mobile,2.0,4.0,Livree
101540,2024-03-09,2469,Lille,Maison,Etagere,1,29.13,20,PayPal,Magasin,12.0,,Livree
101085,2025-02-07,1764,Lyon,Vetements,Veste,1,10.6,15,PayPal,Site web,5.0,4.0,Livree
102469,2025-11-01,1133,Strasbourg,Vetements,Baskets,5,39.11,10,PayPal,Site web,7.0,5.0,Annulee
101550,2024-10-19,1506,Lyon,Maison,Set de cuisine,2,55.95,0,CB,Magasin,10.0,4.0,Livree
104488,2024-08-16,2053,Lyon,Vetements,T-shirt,1,33.11,30,CB,Application mobile,2.0,3.0,Retournee
101122,2025-06-07,1681,Toulouse,Sport,Montre connectee,1,71.44,10,PayPal,Application mobile,9.0,3.0,En cours
104744,2024-01-28,1306,Strasbourg,Vetements,T-shirt,3,29.0,20,CB,Site web,14.0,,Annulee
104185,2025-08-14,2317,Toulouse,Sport,Tapis de yoga,3,59.75,10,PayPal,Application mobile,4.0,1.0,Livree
101804,2025-11-02,2436,Bordeaux,Electronique,Casque audio,2,396.27,5,Virement,Site web,4.0,4.0,Livree
101040,2024-01-10,1382,Toulouse,Sport,Halteres,2,40.49,0,CB,Site web,9.0,4.0,Livree
100011,2024-06-10,2310,Nantes,Beaute,Rouge a levres,2,18.92,0,Especes,Site web,12.0,3.0,Livree
103886,2024-03-30,1815,Lyon,Beaute,Serum,3,7.2,0,PayPal,Site web,9.0,4.0,Retournee
103597,2024-10-23,2468,Lyon,Beaute,Rouge a levres,3,18.07,0,PayPal,Site web,3.0,1.0,Livree
103555,2024-08-12,1653,Strasbourg,Electronique,Enceinte bluetooth,5,152.21,20,CB,Site web,13.0,,Annulee
104625,2025-09-15,1422,Nantes,Vetements,Baskets,1,13.84,20,CB,Site web,7.0,3.0,Livree
102280,2025-12-19,1723,Lille,Electronique,Ordinateur portable,2,113.92,30,CB,Site web,7.0,5.0,Livree
102728,2025-11-15,1260,Lille,Electronique,Enceinte bluetooth,3,97.36,30,Especes,Magasin,1.0,,Livree
103231,2025-01-28,1002,Strasbourg,Beaute,Creme visage,2,16.51,20,PayPal,Site web,13.0,3.0,En cours
100145,2025-12-18,1242,Toulouse,Electronique,Smartphone,1,276.59,10,CB,Site web,8.0,4.0,Livree
100311,2025-10-23,2327,Paris,Beaute,Parfum,1,14.65,0,Virement,Magasin,13.0,4.0,Livree
101043,2024-09-24,2483,Paris,Livres,Roman,1,9.41,10,PayPal,Magasin,4.0,,Livree
101450,2024-12-09,1340,Toulouse,Electronique,Ordinateur portable,1,346.81,15,PayPal,Site web,5.0,3.0,Livree
100487,2025-02-13,1016,Lille,Maison,Lampe,3,29.54,15,PayPal,Application mobile,5.0,4.0,Livree
101535,2025-08-06,2099,Lyon,Electronique,Tablette,5,30.46,5,CB,Site web,1.0,5.0,Livree
102411,2025-07-10,2118,Paris,Sport,Tapis de yoga,4,61.27,15,Especes,Magasin,2.0,5.0,Livree
102427,2024-10-05,1170,Strasbourg,Electronique,Enceinte bluetooth,4,276.22,30,CB,Site web,9.0,5.0,Livree
102737,2024-08-18,2329,Marseille,Electronique,Smartphone,4,182.7,20,CB,Site web,3.0,5.0,Livree
101221,2024-12-21,1826,Nantes,Sport,Ballon,4,58.5,20,CB,Application mobile,,1.0,Livree
100773,2025-07-14,2416,Paris,Sport,Montre connectee,2,61.02,15,CB,Site web,2.0,4.0,Livree
101237,2025-05-25,1922,Strasbourg,Electronique,Ordinateur portable,2,222.77,0,CB,Site web,4.0,5.0,En cours
101911,2025-01-06,1113,Toulouse,Sport,Halteres,1,78.58,5,Especes,Application mobile,8.0,3.0,Livree
103218,2024-11-28,1126,Bordeaux,Vetements,T-shirt,4,27.29,10,CB,Magasin,13.0,3.0,Livree
101287,2024-04-04,1324,Strasbourg,Electronique,Enceinte bluetooth,2,289.7,20,Especes,Site web,5.0,1.0,Livree
104435,2025-10-18,1172,Toulouse,Electronique,Enceinte bluetooth,1,163.75,5,CB,Application mobile,8.0,4.0,Retournee
100949,2025-07-02,1007,Bordeaux,Maison,Etagere,1,61.48,20,CB,Site web,8.0,1.0,Livree
104968,2025-07-25,2039,Bordeaux,Beaute,Rouge a levres,3,17.5,5,CB,Site web,5.0,3.0,Livree
100513,2024-09-07,1352,Lille,Livres,Manuel scolaire,5,13.23,0,PayPal,Site web,11.0,4.0,Livree
100633,2024-11-12,1737,Bordeaux,Sport,Halteres,1,93.69,0,CB,Application mobile,7.0,4.0,Livree
102220,2024-02-11,2281,Paris,Maison,Coussin,5,53.24,0,Especes,Application mobile,6.0,3.0,Livree
103145,2024-02-21,1952,Strasbourg,Vetements,Baskets,1,40.97,10,CB,Site web,13.0,5.0,Livree
104083,2024-11-01,1501,Lille,Electronique,Ordinateur portable,1,279.1,20,Virement,Magasin,4.0,,Livree
100917,2024-02-14,1579,Paris,Maison,Lampe,3,40.91,0,CB,Site web,13.0,4.0,Livree
104894,2024-02-01,2124,Bordeaux,Electronique,Casque audio,1,164.17,10,CB,Magasin,8.0,5.0,Livree
100713,2025-07-14,1246,Toulouse,Livres,Livre de cuisine,3,17.02,30,Especes,Application mobile,11.0,2.0,Livree
104723,2024-05-23,2351,Nantes,Maison,Etagere,2,75.6,10,CB,Application mobile,10.0,5.0,Livree
103713,2024-08-11,1902,Lyon,Vetements,Veste,1,15.42,0,PayPal,Magasin,11.0,2.0,Livree
101589,2024-08-31,2252,Paris,Vetements,Veste,1,27.91,15,PayPal,Site web,7.0,4.0,Livree
103482,2025-11-09,1019,Lille,Electronique,Tablette,3,157.94,0,CB,Application mobile,3.0,1.0,Livree
102339,2025-09-29,1187,Strasbourg,Vetements,Robe,1,50.32,0,PayPal,Site web,14.0,5.0,Livree
100907,2025-01-12,1327,Marseille,Maison,Set de cuisine,3,35.34,10,PayPal,Site web,5.0,5.0,Livree
104828,2025-07-17,2152,Toulouse,Vetements,Jean,1,34.56,20,CB,Site web,14.0,3.0,Livree
100571,2024-11-24,1296,Paris,Electronique,Casque audio,2,264.17,20,CB,Magasin,5.0,4.0,Annulee
102362,2025-03-10,2427,Lyon,Maison,Lampe,1,69.8,5,PayPal,Magasin,9.0,4.0,Retournee
104426,2025-12-23,1400,Lille,Maison,Coussin,4,31.53,30,CB,Site web,3.0,3.0,Retournee
101194,2025-03-31,2084,Bordeaux,Maison,Set de cuisine,2,49.83,5,PayPal,Site web,5.0,5.0,Annulee
104172,2024-11-02,2493,Nantes,Vetements,Veste,1,13.52,0,CB,Site web,6.0,4.0,Livree
101833,2024-04-14,1272,Lille,Sport,Ballon,1,104.13,10,CB,Site web,3.0,,Livree
101797,2024-08-25,1791,Marseille,Sport,Montre connectee,5,56.67,10,CB,Application mobile,,5.0,En cours
102587,2024-04-18,2035,Nantes,Vetements,Jean,5,42.24,10,Virement,Application mobile,13.0,4.0,En cours
104920,2024-08-12,1206,Paris,Electronique,Enceinte bluetooth,1,231.11,10,CB,Application mobile,9.0,4.0,Livree
103736,2025-05-24,1725,Paris,Beaute,Shampoing,3,16.56,0,Virement,Application mobile,1.0,4.0,Livree
104899,2024-12-06,2271,Nantes,Maison,Coussin,1,56.97,0,CB,Magasin,10.0,4.0,Livree
104832,2025-08-24,2229,Bordeaux,Beaute,Rouge a levres,1,12.28,20,Especes,Site web,9.0,,Annulee
103938,2024-12-18,1035,Bordeaux,Sport,Halteres,3,68.42,30,PayPal,Site web,3.0,4.0,Livree
101546,2024-11-27,1011,Paris,Beaute,Creme visage,3,11.17,0,PayPal,Site web,9.0,3.0,Livree
104856,2024-07-04,1659,Marseille,Sport,Montre connectee,4,68.89,10,CB,Site web,12.0,3.0,Livree
104413,2024-07-08,1690,Strasbourg,Electronique,Tablette,2,316.23,30,CB,Site web,7.0,5.0,Livree
104698,2025-09-08,1762,Paris,Livres,Manuel scolaire,4,17.2,15,CB,Site web,1.0,4.0,Annulee
101840,2024-03-03,1650,Strasbourg,Beaute,Rouge a levres,3,10.39,0,Virement,Magasin,11.0,3.0,Livree
100162,2024-02-12,1390,Lille,Livres,Manuel scolaire,2,17.41,0,CB,Magasin,14.0,4.0,En cours
101750,2025-04-29,1818,Lille,Electronique,Enceinte bluetooth,4,212.22,0,CB,Magasin,5.0,3.0,Livree
101643,2025-12-27,1755,Strasbourg,Vetements,Jean,3,33.78,0,CB,Site web,10.0,4.0,Livree
103752,2025-09-12,2274,Paris,Electronique,Smartphone,2,325.18,20,PayPal,Application mobile,12.0,4.0,En cours
100100,2025-06-10,2373,Strasbourg,Electronique,Ordinateur portable,2,191.27,0,PayPal,Site web,3.0,5.0,Livree
103728,2025-06-27,1678,Marseille,Electronique,Smartphone,1,301.03,10,CB,Application mobile,5.0,5.0,Livree
102456,2024-06-18,1620,Lille,Electronique,Tablette,3,315.72,0,CB,Application mobile,10.0,5.0,Annulee
104254,2024-09-29,2162,Paris,Sport,Ballon,3,63.95,0,CB,Site web,11.0,4.0,Livree
102482,2024-02-18,2480,Toulouse,Sport,Halteres,5,78.89,0,CB,Site web,1.0,5.0,Livree
100408,2025-06-29,1625,Marseille,Electronique,Enceinte bluetooth,4,196.74,0,PayPal,Site web,6.0,3.0,Livree
101382,2025-01-07,1763,Lille,Vetements,Jean,1,45.0,0,Especes,Site web,1.0,5.0,Livree
101346,2025-05-11,1363,Marseille,Livres,BD,1,11.87,0,Virement,Application mobile,7.0,4.0,En cours
103155,2024-07-15,1731,Bordeaux,Electronique,Smartphone,2,324.46,10,CB,Site web,12.0,3.0,Livree
102450,2024-12-16,1325,Nantes,Sport,Montre connectee,4,55.93,15,CB,Site web,2.0,5.0,Livree
100993,2024-05-03,2003,Marseille,Electronique,Enceinte bluetooth,1,336.12,0,CB,Site web,13.0,5.0,Livree
104838,2025-01-29,1823,Nantes,Electronique,Tablette,3,229.86,10,CB,Application mobile,2.0,4.0,Livree
102401,2024-04-01,1207,Bordeaux,Maison,Lampe,5,50.57,15,CB,Site web,14.0,5.0,Livree
100043,2024-05-20,2396,Toulouse,Vetements,Veste,1,17.4,0,PayPal,Site web,11.0,2.0,Livree
101737,2024-07-05,2092,Bordeaux,Maison,Set de cuisine,1,32.93,0,CB,Site web,11.0,1.0,Livree
104992,2024-03-15,2128,Lyon,Electronique,Smartphone,4,180.76,5,PayPal,Site web,7.0,3.0,Livree
101451,2024-10-20,1857,Toulouse,Livres,Manuel scolaire,2,15.25,0,PayPal,Site web,12.0,5.0,Livree
100139,2024-12-02,1229,Lille,Beaute,Creme visage,5,16.94,0,Especes,Application mobile,4.0,4.0,Livree
102043,2025-08-20,1672,Strasbourg,Livres,Roman,2,11.97,10,PayPal,Site web,6.0,1.0,Livree
103422,2024-02-12,1044,Lyon,Vetements,T-shirt,2,16.32,0,CB,Application mobile,4.0,4.0,Livree
104176,2024-01-08,1261,Paris,Beaute,Parfum,1,33.8,20,CB,Site web,14.0,5.0,Livree
103997,2025-02-16,1260,Nantes,Beaute,Creme visage,4,29.55,15,Virement,Site web,6.0,4.0,Livree
100248,2024-05-16,1754,Strasbourg,Maison,Lampe,5,46.26,0,Virement,Application mobile,6.0,5.0,Livree
101347,2025-05-20,2090,Paris,Electronique,Ordinateur portable,2,227.3,5,CB,Application mobile,8.0,3.0,Livree
101849,2025-05-04,2477,Paris,Maison,Tapis,1,32.75,5,CB,Site web,10.0,5.0,Livree
104572,2025-11-14,1013,Strasbourg,Maison,Tapis,5,19.81,5,CB,Application mobile,13.0,5.0,Livree
104496,2024-09-30,2358,Bordeaux,Vetements,Veste,3,38.03,15,Especes,Site web,13.0,5.0,Livree
104918,2025-05-11,1934,Paris,Sport,Tapis de yoga,2,35.3,0,CB,Site web,14.0,,Livree
102603,2025-07-01,1788,Lille,Maison,Set de cuisine,1,37.37,10,PayPal,Magasin,7.0,4.0,Annulee
101649,2025-09-27,1335,Lille,Maison,Lampe,1,57.82,0,PayPal,Application mobile,6.0,4.0,En cours
104025,2025-08-27,2122,Strasbourg,Electronique,Smartphone,3,286.4,0,PayPal,Site web,13.0,5.0,Livree
103245,2024-05-06,1360,Marseille,Maison,Coussin,1,19.22,20,CB,Site web,12.0,5.0,Livree
102423,2024-06-14,1740,Lyon,Electronique,Enceinte bluetooth,2,226.52,15,CB,Site web,1.0,4.0,Livree
103983,2024-09-22,1885,Marseille,Sport,Montre connectee,1,51.25,15,CB,Site web,4.0,,Livree
104347,2024-05-22,2325,Nantes,Vetements,Veste,1,45.05,0,PayPal,Magasin,3.0,,Annulee
103078,2025-01-28,2469,Marseille,Maison,Lampe,1,41.67,20,CB,Site web,13.0,3.0,Livree
100770,2024-11-21,2218,Lyon,Sport,Tapis de yoga,4,41.9,5,CB,Site web,5.0,5.0,Livree
100561,2024-03-13,2498,Lille,Maison,Etagere,1,37.62,0,CB,Site web,6.0,5.0,Livree
103674,2025-12-14,1630,Nantes,Maison,Coussin,1,56.76,20,PayPal,Site web,4.0,2.0,Livree
104194,2025-05-25,2110,Nantes,Vetements,Baskets,1,35.05,30,CB,Application mobile,6.0,,Livree
101505,2025-09-18,1224,Marseille,Maison,Etagere,1,57.52,5,Especes,Magasin,8.0,4.0,Retournee
103381,2024-04-01,1368,Lille,Electronique,Tablette,5,334.54,10,Especes,Site web,7.0,3.0,Livree
100518,2025-01-11,1677,Nantes,Vetements,Baskets,4,22.56,15,PayPal,Site web,6.0,4.0,Livree
104780,2025-10-27,1275,Paris,Sport,Halteres,2,81.99,15,CB,Site web,14.0,4.0,Livree
100778,2025-07-08,1530,Marseille,Electronique,Casque audio,2,203.52,5,PayPal,Application mobile,13.0,5.0,Livree
104202,2024-10-30,2323,Strasbourg,Livres,BD,3,19.51,0,PayPal,Application mobile,14.0,,Livree
101915,2025-12-11,1329,Lyon,Sport,Tapis de yoga,2,52.2,20,CB,Magasin,11.0,4.0,Livree
102088,2025-04-20,1943,Lyon,Beaute,Rouge a levres,1,18.05,5,PayPal,Magasin,13.0,,Livree
100283,2025-12-16,1442,Toulouse,Electronique,Ordinateur portable,2,136.58,30,PayPal,Magasin,12.0,4.0,Livree
104121,2025-01-06,2364,Lyon,Vetements,Jean,3,41.72,0,PayPal,Site web,8.0,3.0,Livree
102755,2025-06-18,1022,Lyon,Beaute,Parfum,4,28.65,0,Especes,Application mobile,5.0,2.0,Livree
100708,2025-03-05,1326,Toulouse,Vetements,Robe,4,29.98,0,Virement,Site web,8.0,4.0,Livree
101663,2024-01-16,1751,Nantes,Vetements,Jean,4,48.92,30,CB,Site web,5.0,1.0,Annulee
103077,2024-05-20,1921,Toulouse,Livres,Roman,3,18.74,5,Virement,Site web,5.0,2.0,Livree
100520,2025-08-03,1487,Strasbourg,Maison,Tapis,1,41.32,0,PayPal,Magasin,7.0,5.0,Livree
101775,2024-09-07,2036,Bordeaux,Electronique,Ordinateur portable,1,252.21,5,PayPal,Magasin,1.0,5.0,Livree
100759,2025-05-11,1334,Strasbourg,Beaute,Rouge a levres,2,7.99,20,CB,Application mobile,8.0,5.0,Livree
104123,2025-07-06,1439,Lille,Electronique,Casque audio,1,203.78,10,CB,Application mobile,4.0,3.0,Livree
103748,2025-11-30,1892,Toulouse,Livres,Roman,1,6.49,0,PayPal,Magasin,9.0,2.0,Livree
104605,2024-06-21,1462,Paris,Electronique,Tablette,1,320.35,30,PayPal,Application mobile,6.0,3.0,Livree
104079,2025-06-12,1538,Strasbourg,Sport,Tapis de yoga,3,86.9,0,PayPal,Site web,7.0,4.0,Livree
103507,2024-08-22,2042,Nantes,Vetements,Robe,1,37.43,0,CB,Magasin,3.0,5.0,Livree
100036,2025-07-11,1006,Lyon,Sport,Velo,1,67.66,0,Virement,Application mobile,3.0,1.0,Livree
100026,2024-02-24,1871,Lyon,Maison,Etagere,2,41.44,0,PayPal,Application mobile,7.0,4.0,Livree
100896,2024-12-16,1473,Lyon,Livres,Roman,3,17.5,5,PayPal,Application mobile,13.0,4.0,Annulee
102863,2024-03-14,2462,Bordeaux,Electronique,Enceinte bluetooth,1,174.52,0,CB,Site web,9.0,4.0,Livree
100085,2025-05-05,1966,Marseille,Maison,Set de cuisine,2,35.72,5,CB,Site web,9.0,5.0,Livree
104556,2024-10-10,1483,Marseille,Livres,BD,1,17.89,0,Especes,Application mobile,5.0,4.0,Livree
103629,2024-06-18,1274,,Beaute,Serum,1,20.38,5,CB,Site web,2.0,5.0,Livree
102881,2024-09-09,2464,Nantes,Sport,Velo,1,48.0,15,CB,Site web,6.0,1.0,En cours
103341,2024-05-13,1062,Lille,Vetements,Veste,1,23.71,5,CB,Site web,1.0,,Annulee
103700,2024-06-28,1377,Lille,Vetements,T-shirt,3,36.7,15,PayPal,Site web,6.0,5.0,Annulee
104803,2025-03-25,1151,Marseille,Vetements,Robe,3,19.43,20,PayPal,Site web,8.0,3.0,Livree
101738,2024-03-25,2353,Nantes,Electronique,Smartphone,1,239.92,20,CB,Application mobile,6.0,4.0,Livree
102127,2025-12-12,1707,Marseille,Livres,Livre de cuisine,2,14.78,10,CB,Application mobile,7.0,4.0,Livree
100875,2024-12-17,2081,Lille,Vetements,Jean,3,36.0,0,Especes,Magasin,14.0,5.0,Livree
100147,2025-03-11,1932,Paris,Vetements,Jean,2,42.61,0,CB,Magasin,7.0,4.0,Retournee
101700,2025-05-20,1778,Paris,Sport,Halteres,5,71.73,30,CB,Site web,6.0,,Annulee
101093,2025-07-22,2408,Bordeaux,Maison,Lampe,3,37.61,0,PayPal,Site web,13.0,2.0,Livree
102112,2024-03-08,1958,Nantes,Maison,Etagere,1,48.37,20,Virement,Application mobile,4.0,4.0,Livree
101850,2025-02-08,1436,Bordeaux,Sport,Velo,1,90.95,15,CB,Application mobile,2.0,5.0,Livree
100927,2025-08-03,1171,Marseille,Vetements,Baskets,5,47.93,0,PayPal,Application mobile,1.0,5.0,Livree
100527,2025-07-24,1045,Paris,Sport,Montre connectee,1,36.08,0,CB,Site web,7.0,3.0,Livree
101262,2024-07-09,2311,Strasbourg,Vetements,Jean,3,32.51,5,PayPal,Site web,11.0,5.0,Retournee
103875,2024-05-06,1958,Strasbourg,Livres,BD,5,17.64,10,CB,Application mobile,6.0,2.0,Livree
103519,2025-07-24,1722,Marseille,Maison,Coussin,5,60.89,15,CB,Application mobile,9.0,2.0,Livree
102948,2025-02-03,1701,Toulouse,Beaute,Parfum,1,18.06,30,PayPal,Application mobile,8.0,5.0,Livree
100799,2025-02-15,1579,Bordeaux,Maison,Lampe,2,25.33,5,CB,Site web,12.0,3.0,Livree
102613,2024-11-04,2087,Lyon,Maison,Lampe,1,57.73,20,CB,Application mobile,5.0,,Livree
103232,2025-11-10,1500,Paris,Maison,Lampe,1,49.21,0,Especes,Application mobile,7.0,,Annulee
104734,2025-07-29,1213,Lille,Electronique,Smartphone,2,164.02,0,PayPal,Application mobile,7.0,3.0,Livree
103847,2025-06-15,1665,Lyon,Vetements,Veste,1,42.26,0,CB,Magasin,1.0,4.0,Livree
100381,2024-02-22,1202,Nantes,Vetements,Baskets,3,37.61,0,PayPal,Magasin,11.0,4.0,Livree
100485,2024-09-06,1729,Paris,Maison,Lampe,1,57.2,30,CB,Site web,7.0,4.0,Livree
104345,2025-08-26,1210,Bordeaux,Vetements,Baskets,2,36.46,15,Virement,Magasin,1.0,3.0,Livree
102328,2024-11-09,2260,Nantes,Sport,Halteres,2,53.96,20,CB,Application mobile,14.0,4.0,Livree
101701,2025-05-11,1774,Lyon,Maison,Tapis,4,66.18,30,CB,Site web,9.0,5.0,Livree
103352,2024-09-25,1033,Paris,Beaute,Creme visage,1,22.44,0,CB,Site web,12.0,4.0,Livree
101102,2025-12-12,1046,Strasbourg,Electronique,Casque audio,1,340.55,10,CB,Site web,2.0,2.0,Retournee
100596,2025-01-08,1564,Toulouse,Electronique,Smartphone,2,226.44,30,CB,Application mobile,14.0,4.0,Livree
103781,2025-04-17,2100,Lyon,Sport,Halteres,1,50.58,30,CB,Site web,10.0,4.0,Livree
104768,2025-07-07,1255,Marseille,Electronique,Enceinte bluetooth,2,197.66,15,Virement,Site web,9.0,4.0,En cours
101594,2024-12-03,1441,Nantes,Sport,Tapis de yoga,5,65.32,20,CB,Site web,7.0,3.0,Livree
100492,2024-11-11,1494,Lille,Beaute,Creme visage,1,16.69,20,CB,Site web,13.0,5.0,Livree
101795,2024-07-04,1773,Lyon,Maison,Tapis,1,32.43,20,CB,Site web,9.0,4.0,Livree
102626,2025-01-17,2177,Bordeaux,Sport,Halteres,5,21.72,10,Virement,Application mobile,1.0,,Annulee
100579,2024-12-04,1227,Nantes,Beaute,Shampoing,3,14.2,30,CB,Site web,1.0,4.0,Livree
101802,2024-04-21,1337,Lyon,Beaute,Parfum,2,9.37,10,CB,Site web,9.0,4.0,Livree
102655,2024-10-05,1490,Lyon,Sport,Velo,4,39.98,30,CB,Site web,4.0,5.0,Livree
100606,2025-07-08,1536,Toulouse,Electronique,Ordinateur portable,1,220.89,20,PayPal,Application mobile,3.0,4.0,Livree
100839,2024-06-01,2334,Lille,Livres,Livre de cuisine,3,9.52,30,Virement,Application mobile,10.0,5.0,Livree
104198,2025-09-18,2187,Toulouse,Vetements,Veste,1,20.17,30,PayPal,Site web,12.0,3.0,Livree
100642,2024-03-05,1133,Paris,Electronique,Ordinateur portable,1,271.3,15,CB,Site web,8.0,5.0,En cours
104759,2024-09-06,1125,Nantes,Vetements,Baskets,1,24.17,15,CB,Site web,11.0,5.0,Livree
104453,2024-08-20,2077,,Electronique,Smartphone,4,156.78,0,Virement,Application mobile,1.0,5.0,Livree
102468,2025-09-08,1083,Toulouse,Vetements,Jean,2,13.26,15,CB,Site web,1.0,5.0,Livree
103747,2025-05-07,1400,Toulouse,Electronique,Ordinateur portable,1,277.15,0,CB,Magasin,11.0,4.0,Annulee
101829,2025-05-18,2213,Lyon,Maison,Set de cuisine,1,37.52,30,PayPal,Magasin,14.0,2.0,Retournee
104205,2024-10-26,2119,Paris,Electronique,Tablette,2,215.17,10,CB,Site web,6.0,4.0,Livree
102721,2025-11-25,2249,Marseille,Beaute,Shampoing,1,31.01,20,CB,Site web,14.0,5.0,Livree
103369,2024-04-11,1327,Lyon,Vetements,Jean,4,14.93,10,PayPal,Magasin,11.0,5.0,Livree
102137,2024-08-21,1790,Marseille,Electronique,Smartphone,3,162.55,15,CB,Application mobile,7.0,4.0,Livree
103882,2024-02-29,1577,Strasbourg,Electronique,Casque audio,2,215.99,5,CB,Site web,8.0,5.0,Livree
104397,2024-05-28,1994,Paris,Maison,Tapis,5,33.55,0,CB,Magasin,2.0,4.0,Livree
101981,2024-02-06,1047,Marseille,Sport,Montre connectee,1,78.71,30,CB,Application mobile,1.0,5.0,Livree
101436,2025-02-04,1583,Strasbourg,Sport,Tapis de yoga,1,44.45,10,PayPal,Site web,2.0,,Livree
104064,2025-11-14,2136,Nantes,Electronique,Tablette,3,228.96,5,CB,Magasin,3.0,4.0,Livree
101178,2024-12-13,1963,Strasbourg,Beaute,Serum,4,26.63,10,Virement,Site web,3.0,4.0,Livree
103741,2025-08-12,1702,Marseille,Vetements,Veste,3,37.34,0,CB,Site web,7.0,3.0,Livree
100397,2025-02-12,1574,Strasbourg,Electronique,Casque audio,3,295.28,10,PayPal,Application mobile,10.0,4.0,Livree
101542,2025-12-08,1455,Bordeaux,Sport,Halteres,3,87.05,0,PayPal,Site web,8.0,1.0,Livree
102968,2025-06-19,2404,Lille,Electronique,Casque audio,4,297.9,0,CB,Magasin,1.0,4.0,Livree
103348,2025-11-03,1360,Strasbourg,Electronique,Ordinateur portable,2,286.94,20,CB,Magasin,5.0,5.0,Livree
100450,2025-05-19,2391,Bordeaux,Vetements,T-shirt,2,22.43,0,CB,Application mobile,2.0,2.0,Livree
100930,2025-08-10,2437,Bordeaux,Vetements,Robe,5,39.29,5,CB,Site web,12.0,,En cours
103848,2024-10-21,1880,Strasbourg,Livres,Essai,1,16.26,0,PayPal,Site web,12.0,4.0,Livree
103550,2024-08-31,1134,Nantes,Vetements,Baskets,4,38.07,10,Especes,Application mobile,5.0,2.0,Livree
104749,2025-03-12,1020,Marseille,Vetements,Baskets,2,31.9,20,CB,Application mobile,4.0,4.0,Livree
100394,2024-11-29,1892,Toulouse,Vetements,Jean,2,35.15,15,CB,Site web,10.0,4.0,Livree
104623,2025-11-18,1108,Lyon,Sport,Tapis de yoga,2,27.77,15,Especes,Site web,5.0,5.0,Livree
103788,2025-10-05,2075,Nantes,Vetements,Jean,1,41.29,15,CB,Site web,10.0,2.0,Livree
103820,2025-02-05,1807,Lyon,Maison,Coussin,1,58.04,30,CB,Application mobile,10.0,5.0,Livree
101936,2025-12-21,2400,Bordeaux,Beaute,Rouge a levres,1,23.19,20,Virement,Application mobile,6.0,4.0,Livree
101437,2024-02-24,2136,Lyon,Electronique,Tablette,1,253.5,30,Especes,Site web,8.0,5.0,Livree
104808,2025-09-16,1768,Marseille,Electronique,Enceinte bluetooth,2,200.97,15,PayPal,Magasin,14.0,1.0,Livree
103030,2024-03-09,1911,Nantes,Sport,Halteres,1,45.73,0,Especes,Application mobile,4.0,4.0,Livree
104657,2024-02-14,1230,Strasbourg,Electronique,Tablette,2,237.15,0,CB,Site web,7.0,4.0,Livree
104735,2025-01-12,1268,Lille,Sport,Tapis de yoga,5,34.65,0,CB,Application mobile,,3.0,Livree
103518,2024-08-29,1603,Marseille,Electronique,Enceinte bluetooth,2,367.49,0,PayPal,Magasin,10.0,4.0,Livree
101913,2024-02-20,1689,Bordeaux,Vetements,Baskets,1,22.0,0,CB,Magasin,11.0,5.0,Livree
102255,2024-11-08,2026,Marseille,Vetements,Robe,5,34.29,0,PayPal,Application mobile,1.0,3.0,Livree
103617,2024-06-16,1817,Toulouse,Electronique,Tablette,4,281.47,5,CB,Application mobile,12.0,4.0,Livree
100114,2025-01-16,1957,Lille,Beaute,Creme visage,2,24.97,10,CB,Application mobile,11.0,5.0,Livree
100088,2025-01-15,1451,Bordeaux,Beaute,Creme visage,2,12.47,5,CB,Site web,1.0,3.0,Livree
102254,2025-09-20,1573,Lille,Livres,Essai,3,13.59,20,CB,Application mobile,3.0,5.0,Livree
103203,2024-10-07,2478,Toulouse,Sport,Halteres,2,54.77,5,Virement,Site web,9.0,5.0,Livree
103050,2025-04-12,2061,Lille,Electronique,Ordinateur portable,1,207.2,0,Especes,Magasin,3.0,5.0,Livree
101181,2024-02-02,2028,Strasbourg,Vetements,Robe,3,48.58,20,PayPal,Site web,7.0,4.0,Livree
104798,2024-11-20,1045,,Vetements,Veste,5,44.72,30,PayPal,Magasin,7.0,4.0,En cours
101538,2025-12-07,1368,Lille,Maison,Set de cuisine,2,52.24,0,Especes,Magasin,14.0,4.0,Livree
104091,2025-09-18,2412,Paris,Sport,Tapis de yoga,1,79.42,0,CB,Site web,1.0,5.0,Retournee
100948,2024-01-29,1205,Lille,Sport,Ballon,1,95.34,5,PayPal,Application mobile,2.0,3.0,En cours
102975,2025-05-15,2308,Nantes,Vetements,Veste,4,42.92,0,PayPal,Application mobile,8.0,3.0,Livree
103698,2024-04-05,2227,Nantes,Maison,Tapis,5,36.17,15,CB,Application mobile,13.0,3.0,Livree
104240,2025-04-11,2038,Strasbourg,Vetements,Baskets,1,46.23,5,CB,Application mobile,11.0,5.0,Livree
101322,2024-07-05,1775,,Electronique,Smartphone,1,300.65,0,CB,Site web,8.0,5.0,Retournee
102787,2024-06-11,1047,Toulouse,Vetements,Veste,5,44.78,10,Especes,Site web,5.0,2.0,Livree
102726,2025-12-17,1191,Paris,Beaute,Serum,1,19.31,10,Especes,Application mobile,13.0,5.0,Livree
101508,2025-06-03,1004,Nantes,Vetements,Baskets,1,32.85,15,Especes,Site web,12.0,5.0,Livree
102068,2024-11-01,1392,Marseille,Beaute,Shampoing,5,19.34,20,PayPal,Site web,12.0,5.0,Livree
101864,2025-09-03,1087,Nantes,Electronique,Enceinte bluetooth,5,369.83,10,Virement,Application mobile,13.0,5.0,Livree
100868,2025-08-10,2345,Paris,Vetements,Baskets,3,30.7,5,CB,Site web,5.0,3.0,Livree
100096,2024-07-15,1422,Strasbourg,Beaute,Rouge a levres,5,19.62,0,CB,Site web,12.0,4.0,Annulee
102169,2024-03-28,1226,Toulouse,Electronique,Enceinte bluetooth,1,365.96,0,CB,Magasin,8.0,5.0,Livree
100634,2024-01-08,2015,Marseille,Beaute,Serum,5,23.26,0,CB,Magasin,1.0,5.0,Livree
102247,2025-11-17,1371,Toulouse,Beaute,Rouge a levres,5,15.09,0,Especes,Site web,4.0,3.0,Livree
100220,2024-11-07,1628,Marseille,Vetements,Robe,1,29.94,0,CB,Site web,6.0,4.0,Livree
102751,2024-05-09,1782,Bordeaux,Vetements,Baskets,1,29.28,0,PayPal,Site web,2.0,4.0,Livree
102999,2024-02-15,1475,Nantes,Maison,Set de cuisine,5,37.91,0,CB,Site web,10.0,4.0,Retournee
103823,2025-01-12,1615,Nantes,Livres,Roman,4,26.63,5,PayPal,Application mobile,12.0,4.0,En cours
102792,2024-09-27,2341,Marseille,Maison,Set de cuisine,2,42.29,10,CB,Site web,7.0,4.0,Livree
103476,2024-11-05,1351,Lille,Electronique,Ordinateur portable,1,274.81,30,CB,Application mobile,8.0,2.0,En cours
102084,2025-05-16,1844,Toulouse,Electronique,Smartphone,4,312.59,10,CB,Site web,11.0,1.0,Retournee
100304,2025-04-24,1492,Bordeaux,Electronique,Ordinateur portable,2,324.07,0,CB,Application mobile,12.0,3.0,Annulee
103097,2025-04-22,1622,Lyon,Sport,Montre connectee,1,47.78,30,PayPal,Site web,7.0,5.0,Livree
104187,2025-05-26,1591,Lyon,Electronique,Smartphone,1,167.03,15,CB,Magasin,11.0,5.0,Livree
101851,2024-11-03,1141,Paris,Sport,Velo,1,51.64,10,PayPal,Site web,7.0,3.0,Livree
102066,2024-03-18,1309,Strasbourg,Vetements,Veste,1,24.25,15,PayPal,Application mobile,5.0,4.0,En cours
102712,2024-05-13,1735,Strasbourg,Sport,Halteres,4,30.95,20,PayPal,Application mobile,6.0,5.0,Livree
103450,2025-11-28,2262,Toulouse,Electronique,Enceinte bluetooth,4,245.58,15,PayPal,Application mobile,7.0,2.0,Livree
101096,2024-02-24,1864,Lyon,Livres,Livre de cuisine,1,21.28,10,CB,Site web,4.0,4.0,Livree
103392,2024-11-04,1134,Lille,Beaute,Parfum,1,21.09,30,CB,Magasin,13.0,4.0,Livree
100046,2025-07-27,1909,Toulouse,Vetements,Veste,1,46.49,5,CB,Application mobile,13.0,5.0,Livree
101145,2025-06-14,1912,Paris,Electronique,Ordinateur portable,3,292.09,20,PayPal,Application mobile,13.0,4.0,Livree
100612,2025-03-09,2404,Strasbourg,Electronique,Smartphone,5,254.08,0,PayPal,Site web,1.0,2.0,Livree
103458,2024-08-11,1979,,Vetements,Veste,1,29.54,30,CB,Magasin,11.0,2.0,Livree
103485,2024-04-28,2110,Marseille,Electronique,Enceinte bluetooth,2,260.37,20,PayPal,Application mobile,11.0,,Livree
102533,2025-02-01,1661,Bordeaux,Sport,Velo,2,97.69,0,Virement,Application mobile,1.0,1.0,Livree
100717,2025-11-20,1687,Marseille,Electronique,Casque audio,4,202.06,10,PayPal,Application mobile,14.0,,Livree
101494,2025-09-17,1354,Strasbourg,Electronique,Casque audio,1,137.01,0,CB,Site web,10.0,3.0,Livree
103110,2025-05-16,1288,Bordeaux,Beaute,Creme visage,5,27.96,10,CB,Site web,11.0,5.0,Livree
100595,2025-02-11,1735,Toulouse,Livres,Manuel scolaire,2,15.26,30,PayPal,Site web,3.0,5.0,Livree
100589,2025-08-06,1651,Strasbourg,Beaute,Creme visage,4,22.37,0,CB,Site web,11.0,5.0,Livree
100522,2024-04-18,1504,Lille,Electronique,Enceinte bluetooth,2,236.57,0,PayPal,Application mobile,4.0,4.0,Livree
102750,2025-11-12,1182,Bordeaux,Vetements,Jean,3,30.19,0,PayPal,Application mobile,6.0,4.0,Livree
103142,2024-01-25,2405,Lyon,Electronique,Casque audio,1,169.98,0,CB,Magasin,2.0,2.0,Livree
101588,2025-08-18,1280,Bordeaux,Sport,Halteres,1,47.13,0,CB,Site web,,,Livree
104307,2025-10-07,1481,Strasbourg,Vetements,Veste,1,30.24,30,Virement,Site web,13.0,5.0,Livree
104540,2024-03-21,1253,Bordeaux,Vetements,Jean,4,61.61,30,CB,Magasin,4.0,3.0,Retournee
100078,2025-07-27,1866,Strasbourg,Vetements,Baskets,3,39.48,0,CB,Site web,4.0,4.0,Livree
103067,2024-02-12,1176,Nantes,Beaute,Shampoing,3,12.3,5,PayPal,Application mobile,2.0,3.0,Annulee
104844,2024-11-06,2479,Strasbourg,Sport,Tapis de yoga,1,60.22,5,CB,Magasin,3.0,4.0,Livree
101068,2025-06-16,1919,Strasbourg,Electronique,Ordinateur portable,1,205.63,0,CB,Application mobile,6.0,5.0,Livree
104772,2024-04-03,1505,Toulouse,Electronique,Smartphone,1,244.29,0,CB,Application mobile,8.0,5.0,Livree
104644,2024-01-30,2132,Lille,Maison,Set de cuisine,1,27.83,30,CB,Site web,14.0,3.0,Livree
103204,2024-04-22,1165,Marseille,Electronique,Enceinte bluetooth,3,310.87,20,CB,Application mobile,11.0,4.0,Retournee
103568,2025-02-28,2237,Paris,Electronique,Casque audio,2,147.7,0,CB,Application mobile,11.0,4.0,Livree
102780,2024-11-13,1934,Toulouse,Maison,Set de cuisine,4,37.89,5,CB,Application mobile,9.0,,Livree
104643,2024-05-24,1736,Lyon,Electronique,Casque audio,1,153.63,5,CB,Site web,9.0,3.0,Livree
103116,2024-09-02,1886,Marseille,Livres,Livre de cuisine,4,11.16,15,PayPal,Site web,5.0,4.0,Livree
104147,2025-04-25,2157,Lille,Vetements,Jean,2,50.94,30,CB,Magasin,6.0,5.0,Livree
101217,2025-08-14,1127,Bordeaux,Beaute,Serum,1,27.56,0,CB,Site web,14.0,3.0,En cours
102552,2024-08-14,2113,Marseille,Sport,Montre connectee,3,,0,PayPal,Site web,1.0,4.0,En cours
104648,2025-05-12,1619,Lyon,Sport,Tapis de yoga,5,57.81,30,CB,Site web,1.0,3.0,Livree
101874,2024-04-21,2390,Strasbourg,Beaute,Parfum,4,,0,PayPal,Site web,3.0,4.0,Livree
103240,2024-08-29,1292,Marseille,Maison,Lampe,5,60.32,15,CB,Application mobile,7.0,5.0,Livree
104598,2024-10-03,2109,Toulouse,Electronique,Enceinte bluetooth,2,264.17,10,CB,Application mobile,11.0,4.0,Livree
101618,2025-05-12,1154,Marseille,Beaute,Parfum,3,16.67,10,CB,Site web,5.0,4.0,Livree
101910,2024-02-18,1562,Paris,Vetements,Robe,1,41.42,20,CB,Application mobile,5.0,2.0,Livree
100415,2025-03-03,1305,Lyon,Electronique,Ordinateur portable,1,111.93,10,CB,Magasin,13.0,3.0,Livree
103248,2025-01-31,1066,Bordeaux,Maison,Lampe,1,53.05,5,PayPal,Site web,10.0,,Livree
101683,2025-12-12,2484,Toulouse,Vetements,T-shirt,2,52.0,0,CB,Site web,7.0,,Annulee
101593,2024-07-25,1685,Lyon,Electronique,Ordinateur portable,2,300.32,10,CB,Magasin,11.0,4.0,Livree
103442,2024-09-06,2096,Lyon,Maison,Lampe,1,31.72,20,CB,Application mobile,1.0,5.0,Livree
102590,2025-12-23,1616,Paris,Maison,Etagere,3,58.55,5,Especes,Site web,9.0,5.0,Livree
103093,2025-02-07,1578,Nantes,Vetements,T-shirt,5,45.25,5,CB,Magasin,13.0,5.0,Livree
101763,2025-07-31,1086,Marseille,Livres,Roman,2,14.29,0,CB,Application mobile,8.0,4.0,En cours
103022,2025-06-16,1934,Marseille,Vetements,Veste,5,19.8,20,PayPal,Application mobile,1.0,3.0,Livree
102585,2024-09-20,2380,Lyon,Vetements,Jean,1,28.47,10,CB,Application mobile,3.0,4.0,Retournee
103013,2025-08-23,1469,Strasbourg,Vetements,Robe,2,24.38,0,CB,Magasin,9.0,,Livree
101957,2024-03-16,2489,Nantes,Vetements,Baskets,3,49.85,30,CB,Site web,1.0,4.0,Livree
103487,2024-05-12,1662,Toulouse,Vetements,Veste,5,21.7,20,PayPal,Application mobile,13.0,5.0,Livree
101696,2025-11-21,2076,Strasbourg,Vetements,T-shirt,2,15.65,20,CB,Site web,4.0,4.0,Livree
104171,2024-01-09,1708,Bordeaux,Sport,Tapis de yoga,5,60.93,10,PayPal,Magasin,12.0,4.0,Livree
103005,2025-06-27,1747,Strasbourg,Electronique,Ordinateur portable,3,121.11,10,CB,Site web,6.0,4.0,Livree
100752,2024-02-23,1865,Bordeaux,Electronique,Enceinte bluetooth,3,167.48,0,CB,Magasin,3.0,5.0,Livree
102291,2024-12-25,1631,Marseille,Livres,Livre de cuisine,4,20.16,0,CB,Application mobile,13.0,5.0,Livree
104359,2024-06-04,1298,Lyon,Sport,Ballon,2,46.91,30,CB,Magasin,14.0,5.0,Livree
101677,2024-06-20,1849,Lille,Vetements,Robe,3,43.24,0,Virement,Application mobile,8.0,1.0,Livree
103318,2024-09-29,1871,Strasbourg,Electronique,Tablette,1,180.15,0,PayPal,Magasin,12.0,1.0,Livree
104269,2025-12-14,1180,Bordeaux,Sport,Tapis de yoga,1,66.6,0,PayPal,Site web,8.0,3.0,Livree
104265,2025-05-16,1005,Toulouse,Electronique,Smartphone,5,297.38,10,PayPal,Site web,14.0,,Livree
100354,2025-11-11,2278,Nantes,Sport,Halteres,5,70.57,30,Virement,Magasin,10.0,3.0,Livree
101064,2025-01-22,1082,Lille,Sport,Velo,2,75.26,0,Especes,Magasin,5.0,2.0,Annulee
104203,2025-09-23,2414,Paris,Beaute,Creme visage,3,21.13,30,CB,Application mobile,1.0,5.0,Livree
104558,2025-02-27,2316,Nantes,Vetements,T-shirt,2,29.28,30,Especes,Site web,5.0,5.0,Livree
103818,2025-07-25,1312,Nantes,Maison,Set de cuisine,1,40.49,30,PayPal,Site web,10.0,5.0,Livree
102336,2024-06-01,1039,Lyon,Maison,Set de cuisine,2,44.44,10,CB,Site web,12.0,4.0,Livree
102941,2025-11-14,1588,Nantes,Beaute,Serum,2,21.25,15,Especes,Application mobile,10.0,2.0,Livree
104042,2024-01-12,2403,Lille,Maison,Etagere,5,,10,CB,Magasin,13.0,4.0,Retournee
101475,2025-04-04,2473,Bordeaux,Livres,Manuel scolaire,2,21.72,30,PayPal,Application mobile,6.0,3.0,Livree
104219,2025-04-25,1508,Bordeaux,Beaute,Parfum,1,15.27,20,CB,Site web,10.0,2.0,Livree
104958,2025-06-24,1312,Strasbourg,Maison,Set de cuisine,1,40.94,20,Virement,Magasin,7.0,2.0,Annulee
101307,2024-04-09,1680,Marseille,Livres,Livre de cuisine,5,19.36,20,CB,Magasin,7.0,3.0,Livree
103717,2025-04-18,1734,Toulouse,Livres,Essai,2,7.32,0,CB,Magasin,10.0,2.0,Livree
100002,2025-12-22,2445,Nantes,Vetements,Jean,4,17.89,20,CB,Site web,9.0,3.0,Livree
102097,2025-07-05,1097,Strasbourg,Maison,Coussin,3,37.11,15,CB,Site web,6.0,4.0,En cours
102615,2024-01-13,1985,Paris,Sport,Velo,1,93.8,20,CB,Site web,6.0,5.0,Livree
101067,2025-12-24,2100,Strasbourg,Beaute,Shampoing,1,24.6,10,PayPal,Site web,8.0,4.0,Livree
104537,2025-03-06,1862,Strasbourg,Electronique,Casque audio,3,204.1,0,Virement,Magasin,14.0,4.0,Livree
100180,2025-10-11,1007,Lille,Maison,Coussin,2,45.34,0,PayPal,Magasin,13.0,2.0,Retournee
100146,2024-08-21,2370,Toulouse,Electronique,Smartphone,1,123.55,0,PayPal,Application mobile,9.0,5.0,Livree
100629,2025-06-03,2007,Lille,Sport,Halteres,3,95.87,5,CB,Site web,12.0,3.0,Livree
102808,2024-09-11,2025,Strasbourg,Maison,Set de cuisine,1,59.91,0,Especes,Site web,12.0,4.0,Livree
100401,2025-12-24,2248,Marseille,Maison,Set de cuisine,1,60.7,10,Virement,Magasin,12.0,4.0,Retournee
102461,2025-12-28,1261,Toulouse,Beaute,Rouge a levres,1,17.71,0,CB,Application mobile,,5.0,Livree
101104,2024-03-30,2011,Lille,Maison,Set de cuisine,2,66.23,15,PayPal,Site web,14.0,4.0,En cours
102907,2025-05-14,1995,Nantes,Electronique,Enceinte bluetooth,1,292.96,0,Virement,Site web,11.0,3.0,Livree
102654,2024-04-04,1062,Nantes,Beaute,Shampoing,3,15.12,10,PayPal,Application mobile,4.0,5.0,Livree
101449,2024-09-10,2283,Lyon,Electronique,Smartphone,3,195.71,20,Especes,Site web,11.0,3.0,Livree
104012,2024-08-24,1854,Paris,Livres,Livre de cuisine,1,16.26,20,Virement,Application mobile,8.0,4.0,Livree
100172,2025-08-16,2443,Bordeaux,Livres,Essai,3,9.49,5,CB,Site web,7.0,4.0,Livree
103606,2025-02-23,1355,Lille,Beaute,Creme visage,1,26.93,30,CB,Site web,7.0,5.0,Livree
100667,2025-03-07,2434,,Electronique,Tablette,5,280.25,0,CB,Application mobile,12.0,5.0,En cours
104158,2024-01-15,2010,Nantes,Vetements,Veste,4,24.85,0,CB,Site web,4.0,4.0,Livree
102275,2024-03-18,1282,Toulouse,Livres,Manuel scolaire,1,18.34,30,CB,Site web,12.0,1.0,Livree
101813,2025-01-26,1876,Paris,Vetements,Veste,3,36.81,5,CB,Site web,3.0,1.0,Retournee
104389,2025-10-27,1249,Paris,Livres,BD,1,25.97,5,PayPal,Application mobile,13.0,2.0,Livree
102523,2025-12-03,1337,Strasbourg,Vetements,Jean,4,41.31,0,Especes,Application mobile,10.0,4.0,Livree
101916,2024-07-18,1486,Strasbourg,Electronique,Tablette,1,123.94,0,PayPal,Magasin,11.0,5.0,Livree
104637,2024-09-03,1342,Toulouse,Beaute,Serum,1,25.59,30,CB,Magasin,4.0,4.0,Livree
102535,2025-03-10,1075,Bordeaux,Vetements,T-shirt,2,58.32,10,Virement,Magasin,7.0,3.0,Livree
100494,2025-04-18,1101,Nantes,Maison,Set de cuisine,1,31.85,0,CB,Site web,14.0,5.0,Livree
102690,2025-01-22,2121,Bordeaux,Livres,BD,4,15.81,5,CB,Site web,13.0,5.0,Livree
104662,2025-01-21,2414,Strasbourg,Electronique,Enceinte bluetooth,1,256.07,20,CB,Site web,3.0,2.0,Retournee
102028,2024-06-20,1984,Lyon,Sport,Halteres,1,78.0,10,PayPal,Magasin,9.0,2.0,Livree
100775,2024-10-01,2487,Bordeaux,Maison,Coussin,5,41.1,0,CB,Site web,11.0,5.0,Livree
104881,2025-05-15,2407,Bordeaux,Electronique,Enceinte bluetooth,5,392.49,15,PayPal,Magasin,5.0,5.0,Livree
102896,2025-05-21,1382,Lyon,Vetements,Jean,1,46.42,0,PayPal,Site web,9.0,4.0,En cours
101004,2025-03-25,1536,Lyon,Vetements,Veste,1,30.09,30,CB,Magasin,14.0,5.0,Livree
102251,2025-10-06,1210,Strasbourg,Electronique,Ordinateur portable,2,310.43,15,PayPal,Site web,11.0,4.0,Livree
104583,2024-01-05,1066,Marseille,Livres,Livre de cuisine,5,7.62,20,Especes,Site web,9.0,3.0,Livree
100411,2024-05-08,1032,Toulouse,Beaute,Creme visage,1,16.12,30,Especes,Application mobile,13.0,3.0,Livree
100258,2024-04-20,1960,Strasbourg,Maison,Tapis,1,48.61,15,PayPal,Application mobile,10.0,4.0,Livree
100900,2024-04-30,2143,Lille,Sport,Ballon,1,44.03,15,CB,Application mobile,3.0,5.0,En cours
103552,2024-04-05,2060,Lyon,Electronique,Casque audio,1,170.62,30,CB,Application mobile,11.0,3.0,Livree
104354,2025-10-28,1855,Lille,Electronique,Ordinateur portable,5,175.33,5,Virement,Magasin,9.0,5.0,Livree
101606,2025-09-18,1085,,Electronique,Casque audio,3,212.69,30,CB,Site web,9.0,5.0,Livree
103770,2025-01-01,1492,Strasbourg,Livres,BD,1,10.35,10,CB,Site web,10.0,5.0,Livree
101664,2025-07-05,2404,Toulouse,Maison,Etagere,2,54.36,15,CB,Site web,13.0,4.0,Livree
101523,2024-04-15,1061,Toulouse,Sport,Tapis de yoga,2,43.12,15,CB,Site web,6.0,3.0,Livree
101415,2024-10-18,1362,Paris,Livres,BD,3,8.95,0,CB,Application mobile,6.0,,En cours
101469,2024-09-30,2416,Lyon,Sport,Ballon,2,75.07,5,CB,Site web,2.0,4.0,Livree
100791,2024-01-16,1413,Lyon,Livres,Essai,1,7.36,0,CB,Magasin,12.0,5.0,Livree
100530,2024-09-13,1189,Nantes,Maison,Tapis,1,65.71,15,CB,Application mobile,8.0,3.0,Livree
100897,2025-10-15,1196,Nantes,Vetements,Veste,4,51.62,0,CB,Application mobile,10.0,5.0,Livree
102354,2024-11-12,2415,Paris,Beaute,Shampoing,3,21.73,10,Virement,Application mobile,10.0,5.0,Livree
103289,2025-06-27,1343,Strasbourg,Electronique,Smartphone,1,279.76,20,Especes,Application mobile,10.0,5.0,Livree
104942,2025-05-12,1503,Nantes,Sport,Velo,2,68.54,0,CB,Site web,6.0,5.0,Livree
104609,2025-06-12,2002,Strasbourg,Beaute,Shampoing,1,20.7,30,CB,Application mobile,3.0,4.0,Annulee
100965,2024-08-05,1844,Toulouse,Vetements,T-shirt,3,27.41,0,CB,Application mobile,11.0,3.0,Livree
102514,2024-09-22,1103,Marseille,Maison,Set de cuisine,1,40.12,5,CB,Application mobile,5.0,4.0,Annulee
100833,2024-02-03,1041,Strasbourg,Maison,Tapis,1,40.32,30,CB,Site web,13.0,,Livree
103537,2024-10-30,2142,Paris,Beaute,Creme visage,4,30.9,10,CB,Site web,12.0,4.0,Livree
101395,2024-02-03,2337,Paris,Sport,Ballon,1,56.76,5,CB,Site web,14.0,3.0,Livree
104995,2025-09-09,2281,Nantes,Sport,Ballon,4,27.31,30,PayPal,Magasin,7.0,3.0,Livree
101433,2024-02-02,1747,Strasbourg,Sport,Halteres,2,73.31,0,PayPal,Site web,2.0,4.0,Livree
100790,2024-12-16,1815,Paris,Electronique,Ordinateur portable,3,336.73,30,PayPal,Application mobile,5.0,4.0,Livree
101784,2024-02-12,2115,Toulouse,Sport,Montre connectee,2,73.01,0,CB,Site web,4.0,2.0,Livree
102598,2024-06-30,2450,Paris,Electronique,Casque audio,2,258.6,15,Especes,Application mobile,4.0,3.0,Livree
100780,2024-01-16,1343,Bordeaux,Sport,Tapis de yoga,1,73.07,5,PayPal,Application mobile,2.0,5.0,Livree
103712,2025-11-05,1226,Nantes,Electronique,Tablette,5,228.02,0,CB,Site web,5.0,5.0,Annulee
101179,2024-11-27,2069,Paris,Beaute,Parfum,2,15.02,0,CB,Site web,,5.0,Livree
101108,2025-05-11,2075,Bordeaux,Electronique,Tablette,1,261.57,10,CB,Application mobile,6.0,5.0,En cours
102199,2025-12-17,1645,Bordeaux,Livres,Livre de cuisine,1,7.77,20,CB,Site web,9.0,5.0,Retournee
102851,2025-03-29,1976,Marseille,Sport,Velo,1,57.13,0,CB,Site web,4.0,1.0,Livree
103815,2025-04-26,1435,Lille,Electronique,Tablette,2,266.41,20,CB,Magasin,8.0,4.0,Livree
101144,2025-01-04,1977,Lille,Electronique,Ordinateur portable,5,268.97,10,PayPal,Application mobile,13.0,2.0,Livree
103613,2024-10-08,1627,Paris,Electronique,Tablette,2,213.32,15,CB,Site web,10.0,5.0,Livree
100132,2024-05-01,2444,Toulouse,Livres,Essai,1,11.12,0,PayPal,Site web,1.0,3.0,En cours
102476,2025-08-31,1860,Marseille,Maison,Lampe,4,42.86,10,CB,Site web,6.0,3.0,Livree
102435,2025-10-03,1731,Nantes,Vetements,T-shirt,2,27.07,30,Virement,Application mobile,4.0,5.0,Livree
104939,2025-02-16,1556,Bordeaux,Vetements,Jean,1,46.66,0,PayPal,Site web,7.0,5.0,Livree
102913,2024-10-19,2284,Lille,Vetements,Jean,1,15.83,0,PayPal,Site web,7.0,4.0,Livree
104200,2024-10-24,2079,Marseille,Beaute,Shampoing,4,23.01,5,CB,Site web,14.0,4.0,Livree
101972,2025-03-11,1361,Marseille,Electronique,Ordinateur portable,3,205.86,15,CB,Application mobile,3.0,3.0,Livree
102417,2024-03-07,1604,Paris,Electronique,Ordinateur portable,1,275.44,0,Especes,Application mobile,11.0,5.0,Livree
100607,2025-06-03,1344,Paris,Maison,Coussin,5,16.7,5,PayPal,Application mobile,3.0,4.0,Livree
103854,2025-06-06,2387,Paris,Vetements,Baskets,1,11.0,5,PayPal,Site web,9.0,5.0,Livree
102867,2025-08-03,2221,Bordeaux,Livres,Roman,4,,10,CB,Magasin,4.0,3.0,Livree
102319,2024-11-17,2343,Toulouse,Vetements,Robe,2,45.37,0,PayPal,Magasin,3.0,4.0,Livree
103947,2024-01-22,1484,Lyon,Electronique,Ordinateur portable,5,362.59,20,CB,Site web,1.0,3.0,Livree
102880,2025-06-21,1282,Lyon,Electronique,Casque audio,1,287.28,0,PayPal,Site web,1.0,3.0,Livree
104439,2025-08-09,1735,Strasbourg,Electronique,Enceinte bluetooth,1,372.88,20,PayPal,Application mobile,7.0,4.0,Livree
100619,2025-06-02,1217,Marseille,Sport,Halteres,1,88.18,5,CB,Site web,2.0,3.0,En cours
101015,2024-04-20,1334,Lyon,Beaute,Shampoing,1,530.5,30,CB,Magasin,1.0,4.0,Livree
102013,2025-04-17,2007,Lyon,Beaute,Parfum,1,12.11,20,PayPal,Site web,14.0,4.0,Livree
103436,2025-07-16,1955,Lille,Livres,Essai,1,14.04,10,CB,Site web,1.0,3.0,Livree
100702,2025-07-12,2246,Lyon,Electronique,Casque audio,2,355.76,30,PayPal,Magasin,13.0,4.0,En cours
101551,2025-02-06,2441,Paris,Electronique,Tablette,1,246.04,10,PayPal,Site web,,2.0,Annulee
101296,2024-09-01,1238,Bordeaux,Beaute,Rouge a levres,3,8.34,0,CB,Site web,13.0,3.0,Livree
101952,2024-12-08,1303,Strasbourg,Beaute,Creme visage,3,18.78,10,CB,Application mobile,8.0,,Annulee
102827,2025-05-28,1855,Toulouse,Electronique,Enceinte bluetooth,3,302.02,0,CB,Application mobile,10.0,3.0,Livree
102723,2025-04-12,1800,Toulouse,Beaute,Creme visage,2,17.06,5,CB,Site web,13.0,4.0,Livree
100421,2025-05-15,1479,Bordeaux,Livres,Manuel scolaire,2,14.85,5,CB,Magasin,7.0,5.0,Annulee
102363,2024-07-28,2139,Strasbourg,Maison,Tapis,2,45.42,0,CB,Application mobile,11.0,3.0,Retournee
103860,2025-11-04,2152,Lyon,Vetements,Baskets,3,3.0,0,CB,Magasin,13.0,5.0,Livree
104600,2025-03-03,1656,Nantes,Electronique,Casque audio,4,258.13,30,CB,Application mobile,6.0,4.0,Livree
101487,2024-04-23,2217,Paris,Vetements,Veste,4,42.23,0,Especes,Site web,6.0,4.0,Livree
103065,2024-05-30,1588,Toulouse,Beaute,Creme visage,4,28.68,0,PayPal,Site web,1.0,4.0,Livree
100610,2025-04-25,2076,Paris,Sport,Tapis de yoga,2,70.87,0,CB,Magasin,3.0,4.0,Livree
102085,2024-06-01,2209,Toulouse,Livres,Livre de cuisine,1,15.0,15,CB,Magasin,8.0,4.0,Retournee
100474,2024-01-26,1551,Bordeaux,Sport,Ballon,5,24.88,0,CB,Magasin,11.0,5.0,Livree
100559,2025-03-06,1747,Strasbourg,Electronique,Enceinte bluetooth,2,171.6,5,CB,Site web,11.0,3.0,Livree
104416,2024-07-08,1861,Nantes,Sport,Halteres,1,22.96,10,CB,Site web,3.0,,En cours
104002,2025-08-14,2412,Strasbourg,Sport,Tapis de yoga,2,82.86,20,CB,Magasin,6.0,4.0,Livree
104375,2025-10-12,1021,Marseille,Vetements,Baskets,1,22.94,0,PayPal,Site web,4.0,,Annulee
101923,2024-01-26,2000,Bordeaux,Vetements,Jean,1,27.44,0,Virement,Application mobile,6.0,5.0,Livree
103456,2024-06-11,1697,Lyon,Vetements,Baskets,3,30.0,0,Especes,Application mobile,4.0,4.0,Retournee
101980,2024-05-19,1693,Bordeaux,Electronique,Enceinte bluetooth,1,102.84,30,Virement,Site web,10.0,5.0,Retournee
101579,2025-08-28,1644,Bordeaux,Sport,Ballon,3,68.63,0,CB,Application mobile,13.0,4.0,Livree
102681,2025-11-23,2165,Nantes,Beaute,Parfum,3,16.1,0,Virement,Site web,5.0,,Annulee
101987,2025-08-21,2269,Marseille,Beaute,Creme visage,2,8.52,0,CB,Site web,10.0,4.0,Annulee
102192,2025-10-28,1556,Bordeaux,Vetements,Baskets,2,25.09,10,PayPal,Site web,13.0,5.0,Livree
104163,2024-10-26,1356,Toulouse,Livres,Roman,4,17.4,30,PayPal,Site web,11.0,4.0,Livree
100508,2024-06-20,1940,Bordeaux,Maison,Coussin,5,34.88,0,PayPal,Site web,13.0,4.0,Livree
104495,2024-11-22,1735,Lille,Vetements,Robe,2,44.73,0,CB,Application mobile,4.0,2.0,En cours
104006,2024-04-27,1495,Toulouse,Sport,Ballon,1,61.05,10,CB,Site web,10.0,4.0,Livree
102430,2024-12-22,1688,Lille,Beaute,Shampoing,1,18.6,15,CB,Site web,10.0,4.0,Livree
104573,2024-09-28,2129,Marseille,Vetements,T-shirt,3,29.1,10,CB,Magasin,11.0,4.0,Livree
103191,2024-11-08,2156,Nantes,Electronique,Casque audio,1,220.21,20,CB,Magasin,13.0,4.0,Livree
101499,2025-05-16,1712,Paris,Sport,Ballon,1,63.04,10,Virement,Magasin,9.0,3.0,Livree
102906,2025-10-16,2287,Lille,Livres,Roman,2,17.5,10,PayPal,Site web,11.0,5.0,Livree
101139,2024-04-13,2431,Nantes,Sport,Tapis de yoga,2,81.34,15,CB,Site web,10.0,3.0,En cours
103486,2024-11-29,1590,Paris,Maison,Etagere,2,50.77,0,Especes,Site web,6.0,5.0,Livree
104313,2025-04-11,1777,Strasbourg,Maison,Set de cuisine,2,45.19,5,PayPal,Application mobile,14.0,5.0,Livree
102801,2025-03-10,2131,Strasbourg,Beaute,Rouge a levres,1,21.86,0,CB,Site web,3.0,3.0,Livree
101305,2025-05-24,2495,Toulouse,Livres,BD,2,10.93,15,PayPal,Site web,8.0,4.0,Livree
103198,2024-07-19,1840,Bordeaux,Sport,Ballon,2,72.22,30,PayPal,Site web,1.0,2.0,Livree
101927,2024-06-24,1570,Bordeaux,Vetements,Veste,3,32.73,20,Virement,Site web,10.0,,En cours
101457,2024-05-03,1706,Paris,Livres,Essai,3,8.25,0,CB,Site web,11.0,5.0,Livree
100769,2025-03-30,2264,Toulouse,Vetements,Jean,3,46.81,20,Virement,Magasin,4.0,2.0,Livree
101990,2025-12-28,1952,Paris,Vetements,Jean,5,25.04,20,PayPal,Site web,7.0,3.0,Livree
102345,2024-02-15,2449,Paris,Electronique,Casque audio,5,193.49,15,CB,Site web,1.0,5.0,Livree
101302,2024-03-07,1116,Marseille,Vetements,Jean,2,9.05,10,Especes,Application mobile,9.0,,Annulee
103306,2025-09-04,1140,Paris,Maison,Set de cuisine,4,53.96,30,CB,Application mobile,2.0,3.0,Livree
100218,2025-11-14,2444,Nantes,Sport,Tapis de yoga,1,80.45,5,CB,Magasin,8.0,5.0,Livree
101133,2025-04-12,1995,Lille,Vetements,Robe,1,50.0,0,CB,Magasin,11.0,4.0,Livree
100004,2025-01-11,1792,Lille,Livres,Manuel scolaire,5,12.97,20,PayPal,Application mobile,7.0,,Livree
100438,2025-02-11,1704,Strasbourg,Electronique,Tablette,1,235.66,20,PayPal,Magasin,13.0,4.0,Livree
101669,2024-08-21,1185,Lille,Livres,Manuel scolaire,2,23.81,0,CB,Site web,13.0,4.0,Livree
100249,2024-03-09,2466,Paris,Maison,Lampe,5,26.55,30,Virement,Site web,9.0,3.0,Livree
103227,2025-06-22,2279,Strasbourg,Vetements,Veste,2,56.05,15,CB,Application mobile,13.0,4.0,Livree
103190,2025-12-08,2431,Lyon,Beaute,Shampoing,4,22.11,30,PayPal,Site web,14.0,5.0,Livree
104545,2024-12-20,1896,Lyon,Sport,Tapis de yoga,2,67.55,0,CB,Site web,7.0,4.0,Livree
100101,2025-09-25,2183,Lille,Vetements,Baskets,1,36.26,10,CB,Site web,4.0,,Annulee
102484,2025-03-13,1175,Lille,Beaute,Shampoing,2,24.87,0,CB,Site web,4.0,4.0,Livree
103139,2024-09-16,1422,Lyon,Maison,Set de cuisine,5,42.98,0,Virement,Site web,12.0,5.0,Livree
100609,2024-12-26,2455,Toulouse,Vetements,T-shirt,2,47.84,30,CB,Application mobile,10.0,5.0,Livree
103559,2025-11-01,1211,Lille,Electronique,Tablette,1,292.94,30,CB,Site web,8.0,5.0,Livree
101309,2025-04-01,2417,Lyon,Beaute,Shampoing,4,25.26,30,PayPal,Application mobile,6.0,,Annulee
101154,2024-09-21,1752,Marseille,Maison,Tapis,1,22.08,10,PayPal,Application mobile,3.0,5.0,Livree
104486,2024-12-12,2198,Marseille,Livres,Manuel scolaire,1,16.73,10,CB,Application mobile,8.0,3.0,Livree
101488,2024-03-06,1840,Strasbourg,Electronique,Casque audio,1,195.06,5,PayPal,Site web,12.0,5.0,Livree
103614,2025-02-18,1340,Strasbourg,Livres,Manuel scolaire,4,17.18,0,PayPal,Application mobile,13.0,5.0,En cours
100734,2024-04-26,1460,Toulouse,Electronique,Smartphone,5,231.6,10,CB,Site web,7.0,5.0,Retournee
102967,2024-05-24,1541,Strasbourg,Beaute,Rouge a levres,2,14.67,0,CB,Magasin,9.0,1.0,Livree
101781,2024-08-08,2135,Lille,Beaute,Shampoing,2,22.88,0,CB,Magasin,9.0,5.0,Livree
103504,2024-03-13,1390,Marseille,Sport,Ballon,2,72.3,0,CB,Magasin,14.0,4.0,Retournee
100467,2024-11-18,1756,Lyon,Vetements,Veste,1,37.28,5,CB,Site web,9.0,1.0,Livree
103452,2025-06-17,1987,Nantes,Maison,Coussin,1,39.72,30,CB,Site web,14.0,5.0,Livree
103063,2025-02-20,2150,Paris,Vetements,Baskets,4,36.23,5,CB,Site web,1.0,4.0,Annulee
104111,2025-07-03,1410,Lille,Beaute,Rouge a levres,1,21.57,0,CB,Application mobile,12.0,4.0,Livree
104867,2025-03-02,2168,Paris,Vetements,Robe,4,29.8,20,CB,Site web,1.0,,Annulee
103891,2024-09-18,2475,Lyon,Electronique,Smartphone,2,303.02,30,CB,Site web,12.0,4.0,Livree
101110,2025-07-19,1650,Marseille,Electronique,Tablette,4,174.61,0,PayPal,Site web,9.0,4.0,Livree
102017,2024-10-19,1275,Nantes,Vetements,Robe,1,46.66,0,CB,Site web,8.0,4.0,Livree
100585,2024-11-28,1284,Paris,Maison,Lampe,1,50.54,0,CB,Site web,14.0,1.0,Livree
103685,2024-04-10,2471,Paris,Sport,Halteres,2,55.64,10,CB,Application mobile,6.0,4.0,Livree
103293,2024-03-06,1090,Lille,Electronique,Smartphone,2,102.91,0,PayPal,Application mobile,3.0,5.0,Livree
102718,2024-01-14,1093,Toulouse,Vetements,Robe,3,20.5,5,CB,Site web,1.0,4.0,Livree
101805,2025-02-13,1710,Marseille,Beaute,Rouge a levres,3,17.67,0,CB,Application mobile,2.0,5.0,Livree
100759,2025-05-11,1334,Strasbourg,Beaute,Rouge a levres,2,7.99,20,CB,Application mobile,8.0,5.0,Livree
104962,2025-01-05,2393,Paris,Vetements,T-shirt,1,41.34,0,CB,Magasin,11.0,4.0,Livree
103269,2025-06-12,1758,Strasbourg,Maison,Set de cuisine,5,43.61,0,Especes,Site web,1.0,3.0,Livree
103054,2024-08-03,1559,Paris,Maison,Tapis,1,42.12,0,CB,Application mobile,1.0,1.0,Annulee
104478,2024-01-30,2228,Lille,Vetements,Robe,5,21.11,0,PayPal,Application mobile,7.0,3.0,Livree
103297,2024-09-25,1743,Lille,Electronique,Enceinte bluetooth,2,194.73,15,Virement,Application mobile,4.0,5.0,Livree
100756,2025-12-30,1375,Strasbourg,Electronique,Smartphone,1,117.82,10,PayPal,Site web,14.0,4.0,Livree
102749,2024-08-06,1445,Nantes,Vetements,Veste,3,34.25,0,CB,Site web,7.0,5.0,Annulee
100284,2024-01-07,2206,Lyon,Livres,Essai,1,16.83,5,Especes,Application mobile,6.0,1.0,Livree
102163,2025-11-27,1554,Bordeaux,Electronique,Casque audio,1,205.22,0,Especes,Site web,14.0,3.0,Livree
103677,2024-02-29,1011,Nantes,Maison,Tapis,4,44.03,30,Especes,Application mobile,4.0,4.0,Livree
100042,2024-02-26,1778,Lille,Sport,Tapis de yoga,2,51.67,20,CB,Site web,12.0,5.0,Annulee
103234,2024-02-20,1460,Marseille,Sport,Velo,1,54.46,15,CB,Site web,13.0,3.0,En cours
100635,2024-04-15,1762,Toulouse,Vetements,Robe,5,35.99,10,CB,Site web,5.0,3.0,Annulee
104056,2025-07-27,2429,Paris,Vetements,T-shirt,1,28.93,15,CB,Site web,13.0,4.0,Livree
100080,2025-03-16,1957,Toulouse,Electronique,Ordinateur portable,3,255.38,20,CB,Application mobile,2.0,3.0,Livree
102313,2025-10-07,2017,Nantes,Sport,Velo,2,68.16,15,Especes,Site web,14.0,5.0,Livree
104366,2025-07-09,2167,Lille,Vetements,Baskets,2,30.18,20,Especes,Site web,2.0,5.0,Livree
104612,2024-04-09,1091,Paris,Livres,Essai,1,17.42,10,Especes,Site web,7.0,4.0,Retournee
100193,2025-03-28,1536,Toulouse,Maison,Etagere,5,37.12,0,CB,Site web,14.0,3.0,Livree
104229,2024-09-10,1012,,Sport,Tapis de yoga,4,59.38,15,PayPal,Application mobile,10.0,4.0,Livree
102883,2025-01-04,1245,Paris,Electronique,Ordinateur portable,4,222.57,15,PayPal,Site web,3.0,4.0,Retournee
100782,2024-02-18,1272,Strasbourg,Sport,Velo,1,53.88,5,CB,Magasin,14.0,4.0,Livree
103697,2024-07-16,1427,Marseille,Electronique,Tablette,4,205.88,10,Especes,Application mobile,8.0,2.0,Livree
103174,2024-08-28,2131,Toulouse,Sport,Ballon,5,29.01,5,PayPal,Site web,3.0,2.0,Livree
100137,2025-02-24,1575,Marseille,Electronique,Smartphone,2,216.66,0,CB,Site web,11.0,2.0,Livree
104477,2025-08-12,1354,Bordeaux,Maison,Coussin,3,59.91,20,CB,Application mobile,11.0,4.0,Annulee
100733,2025-06-22,2359,Nantes,Beaute,Rouge a levres,2,24.63,20,CB,Site web,2.0,5.0,Livree
102689,2025-10-23,1108,Marseille,Sport,Montre connectee,2,103.42,10,CB,Site web,3.0,5.0,Livree
102759,2025-06-20,1957,Lyon,Livres,BD,5,7.44,20,Virement,Magasin,8.0,5.0,Livree
100946,2025-12-18,1418,Nantes,Maison,Set de cuisine,2,60.77,0,CB,Site web,12.0,3.0,Livree
100735,2025-05-28,1375,Toulouse,Maison,Etagere,3,62.63,15,CB,Application mobile,6.0,3.0,Livree
102859,2025-09-09,2261,Lille,Maison,Etagere,4,49.82,0,CB,Site web,11.0,2.0,Livree
102675,2025-06-14,1207,Marseille,Vetements,T-shirt,5,33.56,0,CB,Site web,3.0,,Annulee
103467,2025-11-01,1539,Toulouse,Vetements,Baskets,1,28.48,10,CB,Site web,4.0,4.0,Livree
103298,2025-11-23,1698,Nantes,Sport,Tapis de yoga,5,68.84,0,Especes,Application mobile,8.0,5.0,Livree
102170,2025-09-11,2166,Toulouse,Sport,Montre connectee,2,51.19,5,PayPal,Site web,14.0,5.0,En cours
101693,2024-10-07,1670,Lille,Maison,Set de cuisine,2,64.41,10,PayPal,Site web,7.0,5.0,Livree
102858,2025-09-24,1905,Marseille,Maison,Lampe,1,47.43,10,CB,Application mobile,12.0,4.0,En cours
104361,2025-09-17,1671,Lille,Vetements,Veste,1,34.76,0,PayPal,Site web,9.0,,Annulee
104327,2024-02-25,2403,Lille,Maison,Tapis,1,38.85,15,CB,Application mobile,12.0,4.0,Livree
104124,2024-06-19,1762,Paris,Livres,Manuel scolaire,2,18.23,10,CB,Magasin,11.0,4.0,Livree
101405,2025-02-13,2316,Paris,Beaute,Rouge a levres,1,11.4,15,CB,Site web,10.0,3.0,Livree
101753,2025-01-09,2360,Nantes,Electronique,Enceinte bluetooth,5,272.6,15,CB,Site web,9.0,5.0,Livree
101674,2025-01-10,1903,Strasbourg,Electronique,Smartphone,1,208.35,0,CB,Magasin,8.0,4.0,Livree
103125,2025-03-21,2394,Strasbourg,Livres,Roman,1,7.94,10,PayPal,Application mobile,7.0,3.0,Livree
101294,2024-06-30,2342,Toulouse,Electronique,Ordinateur portable,1,200.67,5,CB,Site web,4.0,5.0,Livree
103764,2024-11-21,1609,Nantes,Electronique,Tablette,1,260.19,20,CB,Application mobile,10.0,4.0,Livree
104342,2025-01-05,1765,Toulouse,Vetements,Veste,1,29.71,0,CB,Site web,,2.0,Annulee
100105,2025-07-27,1883,Bordeaux,Sport,Ballon,2,88.81,15,CB,Application mobile,9.0,5.0,Livree
102229,2024-08-21,1373,Strasbourg,Beaute,Serum,1,15.73,15,CB,Application mobile,4.0,4.0,Retournee
104262,2024-10-30,2310,Nantes,Beaute,Rouge a levres,1,15.2,30,PayPal,Site web,6.0,5.0,Livree
100874,2024-12-05,2210,Marseille,Electronique,Casque audio,1,227.8,0,CB,Application mobile,13.0,5.0,Livree
104845,2025-08-21,1687,Strasbourg,Sport,Halteres,1,53.05,30,PayPal,Site web,9.0,4.0,Livree
102173,2025-06-13,1695,Paris,Maison,Set de cuisine,1,50.58,0,PayPal,Site web,7.0,4.0,Livree
103330,2025-12-20,2277,Marseille,Beaute,Creme visage,2,31.88,10,CB,Magasin,13.0,4.0,Livree
104736,2024-07-09,1541,Marseille,Sport,Ballon,2,76.17,0,CB,Application mobile,11.0,4.0,Livree
102914,2025-05-16,1152,Lyon,Beaute,Rouge a levres,1,19.4,5,CB,Application mobile,1.0,4.0,Livree
101898,2024-04-02,1103,Lyon,Electronique,Ordinateur portable,1,317.8,0,CB,Site web,9.0,,Livree
101836,2024-03-10,1373,Bordeaux,Livres,Roman,1,14.52,0,CB,Magasin,1.0,3.0,Livree
104390,2025-08-06,1118,Marseille,Maison,Lampe,3,61.49,10,PayPal,Site web,5.0,5.0,Livree
101077,2024-10-16,1754,Paris,Maison,Set de cuisine,1,73.6,10,CB,Site web,13.0,4.0,Livree
102790,2025-07-25,1797,Lyon,Vetements,Robe,1,15.39,15,CB,Site web,13.0,5.0,Livree
104943,2024-05-01,2048,Bordeaux,Beaute,Shampoing,5,21.54,5,PayPal,Application mobile,5.0,5.0,En cours
102727,2025-12-29,1928,Toulouse,Maison,Lampe,2,47.9,10,Virement,Application mobile,2.0,5.0,Livree
100679,2024-12-05,2217,Lyon,Vetements,Robe,5,29.72,0,Especes,Magasin,3.0,1.0,Livree
103659,2024-07-05,2390,Toulouse,Livres,Roman,4,8.69,0,CB,Application mobile,1.0,4.0,Retournee
103201,2025-03-22,2243,Lille,Beaute,Shampoing,1,7.35,0,CB,Site web,8.0,5.0,Livree
100959,2025-07-17,1578,Toulouse,Electronique,Ordinateur portable,3,298.07,30,PayPal,Magasin,12.0,4.0,Livree
100470,2024-01-24,2210,Marseille,Electronique,Smartphone,3,179.99,15,CB,Application mobile,3.0,5.0,Retournee
100621,2024-06-11,1152,Marseille,Livres,Roman,1,10.62,15,Virement,Application mobile,11.0,5.0,Livree
102696,2025-06-24,1564,Paris,Livres,Manuel scolaire,2,15.44,20,CB,Application mobile,1.0,5.0,Livree
101717,2024-03-25,1239,Marseille,Maison,Set de cuisine,1,51.84,5,CB,Magasin,2.0,,Livree
102141,2024-01-06,2122,Paris,Electronique,Ordinateur portable,5,276.16,15,Virement,Application mobile,3.0,3.0,Livree
103364,2025-07-26,2107,Marseille,Livres,Manuel scolaire,3,9.41,10,PayPal,Site web,3.0,4.0,Retournee
103011,2024-12-01,2079,Bordeaux,Maison,Tapis,3,67.21,20,Especes,Application mobile,14.0,5.0,Livree
101521,2024-05-23,1510,Lille,Maison,Tapis,1,24.42,0,Virement,Application mobile,11.0,1.0,Livree
101427,2025-08-02,2083,Marseille,Sport,Ballon,1,47.23,10,CB,Magasin,1.0,3.0,Livree
104369,2025-02-15,2389,Strasbourg,Livres,Roman,4,11.69,20,Virement,Application mobile,1.0,5.0,Livree
100271,2024-06-24,2328,Nantes,Electronique,Ordinateur portable,1,116.99,0,Especes,Magasin,11.0,4.0,Annulee
100099,2025-05-30,2061,Paris,Sport,Halteres,5,72.69,0,CB,Site web,3.0,2.0,Livree
102217,2025-09-08,1987,Nantes,Electronique,Ordinateur portable,4,223.77,0,Especes,Magasin,14.0,4.0,En cours
102966,2024-07-15,1824,Lyon,Vetements,Robe,2,39.59,5,Especes,Site web,3.0,3.0,Livree
104882,2025-03-05,1077,Marseille,Vetements,T-shirt,2,27.32,0,CB,Site web,11.0,4.0,Livree
103760,2025-07-11,1642,Strasbourg,Sport,Velo,1,64.24,0,PayPal,Site web,14.0,1.0,Livree
101568,2024-09-14,2204,Lyon,Sport,Montre connectee,1,36.5,10,PayPal,Application mobile,,5.0,Livree
101733,2025-11-27,1443,Lille,Vetements,Robe,2,48.31,0,Especes,Magasin,12.0,1.0,Livree
104790,2025-08-03,1405,Marseille,Sport,Velo,3,77.31,30,CB,Site web,6.0,4.0,Livree
103101,2025-04-13,1676,Toulouse,Maison,Set de cuisine,1,36.65,0,Virement,Magasin,5.0,3.0,Livree
103375,2024-08-27,1439,Nantes,Sport,Montre connectee,3,48.62,5,CB,Site web,11.0,5.0,Livree
101665,2025-06-09,1786,Toulouse,Livres,Livre de cuisine,3,17.59,20,Virement,Application mobile,12.0,3.0,Retournee
104092,2024-09-04,1365,Bordeaux,Vetements,Baskets,5,33.92,0,PayPal,Application mobile,11.0,5.0,Livree
101582,2024-11-15,1136,Bordeaux,Maison,Etagere,2,44.44,0,Especes,Application mobile,7.0,3.0,Livree
102716,2025-10-25,2161,Marseille,Electronique,Smartphone,1,266.54,20,PayPal,Site web,10.0,4.0,Livree
102557,2025-07-26,2295,Nantes,Electronique,Casque audio,2,356.56,5,Virement,Application mobile,4.0,5.0,Livree
104607,2025-05-09,1446,Toulouse,Electronique,Casque audio,1,243.37,15,PayPal,Site web,11.0,5.0,Livree
100247,2024-10-28,1924,Toulouse,Sport,Montre connectee,1,59.2,10,PayPal,Site web,12.0,4.0,Livree
100745,2025-11-07,2045,Paris,Maison,Lampe,2,40.29,5,CB,Site web,9.0,2.0,Livree
102747,2025-10-10,1430,Toulouse,Sport,Ballon,1,61.79,30,PayPal,Magasin,4.0,,Livree
101764,2024-06-22,1218,Lille,Vetements,Veste,4,28.81,20,Especes,Site web,6.0,5.0,Livree
100427,2024-06-06,2077,Lyon,Livres,Essai,2,7.11,5,CB,Application mobile,2.0,3.0,Livree
104385,2024-07-01,1850,Lille,Vetements,Baskets,2,41.0,0,PayPal,Site web,2.0,4.0,Livree
103667,2024-08-19,1122,Nantes,Maison,Etagere,2,54.44,20,Virement,Application mobile,12.0,4.0,Livree
101507,2025-12-15,1081,Nantes,Vetements,T-shirt,5,30.64,30,CB,Magasin,7.0,,Livree
100153,2024-04-05,2300,Nantes,Vetements,Baskets,4,18.94,15,PayPal,Application mobile,12.0,1.0,Livree
104671,2025-05-31,2153,Lyon,Electronique,Ordinateur portable,5,113.63,0,CB,Magasin,10.0,5.0,Livree
104063,2025-07-16,2366,Paris,Sport,Halteres,1,73.57,0,CB,Magasin,12.0,3.0,Livree
102407,2025-12-02,1894,Bordeaux,Livres,BD,1,16.83,0,CB,Application mobile,7.0,5.0,Livree
100010,2024-04-27,1194,Bordeaux,Sport,Velo,5,36.92,0,PayPal,Magasin,1.0,5.0,Livree
102044,2024-10-06,2176,Paris,Beaute,Shampoing,1,28.25,15,PayPal,Application mobile,4.0,5.0,Livree
104550,2025-12-26,1921,Lille,Electronique,Smartphone,5,,10,Especes,Magasin,7.0,3.0,Retournee
100825,2025-12-21,1323,Strasbourg,Vetements,Veste,1,14.21,0,Virement,Site web,14.0,5.0,En cours
101363,2024-11-10,2242,Marseille,Electronique,Ordinateur portable,1,225.62,0,PayPal,Application mobile,7.0,4.0,Livree
100807,2025-03-11,1309,Paris,Sport,Ballon,5,68.77,0,CB,Application mobile,11.0,3.0,En cours
103024,2025-04-03,2200,Marseille,Beaute,Serum,3,15.26,5,CB,Application mobile,3.0,4.0,Livree
103931,2024-07-14,1296,Lille,Electronique,Casque audio,1,240.82,0,CB,Application mobile,9.0,5.0,Livree
104567,2025-05-10,1809,Lille,Electronique,Tablette,1,265.43,10,CB,Magasin,13.0,5.0,Livree
100921,2025-06-05,1504,Lyon,Vetements,T-shirt,1,33.76,15,PayPal,Site web,1.0,4.0,Retournee
104054,2025-12-23,1023,Marseille,Vetements,Jean,4,18.73,30,CB,Site web,8.0,2.0,Livree
100829,2025-01-25,1156,Lyon,Maison,Etagere,1,61.22,30,CB,Application mobile,9.0,3.0,Retournee
104554,2024-01-08,1708,Marseille,Electronique,Tablette,1,308.13,30,CB,Site web,1.0,5.0,En cours
103548,2025-10-14,2398,Nantes,Beaute,Parfum,1,23.05,10,CB,Application mobile,8.0,5.0,En cours
103523,2025-10-30,1052,Lille,Sport,Tapis de yoga,1,79.25,15,CB,Application mobile,13.0,5.0,Livree
100945,2024-03-20,1610,Marseille,Sport,Tapis de yoga,3,70.12,0,CB,Site web,14.0,5.0,Retournee
101572,2024-02-17,2228,Lille,Vetements,Robe,1,33.03,30,PayPal,Application mobile,13.0,5.0,Livree
102340,2024-10-18,1552,Lyon,Electronique,Ordinateur portable,3,110.96,30,PayPal,Application mobile,2.0,4.0,Annulee
100962,2025-12-16,2017,Strasbourg,Sport,Ballon,1,83.73,10,CB,Magasin,7.0,4.0,Livree
101257,2025-02-13,1340,Nantes,Vetements,Jean,1,28.24,30,CB,Site web,3.0,3.0,Livree
101636,2025-03-28,1246,Lille,Maison,Set de cuisine,3,41.45,15,PayPal,Site web,13.0,4.0,Livree
100843,2024-03-02,1150,Lille,Electronique,Tablette,1,278.24,15,CB,Site web,1.0,,Retournee
103377,2025-08-30,1722,Bordeaux,Sport,Halteres,1,46.63,15,CB,Site web,2.0,2.0,Livree
100420,2024-01-08,2221,Paris,Sport,Ballon,2,63.77,5,Virement,Site web,9.0,1.0,Retournee
101711,2025-12-04,1770,Marseille,Vetements,Robe,3,59.2,20,PayPal,Site web,11.0,5.0,Livree
102546,2024-12-22,1573,Paris,Beaute,Serum,1,16.52,0,Virement,Site web,8.0,3.0,Livree
102464,2024-06-30,1938,Lille,Beaute,Creme visage,1,19.88,15,CB,Site web,1.0,4.0,Livree
102668,2024-11-14,1344,Paris,Electronique,Enceinte bluetooth,4,269.53,0,PayPal,Magasin,1.0,5.0,Annulee
104266,2024-10-18,2236,Lyon,Maison,Tapis,1,53.53,5,CB,Magasin,4.0,3.0,En cours
103966,2025-11-01,1534,Toulouse,Vetements,Jean,2,33.62,20,PayPal,Application mobile,1.0,4.0,Livree
103795,2024-08-25,2123,Toulouse,Vetements,Jean,2,29.49,15,CB,Application mobile,8.0,4.0,Livree
100360,2024-05-31,1622,Bordeaux,Electronique,Casque audio,3,145.29,30,CB,Site web,12.0,4.0,Livree
101531,2024-10-07,2349,Paris,Electronique,Tablette,2,288.74,30,CB,Site web,3.0,5.0,Livree
103061,2025-10-21,2443,Lille,Electronique,Tablette,4,231.04,10,CB,Magasin,3.0,2.0,Livree
100846,2025-06-28,1381,Paris,Electronique,Ordinateur portable,1,244.72,5,PayPal,Application mobile,5.0,3.0,Livree
100941,2025-04-27,2357,Lyon,Livres,Roman,5,12.35,20,CB,Magasin,3.0,5.0,Livree
103978,2024-05-10,2424,Toulouse,Beaute,Serum,2,21.12,20,PayPal,Site web,9.0,5.0,Livree
100253,2024-01-09,1855,Toulouse,Vetements,Baskets,1,25.58,10,Virement,Application mobile,10.0,,Livree
101892,2025-02-28,1572,Bordeaux,Sport,Ballon,5,43.83,0,Virement,Site web,,4.0,Livree
104450,2024-10-03,1622,Bordeaux,Electronique,Ordinateur portable,3,252.47,0,CB,Application mobile,5.0,1.0,Livree
100468,2024-03-27,1258,Paris,Electronique,Tablette,3,364.27,0,CB,Site web,8.0,1.0,Retournee
103577,2024-05-08,2062,Marseille,Maison,Tapis,2,,0,CB,Site web,13.0,5.0,Livree
104102,2024-06-28,1868,Lille,Beaute,Serum,1,22.18,0,CB,Site web,12.0,2.0,Livree
102185,2025-08-17,2387,Strasbourg,Vetements,T-shirt,1,30.74,0,CB,Application mobile,4.0,4.0,Livree
103493,2024-01-06,2331,Strasbourg,Beaute,Creme visage,4,17.16,0,PayPal,Magasin,8.0,3.0,En cours
103513,2024-10-16,1271,Lyon,Sport,Tapis de yoga,1,65.46,30,CB,Application mobile,2.0,4.0,En cours
104569,2025-10-16,2406,Lille,Electronique,Tablette,5,,15,Especes,Application mobile,6.0,5.0,Livree
102888,2024-10-29,2166,Lyon,Sport,Tapis de yoga,1,45.26,20,CB,Site web,6.0,3.0,Livree
101490,2024-07-07,2127,Nantes,Vetements,Robe,1,31.76,30,CB,Magasin,13.0,4.0,Livree
103930,2025-05-29,1484,Strasbourg,Sport,Tapis de yoga,4,38.6,5,Especes,Magasin,12.0,,Livree
101116,2025-03-04,2406,Lille,Electronique,Ordinateur portable,2,169.39,10,Virement,Application mobile,6.0,4.0,Retournee
101899,2024-05-20,1911,Toulouse,Maison,Coussin,3,57.03,5,CB,Magasin,14.0,3.0,Livree
103122,2024-12-29,1705,Nantes,Livres,Essai,5,14.24,5,CB,Site web,14.0,4.0,Livree
104175,2025-07-06,1101,Lille,Electronique,Tablette,2,185.22,10,CB,Site web,6.0,2.0,Livree
104806,2024-07-22,1217,Bordeaux,Vetements,T-shirt,1,31.94,5,CB,Application mobile,8.0,4.0,Livree
104654,2025-02-21,2250,Lille,Livres,Livre de cuisine,1,14.59,10,PayPal,Application mobile,10.0,3.0,Livree
103439,2024-10-17,2468,Bordeaux,Vetements,T-shirt,1,34.02,5,CB,Application mobile,12.0,3.0,Livree
101838,2024-01-23,2462,Bordeaux,Maison,Set de cuisine,1,32.57,20,PayPal,Site web,12.0,5.0,Livree
101844,2024-06-18,2245,Marseille,Electronique,Smartphone,1,182.93,15,CB,Application mobile,8.0,3.0,Livree
103338,2025-07-09,2189,Lyon,Electronique,Enceinte bluetooth,3,271.25,10,PayPal,Site web,9.0,4.0,Livree
103896,2025-06-28,2047,Paris,Sport,Halteres,2,69.66,0,PayPal,Site web,4.0,5.0,Livree
102018,2024-06-23,1294,Marseille,Maison,Etagere,1,65.75,0,PayPal,Magasin,8.0,4.0,Livree
102272,2025-07-12,2041,Marseille,Maison,Lampe,1,56.89,15,Especes,Magasin,11.0,4.0,En cours
101616,2024-09-24,1994,Paris,Vetements,T-shirt,2,21.17,20,PayPal,Site web,9.0,5.0,Livree
101189,2024-10-09,1966,Lyon,Livres,Livre de cuisine,1,18.33,0,CB,Site web,12.0,3.0,Livree
101888,2024-01-28,2005,Lille,Electronique,Enceinte bluetooth,4,261.82,0,PayPal,Application mobile,3.0,,Livree
100345,2024-02-22,1022,Marseille,Beaute,Rouge a levres,2,24.67,0,CB,Magasin,9.0,5.0,Livree
101645,2025-09-16,1127,Bordeaux,Vetements,Robe,5,35.79,30,CB,Site web,,4.0,Livree
103104,2025-09-30,2072,Bordeaux,Vetements,T-shirt,2,31.51,5,CB,Application mobile,8.0,4.0,Livree
101988,2025-05-30,1227,Marseille,Livres,Manuel scolaire,3,12.4,10,CB,Site web,13.0,3.0,En cours
101573,2025-08-18,2170,Paris,Beaute,Creme visage,1,22.6,0,CB,Application mobile,6.0,5.0,Annulee
101458,2024-06-16,1632,Lyon,Electronique,Ordinateur portable,2,210.25,30,CB,Site web,1.0,4.0,Livree
100995,2025-08-05,1199,Toulouse,Electronique,Ordinateur portable,1,108.73,15,PayPal,Site web,5.0,2.0,Livree
104282,2025-05-17,1086,Strasbourg,Vetements,T-shirt,1,35.04,15,CB,Application mobile,14.0,3.0,Livree
104446,2025-09-16,1908,Marseille,Electronique,Ordinateur portable,2,100.9,0,PayPal,Site web,5.0,3.0,Retournee
103807,2024-01-22,1625,Nantes,Maison,Etagere,1,39.21,0,PayPal,Site web,8.0,5.0,Livree
103295,2025-09-21,1576,Marseille,Electronique,Smartphone,2,298.0,15,PayPal,Site web,3.0,,Livree
102034,2024-04-29,1039,Lyon,Sport,Ballon,3,80.53,30,PayPal,Site web,3.0,1.0,En cours
102128,2024-08-15,1906,Marseille,Beaute,Serum,5,19.75,0,PayPal,Magasin,6.0,3.0,Livree
103223,2025-01-21,1340,Bordeaux,Sport,Ballon,2,26.66,10,CB,Site web,2.0,3.0,Livree
101894,2024-09-03,1621,Paris,Electronique,Casque audio,1,337.94,30,CB,Magasin,4.0,4.0,Livree
104639,2025-05-28,1375,Toulouse,Electronique,Ordinateur portable,2,183.97,20,CB,Site web,2.0,4.0,Livree
101928,2024-07-02,1254,Toulouse,Vetements,T-shirt,1,39.27,20,CB,Application mobile,14.0,5.0,Livree
101355,2025-08-05,1876,Lille,Maison,Set de cuisine,2,31.05,20,CB,Site web,2.0,3.0,Livree
101063,2025-02-28,1342,Paris,Sport,Halteres,2,33.34,0,CB,Site web,2.0,4.0,Livree
104779,2025-06-10,1689,Marseille,Vetements,Baskets,4,23.98,0,Virement,Site web,9.0,5.0,Livree
103288,2025-02-18,1220,Marseille,Electronique,Ordinateur portable,1,190.02,30,CB,Magasin,4.0,4.0,Livree
103716,2024-12-20,1661,Toulouse,Electronique,Casque audio,5,248.76,0,PayPal,Site web,14.0,4.0,Livree
103757,2025-10-27,1793,Nantes,Beaute,Rouge a levres,3,18.71,15,Virement,Application mobile,6.0,1.0,Livree
100999,2025-04-09,1722,Bordeaux,Electronique,Smartphone,1,157.05,30,PayPal,Site web,11.0,5.0,Livree
102385,2025-10-31,2358,Lyon,Electronique,Tablette,3,176.36,15,CB,Magasin,7.0,4.0,Livree
100095,2025-12-11,2404,Toulouse,Maison,Set de cuisine,1,25.09,0,CB,Site web,11.0,4.0,Livree
101713,2025-02-21,1887,Marseille,Sport,Velo,1,61.81,0,Virement,Site web,6.0,5.0,Livree
100804,2024-12-03,2313,Bordeaux,Livres,Livre de cuisine,2,16.84,15,Especes,Site web,4.0,5.0,Livree
102182,2024-08-29,1691,Lyon,Electronique,Tablette,2,263.55,15,PayPal,Magasin,4.0,5.0,Livree
100324,2024-12-03,1511,Bordeaux,Electronique,Tablette,2,177.73,0,PayPal,Magasin,10.0,4.0,Livree
104693,2024-03-19,2358,Strasbourg,Sport,Velo,2,50.84,0,PayPal,Application mobile,5.0,3.0,Livree
101772,2025-09-23,2302,Lyon,Maison,Tapis,5,33.09,20,CB,Site web,4.0,4.0,Livree
102927,2025-11-09,1241,Nantes,Vetements,Baskets,1,36.8,30,CB,Application mobile,2.0,3.0,Livree
101728,2025-04-04,1461,Toulouse,Electronique,Ordinateur portable,1,163.03,0,CB,Site web,5.0,2.0,Livree
100913,2024-06-21,1862,Strasbourg,Sport,Tapis de yoga,2,61.98,15,Virement,Site web,2.0,2.0,Livree
101112,2024-09-12,1885,Lille,Vetements,T-shirt,1,43.62,30,CB,Site web,2.0,5.0,Livree
102647,2024-09-04,2100,Bordeaux,Electronique,Ordinateur portable,2,243.76,0,CB,Site web,14.0,4.0,Livree
103455,2024-11-27,1308,Lille,Sport,Ballon,1,18.65,0,CB,Site web,6.0,3.0,Livree
100881,2024-01-07,2495,Paris,Electronique,Casque audio,1,203.41,20,Especes,Application mobile,9.0,4.0,Livree
101452,2024-02-14,2395,Bordeaux,Vetements,Jean,4,36.86,0,PayPal,Magasin,12.0,4.0,Livree
102273,2025-09-08,1729,Nantes,Vetements,Robe,1,33.28,0,Especes,Application mobile,13.0,1.0,Livree
103591,2024-06-30,1872,Nantes,Vetements,Robe,1,24.75,0,CB,Site web,3.0,4.0,Livree
101786,2024-04-27,2499,Marseille,Maison,Set de cuisine,4,48.33,5,Especes,Application mobile,4.0,1.0,Livree
104139,2025-04-17,1628,Marseille,Electronique,Enceinte bluetooth,1,249.24,10,Virement,Site web,1.0,4.0,Livree
103796,2024-07-06,2269,Bordeaux,Vetements,T-shirt,2,39.98,30,PayPal,Site web,14.0,5.0,Livree
102989,2024-08-12,1728,Bordeaux,Electronique,Tablette,1,168.07,15,Especes,Application mobile,12.0,4.0,Livree
101345,2024-02-24,1875,Toulouse,Electronique,Smartphone,3,306.48,15,PayPal,Site web,9.0,2.0,En cours
100863,2024-03-23,2425,Toulouse,Vetements,Jean,2,36.84,30,CB,Site web,6.0,3.0,Livree
104731,2024-04-20,1989,Toulouse,Sport,Tapis de yoga,4,77.67,0,Virement,Application mobile,6.0,5.0,En cours
102196,2024-07-16,1680,Lille,Maison,Lampe,1,22.64,0,CB,Application mobile,13.0,4.0,Retournee
100092,2024-01-02,2228,Lille,Electronique,Ordinateur portable,2,271.8,10,PayPal,Magasin,4.0,5.0,Livree
104889,2025-07-30,1992,Paris,Sport,Halteres,5,79.78,5,PayPal,Application mobile,8.0,3.0,Livree
100830,2025-03-23,1420,Lille,Vetements,Robe,1,3.0,15,CB,Site web,11.0,3.0,En cours
103463,2024-02-24,1155,Marseille,Livres,Roman,3,17.16,0,CB,Site web,10.0,,Livree
104387,2025-10-10,2011,Lyon,Sport,Halteres,1,83.87,30,CB,Site web,8.0,4.0,Livree
102978,2025-02-06,1760,Paris,Livres,Manuel scolaire,4,14.37,0,Especes,Magasin,4.0,5.0,Livree
102406,2025-02-11,1039,Nantes,Beaute,Shampoing,2,24.14,15,Virement,Site web,10.0,5.0,Livree
104196,2025-01-30,1463,Paris,Maison,Tapis,1,37.6,5,PayPal,Site web,11.0,3.0,Livree
104097,2024-03-20,2365,Paris,Sport,Velo,2,59.7,30,Virement,Site web,4.0,5.0,Livree
104940,2024-03-23,1507,Lyon,Livres,Livre de cuisine,3,15.46,30,CB,Magasin,7.0,5.0,Livree
101357,2025-12-18,2199,Bordeaux,Electronique,Ordinateur portable,2,169.01,5,CB,Site web,1.0,2.0,Livree
102138,2024-06-13,1686,Lille,Sport,Montre connectee,4,48.04,30,CB,Magasin,14.0,,Annulee
102067,2024-06-06,1951,Nantes,Maison,Coussin,1,35.15,0,Virement,Application mobile,4.0,,Livree
101385,2024-01-01,2239,Nantes,Vetements,Jean,2,56.94,10,CB,Site web,11.0,4.0,En cours
100214,2025-01-24,1712,Lille,Electronique,Casque audio,2,184.2,5,Virement,Magasin,3.0,2.0,Livree
104733,2024-08-08,1705,Toulouse,Electronique,Tablette,2,205.92,20,CB,Application mobile,14.0,4.0,Livree
101066,2024-08-20,1838,Lyon,Electronique,Ordinateur portable,5,338.04,30,CB,Site web,3.0,4.0,En cours
103922,2024-05-31,2207,Lille,Livres,Roman,2,15.46,15,CB,Application mobile,12.0,5.0,Livree
104815,2024-10-11,1041,Lille,Electronique,Smartphone,1,357.32,15,CB,Site web,6.0,5.0,Annulee
104165,2024-05-31,1388,Strasbourg,Vetements,Jean,4,34.0,10,CB,Application mobile,5.0,4.0,Livree
102548,2024-02-12,1431,Paris,Electronique,Smartphone,1,205.85,20,CB,Site web,14.0,5.0,Livree
104204,2024-09-01,1915,Bordeaux,Maison,Coussin,1,37.44,10,CB,Site web,13.0,,Annulee
100118,2025-03-12,1887,Marseille,Sport,Montre connectee,4,103.32,5,CB,Site web,10.0,5.0,Livree
102553,2025-07-02,1198,Toulouse,Electronique,Tablette,1,211.73,0,CB,Magasin,14.0,5.0,Retournee
104901,2025-07-10,1698,Marseille,Sport,Montre connectee,3,81.05,5,CB,Site web,7.0,4.0,Livree
104152,2024-04-30,2274,Nantes,Beaute,Serum,4,22.9,0,PayPal,Site web,14.0,4.0,Livree
104386,2024-11-21,1369,Nantes,Maison,Tapis,1,33.1,30,CB,Site web,11.0,2.0,Livree
102784,2024-01-13,1143,Lyon,Beaute,Serum,2,19.62,30,CB,Site web,11.0,4.0,Livree
104494,2025-12-22,1092,Lyon,Sport,Halteres,2,57.73,0,PayPal,Site web,5.0,5.0,Livree
103082,2024-08-01,2213,Marseille,Beaute,Parfum,1,24.51,15,Virement,Site web,1.0,3.0,Livree
100957,2024-02-25,1373,Bordeaux,Vetements,Jean,3,50.67,20,Virement,Site web,10.0,,Livree
103023,2025-10-17,1306,Bordeaux,Livres,Roman,2,15.05,0,CB,Application mobile,1.0,5.0,Livree
100165,2024-10-09,1584,Marseille,Beaute,Creme visage,1,27.6,30,CB,Site web,5.0,5.0,Livree
103497,2024-11-29,1861,Nantes,Vetements,Jean,1,18.0,0,PayPal,Application mobile,6.0,4.0,Retournee
100201,2024-07-29,1187,Marseille,Electronique,Enceinte bluetooth,4,331.74,0,CB,Magasin,8.0,5.0,Livree
103954,2024-09-13,1308,Lille,Maison,Etagere,5,58.12,15,CB,Application mobile,2.0,4.0,Livree
100238,2025-05-08,2181,Lille,Maison,Coussin,5,36.99,0,PayPal,Magasin,10.0,4.0,Livree
101977,2024-11-08,1253,Toulouse,Electronique,Tablette,5,252.89,15,CB,Site web,5.0,3.0,Livree
104898,2025-07-03,1298,Toulouse,Beaute,Parfum,1,18.21,20,PayPal,Site web,1.0,4.0,Livree
100985,2024-06-21,2207,Nantes,Sport,Velo,1,55.32,30,Especes,Site web,3.0,5.0,Livree
100552,2024-02-04,2117,Strasbourg,Vetements,T-shirt,2,26.29,15,Virement,Site web,6.0,5.0,Livree
102713,2024-02-15,1511,Lille,Vetements,Baskets,1,32.0,10,CB,Site web,12.0,3.0,Annulee
101991,2025-07-09,1486,Marseille,Electronique,Tablette,5,149.89,0,CB,Site web,5.0,4.0,Livree
100798,2025-05-04,1178,Marseille,Livres,Livre de cuisine,3,12.23,30,Especes,Site web,5.0,3.0,Livree
104677,2024-05-26,1656,Lille,Maison,Lampe,5,32.36,5,Especes,Application mobile,2.0,2.0,Livree
104596,2025-04-03,1788,Strasbourg,Beaute,Parfum,1,18.92,0,CB,Application mobile,13.0,4.0,Livree
104484,2024-06-25,2212,Strasbourg,Electronique,Smartphone,1,254.97,20,CB,Site web,9.0,5.0,Livree
103469,2025-11-27,1106,Toulouse,Sport,Tapis de yoga,2,53.2,0,CB,Site web,10.0,4.0,Livree
101819,2025-03-09,1106,Marseille,Vetements,T-shirt,4,45.58,10,PayPal,Site web,8.0,5.0,Livree
103037,2024-09-12,1263,Paris,Electronique,Tablette,2,145.42,0,PayPal,Site web,5.0,1.0,Livree
104949,2025-12-01,1390,Paris,Livres,Manuel scolaire,5,10.03,0,PayPal,Site web,9.0,5.0,Livree
101644,2025-02-15,2152,Lille,Livres,Essai,3,11.15,15,CB,Site web,12.0,4.0,Livree
104998,2024-07-21,1247,Marseille,Livres,Manuel scolaire,2,20.09,15,Virement,Application mobile,10.0,5.0,Livree
101907,2024-12-15,1500,Bordeaux,Sport,Velo,2,52.7,5,PayPal,Magasin,8.0,4.0,Livree
101280,2025-01-16,1974,Nantes,Sport,Tapis de yoga,1,67.9,0,CB,Site web,13.0,5.0,En cours
101399,2025-04-23,2320,Nantes,Electronique,Ordinateur portable,3,213.38,0,PayPal,Site web,5.0,5.0,Livree
102671,2025-02-05,1414,Paris,Vetements,Robe,1,28.48,20,CB,Site web,8.0,3.0,Livree
102039,2025-10-01,1852,Paris,Vetements,Veste,5,28.07,15,CB,Application mobile,3.0,5.0,Livree
100048,2024-02-22,1368,Lyon,Electronique,Smartphone,2,331.12,0,CB,Site web,7.0,5.0,Livree
103945,2024-03-24,1664,Lyon,Maison,Coussin,1,51.4,5,PayPal,Magasin,5.0,4.0,Livree
101254,2025-08-06,1172,Lyon,Vetements,Veste,1,36.5,30,CB,Site web,5.0,1.0,Livree
104544,2024-01-29,1570,Bordeaux,Sport,Halteres,2,58.6,0,CB,Site web,5.0,4.0,Livree
104880,2025-05-23,2173,Paris,Electronique,Casque audio,1,303.73,15,PayPal,Site web,4.0,4.0,Livree
103263,2024-04-06,1091,Lyon,Electronique,Smartphone,1,193.05,0,CB,Magasin,8.0,5.0,Retournee
100366,2024-12-23,1824,Lille,Electronique,Ordinateur portable,1,209.51,20,PayPal,Site web,8.0,4.0,Livree
102162,2024-10-24,1308,,Sport,Ballon,1,55.02,20,CB,Site web,1.0,,Annulee
103924,2025-04-16,1910,Toulouse,Sport,Tapis de yoga,2,96.44,0,CB,Site web,1.0,5.0,Livree
101378,2024-09-28,1956,Marseille,Electronique,Enceinte bluetooth,2,282.69,0,CB,Application mobile,14.0,5.0,Livree
102838,2025-11-14,1132,Marseille,Electronique,Smartphone,1,243.09,10,CB,Application mobile,3.0,2.0,Livree
102843,2025-11-26,1253,Lille,Sport,Velo,3,35.3,30,PayPal,Application mobile,2.0,,Annulee
100740,2025-12-02,2276,Marseille,Sport,Velo,4,62.85,0,PayPal,Application mobile,9.0,5.0,Livree
102944,2024-07-13,1045,Strasbourg,Vetements,Robe,1,42.04,30,CB,Site web,6.0,2.0,En cours
103144,2025-12-12,2434,Bordeaux,Beaute,Creme visage,4,23.8,10,CB,Application mobile,6.0,2.0,Livree
101919,2024-05-13,1661,Marseille,Sport,Ballon,5,78.9,30,PayPal,Magasin,6.0,5.0,Livree
103183,2024-09-21,1368,Paris,Vetements,Jean,2,44.77,10,CB,Site web,6.0,3.0,Annulee
103241,2024-05-13,2174,Paris,Livres,Essai,1,20.84,0,Especes,Site web,2.0,5.0,Livree
102268,2025-12-30,1052,Marseille,Maison,Coussin,1,58.93,5,PayPal,Magasin,1.0,1.0,Livree
100514,2024-03-17,2170,Paris,Livres,Manuel scolaire,1,11.05,0,PayPal,Site web,5.0,2.0,En cours
102198,2024-04-24,2487,Marseille,Livres,Roman,2,16.21,0,Virement,Magasin,8.0,5.0,Livree
101739,2025-01-28,2214,Toulouse,Electronique,Ordinateur portable,2,235.57,5,CB,Application mobile,8.0,1.0,Livree
101431,2024-09-01,1903,Bordeaux,Sport,Montre connectee,2,48.32,20,CB,Site web,12.0,4.0,Retournee
102763,2024-03-02,1537,Lyon,Vetements,T-shirt,2,43.08,0,CB,Magasin,1.0,5.0,Livree
101699,2024-08-12,1131,Lyon,Electronique,Smartphone,5,216.87,10,CB,Magasin,8.0,5.0,Livree
104692,2025-12-26,1144,Lyon,Electronique,Enceinte bluetooth,1,136.23,10,Virement,Magasin,1.0,5.0,Livree
104869,2025-12-08,1875,Bordeaux,Livres,Manuel scolaire,2,19.5,0,CB,Application mobile,9.0,,Livree
101128,2024-04-29,1400,Bordeaux,Electronique,Ordinateur portable,1,232.77,0,PayPal,Site web,1.0,3.0,Livree
104112,2025-05-21,1018,Lyon,Livres,Manuel scolaire,1,19.25,0,Virement,Magasin,14.0,5.0,Livree
104890,2025-01-30,2236,Strasbourg,Maison,Etagere,1,27.53,15,CB,Site web,14.0,4.0,Annulee
103143,2024-11-13,2451,Paris,Electronique,Casque audio,1,156.34,15,CB,Application mobile,10.0,4.0,Livree
103001,2025-08-29,2292,Toulouse,Sport,Halteres,1,82.09,15,PayPal,Site web,4.0,,Annulee
104258,2025-07-02,2005,Toulouse,Sport,Tapis de yoga,1,22.5,15,PayPal,Application mobile,7.0,3.0,Livree
102910,2025-10-29,1414,Bordeaux,Sport,Velo,5,50.75,20,Especes,Application mobile,10.0,3.0,Livree
101633,2024-10-20,1206,Nantes,Beaute,Parfum,1,19.77,30,Virement,Application mobile,4.0,5.0,Livree
101809,2024-05-22,2026,Toulouse,Maison,Etagere,1,43.57,0,CB,Application mobile,14.0,4.0,Retournee
104421,2024-04-30,1935,Toulouse,Electronique,Tablette,3,284.41,30,PayPal,Application mobile,3.0,1.0,Livree
100503,2024-02-19,1985,Marseille,Livres,Livre de cuisine,2,16.9,5,Virement,Site web,14.0,4.0,Livree
103494,2025-02-20,2243,Marseille,Maison,Coussin,3,15.27,0,PayPal,Site web,6.0,4.0,Livree
101695,2024-04-07,2454,Paris,Sport,Montre connectee,3,47.01,30,CB,Magasin,1.0,5.0,Livree
104383,2024-02-02,1217,Paris,Sport,Ballon,2,73.93,0,CB,Magasin,14.0,,Annulee
102236,2024-04-24,2343,Paris,Electronique,Casque audio,4,197.72,30,PayPal,Site web,14.0,1.0,Livree
101553,2025-10-28,1112,Marseille,Maison,Lampe,2,48.06,20,PayPal,Application mobile,14.0,3.0,Livree
100923,2025-08-27,2267,Toulouse,Vetements,Robe,1,41.48,30,CB,Application mobile,13.0,5.0,Livree
103769,2024-08-01,1087,Strasbourg,Vetements,Jean,2,31.29,20,CB,Application mobile,12.0,4.0,Livree
102315,2025-12-02,1222,Strasbourg,Electronique,Ordinateur portable,3,232.25,0,CB,Site web,1.0,4.0,Livree
103963,2024-04-24,1881,Lille,Electronique,Enceinte bluetooth,1,303.66,10,PayPal,Site web,12.0,,Annulee
104789,2024-04-12,2249,Paris,Maison,Tapis,1,51.78,30,CB,Site web,9.0,5.0,Livree
103102,2024-03-30,1532,Marseille,Sport,Ballon,5,53.61,20,CB,Site web,3.0,5.0,Livree
100396,2024-08-21,1466,Nantes,Maison,Coussin,2,61.1,15,PayPal,Site web,4.0,4.0,Livree
103715,2024-09-13,2349,Toulouse,Sport,Ballon,5,43.14,15,CB,Magasin,1.0,5.0,Livree
101657,2024-08-02,2180,Nantes,Sport,Montre connectee,1,97.71,0,CB,Magasin,12.0,,Livree
102415,2024-05-12,1149,Nantes,Sport,Montre connectee,1,32.88,10,CB,Site web,5.0,4.0,Livree
104868,2025-12-28,2490,Marseille,Livres,Manuel scolaire,3,8.35,0,CB,Application mobile,7.0,3.0,Livree
100268,2025-06-21,1659,Lyon,Beaute,Rouge a levres,5,11.19,0,Virement,Application mobile,2.0,5.0,Annulee
102356,2024-05-02,1355,Marseille,Vetements,Jean,4,45.6,5,PayPal,Site web,2.0,5.0,En cours
103380,2025-10-18,1029,Lyon,Vetements,Baskets,3,46.54,0,PayPal,Site web,4.0,5.0,Livree
104103,2025-03-29,1175,Paris,Livres,BD,4,9.4,0,CB,Site web,4.0,5.0,Livree
104941,2024-06-24,1589,Bordeaux,Vetements,Robe,1,32.61,30,Especes,Magasin,14.0,3.0,Livree
103919,2024-12-01,1668,Bordeaux,Beaute,Shampoing,1,18.16,15,CB,Application mobile,6.0,3.0,Livree
101242,2025-05-25,1599,Lyon,Sport,Ballon,4,86.44,15,Especes,Site web,2.0,4.0,Livree
101647,2024-05-09,1689,Lille,Electronique,Ordinateur portable,1,223.76,0,CB,Site web,11.0,4.0,Livree
100978,2024-02-20,1075,Marseille,Maison,Etagere,2,45.05,30,Virement,Site web,5.0,3.0,Livree
104336,2024-03-04,1593,Bordeaux,Vetements,T-shirt,4,44.01,30,PayPal,Site web,12.0,4.0,Livree
104552,2025-07-21,2111,Strasbourg,Beaute,Serum,2,13.77,5,CB,Site web,14.0,5.0,En cours
102869,2024-08-27,2354,Nantes,Beaute,Creme visage,1,21.25,10,CB,Application mobile,11.0,4.0,Annulee
102673,2024-10-05,1870,Lyon,Maison,Coussin,4,58.19,10,CB,Application mobile,13.0,4.0,Livree
100107,2025-01-21,1006,Strasbourg,Sport,Halteres,2,71.29,0,Especes,Site web,3.0,4.0,Livree
103206,2025-09-27,1523,Marseille,Maison,Coussin,3,48.28,0,PayPal,Magasin,6.0,,Annulee
102752,2024-07-02,1992,Strasbourg,Beaute,Shampoing,1,14.99,5,PayPal,Site web,13.0,4.0,Livree
101937,2025-05-27,1048,Lyon,Maison,Lampe,1,41.15,20,PayPal,Application mobile,8.0,4.0,Livree
101413,2024-08-10,2128,Toulouse,Maison,Set de cuisine,1,50.47,20,PayPal,Application mobile,9.0,4.0,Livree
101256,2024-03-26,1314,Nantes,Electronique,Ordinateur portable,1,273.87,30,CB,Site web,12.0,5.0,Livree
104826,2024-09-07,1017,Marseille,Sport,Velo,1,89.42,0,PayPal,Application mobile,12.0,4.0,Livree
104729,2025-08-22,1126,Strasbourg,Beaute,Shampoing,1,15.26,20,CB,Magasin,14.0,,Annulee
104117,2025-07-06,1594,Bordeaux,Sport,Velo,2,37.4,10,CB,Site web,1.0,5.0,Livree
100457,2025-10-21,1970,Marseille,Sport,Tapis de yoga,2,60.51,0,CB,Site web,4.0,5.0,Livree
103323,2024-12-26,1348,Toulouse,Vetements,Baskets,1,21.48,10,CB,Site web,5.0,5.0,Livree
104236,2025-10-13,1640,Lille,Electronique,Tablette,4,138.52,15,PayPal,Magasin,2.0,5.0,Livree
102754,2025-07-26,1542,Toulouse,Vetements,Jean,1,22.2,0,Especes,Site web,7.0,4.0,Livree
100576,2024-06-05,1820,Strasbourg,Electronique,Casque audio,4,363.7,15,CB,Site web,7.0,4.0,Livree
104702,2025-08-09,1563,Marseille,Maison,Set de cuisine,2,41.65,30,CB,Application mobile,4.0,5.0,Livree
103342,2024-10-31,1382,Nantes,Beaute,Rouge a levres,2,15.9,0,PayPal,Magasin,3.0,4.0,Livree
102140,2024-02-11,1289,Bordeaux,Sport,Ballon,5,74.0,0,PayPal,Site web,1.0,2.0,Livree
100816,2024-10-26,1904,Toulouse,Livres,Livre de cuisine,1,13.28,15,PayPal,Magasin,14.0,,Retournee
104032,2025-09-05,1221,Paris,Beaute,Shampoing,1,30.96,15,PayPal,Site web,6.0,5.0,Livree
104916,2025-08-27,1855,Nantes,Electronique,Smartphone,4,383.87,5,CB,Site web,12.0,5.0,Livree
100855,2024-01-28,1693,Lyon,Vetements,Veste,1,27.16,5,CB,Site web,11.0,4.0,Livree
102917,2024-05-15,1688,Strasbourg,Sport,Velo,1,101.24,30,CB,Site web,2.0,1.0,Livree
101025,2024-02-29,1658,Marseille,Maison,Lampe,1,43.57,5,CB,Magasin,13.0,4.0,Livree
100142,2025-06-20,1460,Nantes,Electronique,Tablette,2,322.07,10,CB,Site web,2.0,4.0,Livree
102865,2025-03-10,1907,Strasbourg,Maison,Lampe,4,47.45,5,CB,Site web,14.0,5.0,Livree
103530,2025-11-30,1104,Lyon,Sport,Halteres,2,87.33,30,PayPal,Application mobile,5.0,4.0,Livree
102024,2024-01-21,2133,Nantes,Vetements,Veste,2,31.16,15,Especes,Site web,5.0,1.0,Livree
101473,2025-06-29,1067,Toulouse,Electronique,Casque audio,2,312.9,5,CB,Magasin,9.0,3.0,En cours
102210,2024-05-09,1123,Nantes,Beaute,Rouge a levres,5,23.01,20,CB,Site web,2.0,4.0,Livree
100333,2024-08-29,2271,Nantes,Beaute,Creme visage,1,15.37,20,CB,Magasin,8.0,4.0,Livree
100861,2025-06-23,1834,,Livres,Essai,4,12.54,5,CB,Site web,10.0,5.0,Livree
104586,2024-11-09,1452,Lille,Maison,Lampe,3,46.27,30,PayPal,Site web,2.0,3.0,Livree
100616,2024-06-01,2376,Marseille,Electronique,Tablette,1,308.53,15,CB,Magasin,4.0,5.0,Livree
103824,2025-09-20,1095,Nantes,Livres,Essai,3,17.42,10,PayPal,Site web,5.0,4.0,En cours
104508,2025-02-20,1141,Paris,Livres,Roman,4,18.93,15,CB,Application mobile,13.0,4.0,Livree
103710,2024-12-10,2372,Lyon,Electronique,Enceinte bluetooth,1,194.42,10,PayPal,Site web,5.0,2.0,Livree
103498,2024-12-27,1758,Lille,Sport,Ballon,3,71.85,20,PayPal,Application mobile,14.0,4.0,Livree
104222,2025-09-13,1216,Paris,Vetements,Jean,1,42.21,15,PayPal,Magasin,4.0,3.0,Livree
103354,2025-07-21,1332,Strasbourg,Maison,Coussin,1,9.96,0,CB,Application mobile,8.0,4.0,Livree
100570,2024-02-14,1796,Toulouse,Vetements,Robe,1,34.31,10,PayPal,Magasin,13.0,4.0,En cours
102758,2025-07-20,2293,Nantes,Maison,Set de cuisine,1,45.89,15,Virement,Magasin,9.0,5.0,Livree
104277,2025-02-19,1191,Lille,Beaute,Serum,3,16.56,5,PayPal,Magasin,,5.0,Livree
100931,2024-02-17,2146,Toulouse,Vetements,Jean,1,24.94,0,CB,Site web,1.0,3.0,Livree
100327,2025-04-16,1704,Lille,Electronique,Smartphone,5,252.7,30,CB,Site web,13.0,,Livree
101814,2024-04-07,2069,Toulouse,Vetements,T-shirt,2,36.53,10,CB,Application mobile,14.0,5.0,Livree
101180,2024-03-27,1223,Nantes,Electronique,Enceinte bluetooth,1,227.9,5,Especes,Application mobile,5.0,5.0,Livree
102627,2024-01-30,1939,Toulouse,Electronique,Tablette,5,409.23,0,PayPal,Application mobile,9.0,4.0,Livree
101401,2025-05-01,2066,Lille,Electronique,Smartphone,3,399.55,20,CB,Application mobile,13.0,3.0,Livree
102005,2024-01-04,1949,Toulouse,Vetements,T-shirt,2,32.89,0,PayPal,Site web,8.0,4.0,Livree
101578,2024-09-26,2125,Paris,Maison,Etagere,1,25.43,30,CB,Magasin,3.0,4.0,Livree
102905,2024-12-24,1137,Nantes,Sport,Montre connectee,2,67.21,15,CB,Magasin,7.0,4.0,Livree
103581,2024-09-14,1760,Lille,Livres,Livre de cuisine,1,15.97,10,PayPal,Application mobile,1.0,2.0,Livree
100925,2024-02-01,1193,Marseille,Sport,Velo,2,52.52,30,CB,Magasin,2.0,3.0,Livree
103441,2024-09-14,1783,Paris,Electronique,Casque audio,4,214.45,15,CB,Application mobile,8.0,4.0,Livree
103049,2024-07-22,1765,Marseille,Maison,Etagere,1,44.98,20,Especes,Magasin,7.0,4.0,Livree
100951,2025-02-10,1869,Bordeaux,Vetements,T-shirt,1,,15,CB,Application mobile,6.0,5.0,Livree
104017,2024-08-24,2456,Toulouse,Beaute,Creme visage,2,19.69,15,CB,Application mobile,4.0,4.0,Livree
103782,2025-07-04,1140,,Vetements,Veste,3,56.9,10,CB,Site web,11.0,5.0,Livree
103643,2024-01-08,1836,Lyon,Livres,Roman,4,16.85,30,Especes,Application mobile,6.0,2.0,Retournee
102292,2025-11-14,2296,Paris,Vetements,Jean,2,42.99,5,Virement,Application mobile,4.0,3.0,Livree
102369,2025-05-03,2238,Lille,Electronique,Tablette,4,246.8,10,PayPal,Site web,10.0,5.0,En cours
100787,2024-06-18,1267,Paris,Vetements,Jean,2,31.36,30,CB,Site web,6.0,,Annulee
100854,2024-08-18,2424,Toulouse,Vetements,T-shirt,3,38.4,5,CB,Magasin,6.0,4.0,Livree
103965,2024-12-02,1452,Lille,Electronique,Casque audio,2,337.53,0,PayPal,Site web,10.0,5.0,Livree
104841,2024-07-14,1263,Toulouse,Electronique,Ordinateur portable,3,127.1,10,CB,Magasin,6.0,3.0,Livree
103179,2024-07-13,1946,Lyon,Vetements,Veste,4,22.21,20,CB,Application mobile,11.0,5.0,Livree
103499,2024-10-09,1760,Lille,Electronique,Smartphone,5,231.21,15,PayPal,Site web,6.0,5.0,Livree
104161,2025-11-27,2344,Marseille,Maison,Lampe,2,52.7,5,Especes,Site web,13.0,5.0,Livree
104517,2024-05-10,1451,Strasbourg,Maison,Lampe,3,60.06,30,CB,Site web,7.0,4.0,Annulee
101832,2024-07-17,1221,Paris,Beaute,Shampoing,2,21.9,30,CB,Site web,10.0,2.0,Livree
100280,2024-12-01,1347,Lille,Electronique,Ordinateur portable,5,123.35,0,CB,Site web,2.0,5.0,Retournee
101124,2025-06-28,1137,Lille,Sport,Velo,2,,0,CB,Site web,1.0,4.0,En cours
102929,2024-04-16,2200,Nantes,Electronique,Casque audio,1,337.41,15,PayPal,Application mobile,11.0,3.0,Livree
102695,2025-10-21,1941,Strasbourg,Maison,Etagere,2,28.9,0,CB,Application mobile,10.0,4.0,Livree
104769,2024-11-03,1799,Toulouse,Maison,Set de cuisine,2,56.64,0,PayPal,Application mobile,8.0,4.0,Livree
103679,2024-08-02,1209,Lyon,Vetements,Robe,1,30.67,30,Especes,Application mobile,4.0,5.0,Livree
104197,2025-12-15,1963,Lyon,Vetements,Robe,4,47.24,0,Virement,Site web,2.0,5.0,En cours
103977,2025-03-17,1389,Paris,Maison,Coussin,1,57.14,0,PayPal,Magasin,9.0,5.0,Livree
101030,2024-12-09,1900,Lille,Electronique,Smartphone,2,360.51,15,CB,Site web,4.0,5.0,Livree
102233,2024-06-16,1207,Lille,Livres,Roman,2,15.96,10,PayPal,Application mobile,7.0,4.0,En cours
102932,2024-05-07,1604,Marseille,Electronique,Tablette,1,273.6,15,PayPal,Site web,1.0,5.0,Livree
101318,2025-09-26,2027,Paris,Electronique,Smartphone,3,233.77,20,CB,Magasin,12.0,1.0,Livree
103154,2024-11-06,2485,Marseille,Vetements,Veste,2,33.97,0,PayPal,Site web,13.0,,Annulee
104999,2025-03-29,2302,Lyon,Electronique,Ordinateur portable,4,333.05,15,PayPal,Application mobile,4.0,1.0,En cours
100056,2025-07-20,2064,Lille,Electronique,Smartphone,1,238.18,0,CB,Application mobile,6.0,5.0,Livree
103199,2025-08-23,2465,Strasbourg,Maison,Etagere,4,45.93,10,Especes,Site web,6.0,2.0,Livree
100844,2025-07-21,1199,Bordeaux,Maison,Coussin,4,56.84,30,CB,Site web,7.0,,Annulee
102330,2024-02-07,1803,Lille,Vetements,Baskets,4,28.18,30,CB,Site web,9.0,5.0,Livree
104084,2025-08-11,1748,Paris,Livres,Manuel scolaire,5,17.7,10,CB,Magasin,11.0,5.0,Livree
100771,2024-05-08,2293,Strasbourg,Beaute,Shampoing,2,29.9,5,CB,Application mobile,10.0,5.0,Livree
102303,2024-07-05,2475,Marseille,Vetements,Baskets,1,26.35,0,CB,Site web,10.0,4.0,Livree
101353,2024-11-15,1846,Toulouse,Sport,Montre connectee,2,40.24,0,Especes,Site web,4.0,5.0,En cours
102283,2025-11-23,1373,Lyon,Beaute,Rouge a levres,1,28.22,0,Especes,Site web,5.0,5.0,Livree
104653,2024-06-26,2314,Paris,Electronique,Enceinte bluetooth,5,410.02,20,PayPal,Magasin,10.0,5.0,Livree
103612,2024-01-30,2099,Lyon,Maison,Tapis,1,42.85,0,CB,Application mobile,8.0,5.0,Livree
101286,2024-04-14,2029,Marseille,Livres,Essai,2,10.52,0,CB,Site web,10.0,5.0,Annulee
102391,2024-10-19,2327,Toulouse,Electronique,Ordinateur portable,1,225.79,30,CB,Application mobile,8.0,4.0,Livree
101811,2024-11-10,1309,Strasbourg,Vetements,T-shirt,2,30.3,0,Virement,Application mobile,12.0,5.0,Livree
100338,2025-10-08,1509,Strasbourg,Electronique,Tablette,1,192.06,5,PayPal,Site web,2.0,4.0,Livree
104568,2025-12-08,1016,Toulouse,Maison,Coussin,4,54.83,5,CB,Site web,5.0,,Annulee
103038,2025-09-26,1347,Nantes,Maison,Set de cuisine,1,38.31,10,PayPal,Site web,11.0,4.0,Livree
101428,2024-06-23,2205,Marseille,Livres,Roman,1,17.11,0,Especes,Site web,8.0,4.0,Livree
104404,2024-10-06,1326,Toulouse,Vetements,T-shirt,1,46.2,0,PayPal,Site web,6.0,,En cours
104909,2024-07-18,1836,Paris,Livres,Livre de cuisine,4,19.87,15,CB,Application mobile,12.0,3.0,Livree
100315,2025-11-11,1385,,Electronique,Tablette,2,210.46,5,CB,Site web,4.0,5.0,Livree
104021,2025-12-08,1868,Toulouse,Maison,Set de cuisine,1,38.61,0,CB,Magasin,11.0,5.0,Livree
103192,2025-11-03,1843,Paris,Electronique,Enceinte bluetooth,5,348.12,5,CB,Application mobile,4.0,2.0,Retournee
103373,2024-10-09,1910,Strasbourg,Vetements,T-shirt,3,19.79,30,CB,Site web,2.0,5.0,Livree
100207,2025-08-28,1833,Paris,Sport,Halteres,2,43.17,5,CB,Site web,13.0,1.0,En cours
101442,2025-11-20,1468,Nantes,Sport,Velo,3,81.0,30,CB,Application mobile,9.0,4.0,Annulee
100368,2025-11-23,1544,Strasbourg,Maison,Set de cuisine,3,50.46,0,CB,Application mobile,2.0,3.0,Livree
104801,2024-11-27,2480,Lyon,Maison,Set de cuisine,3,36.0,0,Especes,Site web,3.0,4.0,Livree
102641,2025-03-10,1343,Paris,Beaute,Creme visage,1,18.27,15,Virement,Magasin,4.0,4.0,Livree
104511,2025-05-27,1905,Strasbourg,Electronique,Smartphone,4,148.51,30,PayPal,Site web,4.0,5.0,Retournee
102704,2024-10-28,1896,Bordeaux,Maison,Set de cuisine,1,36.89,20,CB,Site web,13.0,5.0,Livree
101381,2024-02-21,1223,Toulouse,Vetements,Jean,2,26.46,20,CB,Application mobile,10.0,5.0,Livree
101034,2025-04-18,1122,Strasbourg,Electronique,Ordinateur portable,4,164.11,20,Virement,Site web,1.0,4.0,Livree
103601,2024-01-15,1553,Bordeaux,Sport,Montre connectee,5,67.32,0,Virement,Application mobile,11.0,,Livree
103681,2024-02-26,1124,Lyon,Electronique,Tablette,2,133.93,15,CB,Site web,6.0,4.0,Livree
103608,2024-05-27,1178,Nantes,Vetements,Veste,1,29.16,0,CB,Application mobile,8.0,5.0,Retournee
102849,2024-02-02,1557,Paris,Maison,Set de cuisine,5,82.92,0,Virement,Site web,3.0,5.0,Livree
104246,2025-12-15,2312,Bordeaux,Maison,Lampe,3,44.23,0,PayPal,Site web,8.0,4.0,Livree
100905,2024-04-16,1755,Lille,Vetements,Baskets,1,33.39,0,CB,Site web,1.0,5.0,Livree
102844,2025-08-06,1952,Strasbourg,Electronique,Enceinte bluetooth,1,286.67,15,PayPal,Application mobile,11.0,5.0,Livree
102722,2024-05-31,2025,Lille,Electronique,Tablette,1,273.03,20,PayPal,Application mobile,6.0,5.0,Livree
100178,2025-03-05,1318,Toulouse,Electronique,Ordinateur portable,1,237.86,30,PayPal,Magasin,7.0,3.0,Livree
101006,2025-11-14,2229,Toulouse,Electronique,Enceinte bluetooth,1,222.7,0,Virement,Magasin,7.0,5.0,Annulee
102583,2024-04-10,1798,Strasbourg,Vetements,Jean,1,36.11,5,CB,Site web,10.0,4.0,Livree
103491,2025-08-06,1739,Marseille,Vetements,T-shirt,4,22.01,15,CB,Application mobile,5.0,4.0,Livree
100608,2024-09-19,1770,Lyon,Vetements,Baskets,1,58.26,20,Especes,Site web,12.0,4.0,Livree
103561,2024-10-03,1026,Bordeaux,Electronique,Casque audio,1,363.33,30,CB,Site web,13.0,4.0,En cours
100001,2024-07-14,1296,Marseille,Sport,Halteres,1,40.27,5,PayPal,Application mobile,6.0,5.0,Livree
102383,2024-05-06,1557,Lille,Beaute,Creme visage,5,17.71,5,CB,Magasin,11.0,5.0,Livree
103185,2024-10-24,2129,Bordeaux,Electronique,Casque audio,4,319.29,15,CB,Site web,14.0,4.0,Livree
104340,2024-04-20,1390,Nantes,Livres,Livre de cuisine,5,14.42,0,Virement,Site web,12.0,3.0,Livree
101640,2024-10-01,2490,Lille,Beaute,Serum,5,22.56,10,PayPal,Site web,13.0,5.0,En cours
103928,2025-07-25,1598,Lille,Sport,Tapis de yoga,4,40.3,15,CB,Application mobile,13.0,5.0,Livree
101422,2024-01-27,1412,Toulouse,Beaute,Creme visage,2,4.4,0,CB,Application mobile,2.0,4.0,Annulee
103244,2025-10-09,1686,,Livres,Livre de cuisine,2,14.92,30,CB,Site web,9.0,,Livree
100648,2025-01-11,1254,Marseille,Maison,Lampe,1,57.95,0,Especes,Magasin,6.0,5.0,Livree
102607,2025-02-06,1176,Paris,Vetements,Jean,2,44.3,0,PayPal,Site web,13.0,5.0,Livree
104608,2025-10-01,1176,Bordeaux,Vetements,Jean,2,27.99,0,Virement,Application mobile,3.0,,Retournee
101002,2025-04-16,2437,Toulouse,Vetements,Jean,2,29.23,20,Virement,Application mobile,11.0,4.0,Livree
104090,2024-09-02,2489,Toulouse,Vetements,Baskets,3,28.47,15,PayPal,Application mobile,12.0,3.0,Livree
100187,2024-06-07,1040,Marseille,Electronique,Ordinateur portable,2,242.12,5,PayPal,Site web,2.0,5.0,Livree
104915,2025-07-03,1798,Bordeaux,Beaute,Serum,2,18.89,0,PayPal,Magasin,5.0,4.0,Livree
102279,2024-12-19,2073,Bordeaux,Maison,Etagere,4,38.2,20,Especes,Site web,7.0,3.0,Livree
101310,2025-02-19,2397,Lyon,Livres,Livre de cuisine,4,18.86,30,Virement,Application mobile,2.0,4.0,Livree
104054,2025-12-23,1023,Marseille,Vetements,Jean,4,18.73,30,CB,Site web,8.0,2.0,Livree
101612,2024-06-18,1539,Lyon,Livres,Manuel scolaire,4,17.12,15,PayPal,Magasin,5.0,5.0,Livree
100774,2024-09-05,2073,Strasbourg,Electronique,Tablette,2,263.39,30,PayPal,Magasin,10.0,2.0,Retournee
101272,2024-04-10,1417,Toulouse,Vetements,Jean,5,31.23,15,CB,Site web,1.0,4.0,Livree
102847,2024-07-16,1961,Marseille,Livres,Roman,5,12.48,20,Virement,Site web,12.0,2.0,Livree
103575,2024-03-12,1874,Toulouse,Sport,Ballon,2,29.21,5,Virement,Site web,10.0,,Livree
104860,2024-08-09,1546,Marseille,Electronique,Tablette,1,333.15,0,Virement,Site web,4.0,3.0,Livree
103672,2025-01-22,2333,Bordeaux,Maison,Lampe,1,47.64,0,CB,Site web,10.0,4.0,Retournee
102803,2024-03-12,1859,Strasbourg,Vetements,Veste,1,40.78,0,CB,Application mobile,14.0,,Annulee
101716,2025-10-14,2246,Nantes,Sport,Velo,1,68.07,10,Especes,Application mobile,3.0,1.0,En cours
104101,2024-06-18,2414,Strasbourg,Electronique,Casque audio,1,269.25,0,CB,Site web,13.0,,Livree
102022,2025-01-27,2250,Paris,Maison,Coussin,1,69.32,30,CB,Application mobile,13.0,4.0,Livree
101249,2025-11-28,1009,Bordeaux,Maison,Set de cuisine,3,45.4,5,Virement,Site web,6.0,,Annulee
102662,2025-10-20,1624,Lille,Maison,Set de cuisine,3,19.4,30,CB,Magasin,8.0,,Livree
103729,2024-07-08,1338,Strasbourg,Vetements,Veste,2,35.55,0,PayPal,Site web,1.0,4.0,Livree
102762,2025-11-02,1407,Lyon,Beaute,Creme visage,2,28.43,0,CB,Magasin,14.0,5.0,Livree
100352,2025-06-06,1282,Paris,Maison,Lampe,2,12.2,15,CB,Site web,11.0,5.0,Livree
100564,2025-07-09,1159,Paris,Electronique,Enceinte bluetooth,1,238.72,15,CB,Site web,10.0,5.0,Livree
100386,2024-01-18,1811,Nantes,Beaute,Parfum,2,13.45,0,CB,Application mobile,14.0,5.0,Livree
102234,2024-03-24,2352,Bordeaux,Electronique,Casque audio,4,235.51,0,CB,Magasin,11.0,1.0,Livree
103995,2025-11-29,1053,Lille,Electronique,Enceinte bluetooth,4,334.25,0,Especes,Magasin,5.0,5.0,Livree
103655,2025-04-23,2113,Strasbourg,Electronique,Tablette,2,307.25,20,CB,Site web,6.0,5.0,Livree
103386,2024-08-13,1724,Strasbourg,Vetements,Jean,2,38.95,0,CB,Magasin,1.0,4.0,Livree
102027,2024-03-05,1361,Nantes,Electronique,Smartphone,1,311.17,10,CB,Site web,3.0,5.0,Retournee
101513,2024-08-27,2281,Toulouse,Sport,Montre connectee,3,55.98,0,Especes,Magasin,4.0,,Livree
104451,2025-08-24,2385,Lyon,Electronique,Tablette,1,227.43,30,CB,Application mobile,11.0,4.0,Livree
102309,2024-06-29,1030,Toulouse,Vetements,Jean,1,34.39,10,CB,Magasin,9.0,2.0,Livree
103727,2025-03-15,1545,Paris,Sport,Tapis de yoga,2,43.02,15,CB,Application mobile,7.0,5.0,Annulee
102952,2024-12-01,1485,Toulouse,Livres,Essai,1,,15,CB,Application mobile,6.0,,Annulee
100385,2024-12-16,2081,Toulouse,Sport,Montre connectee,4,58.83,0,CB,Application mobile,4.0,3.0,Livree
102300,2025-07-27,1714,Nantes,Maison,Set de cuisine,4,54.04,10,CB,Application mobile,2.0,3.0,Livree
104380,2024-09-22,2017,Nantes,Maison,Etagere,1,51.48,0,Virement,Site web,7.0,4.0,Retournee
101658,2024-12-30,2264,Lyon,Maison,Tapis,1,30.73,15,Virement,Application mobile,1.0,,Livree
100678,2024-06-15,1917,Marseille,Vetements,Veste,1,38.4,10,CB,Site web,2.0,4.0,Livree
100074,2024-05-06,1813,Bordeaux,Sport,Ballon,1,37.32,30,Especes,Magasin,1.0,5.0,En cours
100598,2024-06-29,1373,Marseille,Electronique,Casque audio,4,241.54,30,PayPal,Application mobile,5.0,4.0,Livree
101725,2025-02-21,2389,Lyon,Electronique,Enceinte bluetooth,3,262.0,20,CB,Site web,13.0,4.0,Livree
100316,2024-01-07,1650,Lyon,Vetements,Robe,3,17.05,20,CB,Site web,3.0,5.0,Livree
100937,2025-09-25,2096,Marseille,Sport,Ballon,4,80.98,0,PayPal,Application mobile,14.0,3.0,Livree
101468,2024-05-06,1117,Bordeaux,Sport,Halteres,2,41.89,15,CB,Application mobile,5.0,3.0,Livree
101454,2024-05-03,1525,Bordeaux,Sport,Velo,2,64.06,30,PayPal,Application mobile,12.0,4.0,Livree
101147,2025-07-22,2044,Lyon,Electronique,Smartphone,2,394.1,0,CB,Magasin,1.0,5.0,Livree
103087,2025-03-20,1542,Bordeaux,Maison,Coussin,3,59.23,0,Especes,Magasin,4.0,5.0,Livree
101306,2025-08-08,2371,Nantes,Vetements,T-shirt,1,22.83,0,PayPal,Magasin,9.0,3.0,Livree
103810,2024-04-13,1169,Toulouse,Vetements,Veste,2,42.22,20,CB,Magasin,6.0,5.0,Livree
103936,2024-12-11,1299,Bordeaux,Sport,Velo,5,56.08,15,PayPal,Site web,8.0,4.0,Livree
100423,2025-02-10,1477,Paris,Livres,Essai,2,9.42,5,PayPal,Site web,8.0,4.0,Livree
102371,2024-04-04,2391,Nantes,Vetements,T-shirt,4,32.51,30,CB,Application mobile,1.0,5.0,Livree
103589,2025-09-27,1845,Nantes,Beaute,Creme visage,2,11.0,30,CB,Site web,11.0,3.0,Livree
104658,2024-11-04,1389,Lyon,Livres,Manuel scolaire,1,17.2,0,PayPal,Magasin,8.0,3.0,Livree
104575,2025-10-30,1029,Toulouse,Vetements,Baskets,1,30.92,0,CB,Site web,13.0,4.0,Livree
102683,2025-01-12,1972,Strasbourg,Livres,Roman,1,15.51,0,CB,Site web,10.0,,En cours
103164,2025-06-26,1498,Nantes,Beaute,Rouge a levres,2,25.32,15,PayPal,Application mobile,4.0,4.0,Livree
101845,2025-07-23,2479,Bordeaux,Electronique,Enceinte bluetooth,2,186.75,30,CB,Application mobile,9.0,4.0,Retournee
101267,2024-09-02,2182,Paris,Electronique,Enceinte bluetooth,1,225.88,10,PayPal,Site web,11.0,4.0,Livree
101285,2025-06-06,1874,Marseille,Electronique,Ordinateur portable,2,212.44,20,CB,Application mobile,9.0,5.0,Livree
101472,2024-10-11,2479,Bordeaux,Beaute,Shampoing,2,24.98,10,PayPal,Magasin,1.0,4.0,Livree
103046,2025-09-15,2155,Marseille,Vetements,Veste,1,28.54,30,CB,Application mobile,1.0,5.0,Livree
101078,2025-01-26,1639,Toulouse,Sport,Ballon,5,48.08,0,Especes,Site web,14.0,4.0,Livree
103257,2024-08-17,1372,Bordeaux,Maison,Lampe,5,49.33,15,CB,Site web,6.0,4.0,En cours
102432,2025-07-26,1643,Marseille,Electronique,Ordinateur portable,3,264.67,0,CB,Magasin,10.0,5.0,Livree
102791,2024-03-12,2435,,Electronique,Ordinateur portable,1,446.2,20,Virement,Application mobile,1.0,5.0,Livree
103680,2024-10-28,1360,Toulouse,Vetements,Veste,1,45.54,0,CB,Site web,11.0,3.0,Livree
100286,2024-04-17,1425,Lille,Sport,Montre connectee,1,94.2,30,PayPal,Site web,8.0,4.0,Livree
100955,2024-10-09,1593,Nantes,Sport,Montre connectee,1,57.02,5,CB,Site web,1.0,,Livree
100152,2025-09-22,1798,Nantes,Sport,Velo,3,51.66,30,CB,Site web,10.0,3.0,Livree
102837,2025-09-29,1066,Lille,Electronique,Casque audio,2,130.93,0,Virement,Site web,3.0,3.0,Retournee
101016,2025-02-07,1334,Lille,Beaute,Creme visage,1,23.57,5,CB,Application mobile,11.0,4.0,Livree
100761,2024-02-22,1152,Strasbourg,Vetements,Veste,4,17.98,15,PayPal,Application mobile,12.0,4.0,Livree
100477,2025-04-12,1825,Paris,Electronique,Enceinte bluetooth,1,184.86,5,CB,Site web,4.0,4.0,Livree
100984,2025-12-28,2034,Lille,Electronique,Tablette,1,241.79,0,CB,Magasin,11.0,5.0,En cours
102795,2025-01-14,1706,Toulouse,Electronique,Smartphone,1,387.32,5,CB,Application mobile,3.0,5.0,Livree
103859,2024-08-19,1116,Strasbourg,Vetements,Veste,5,29.73,0,CB,Magasin,4.0,2.0,Livree
100262,2025-09-16,2376,Toulouse,Electronique,Smartphone,1,311.44,20,PayPal,Site web,5.0,4.0,Livree
103129,2024-09-07,1038,Toulouse,Electronique,Smartphone,4,196.04,30,PayPal,Site web,5.0,5.0,Livree
100429,2025-01-28,2071,Paris,Vetements,T-shirt,4,21.39,5,PayPal,Application mobile,9.0,,Livree
102014,2024-08-21,1647,Nantes,Livres,Livre de cuisine,5,8.55,30,PayPal,Magasin,10.0,5.0,Livree
102297,2025-11-01,1124,Nantes,Sport,Halteres,5,,0,CB,Site web,5.0,5.0,Livree
101564,2024-12-06,1996,Lyon,Vetements,Robe,2,40.6,0,PayPal,Site web,1.0,3.0,Retournee
101792,2024-11-22,1359,Paris,Vetements,Baskets,2,34.67,10,PayPal,Site web,4.0,4.0,Livree
100019,2025-08-07,1532,Nantes,Electronique,Smartphone,1,221.31,5,Especes,Site web,12.0,5.0,Livree
104900,2024-04-12,1285,Paris,Livres,Roman,1,17.72,5,Especes,Application mobile,7.0,4.0,Annulee
104033,2025-06-17,2045,Nantes,Electronique,Ordinateur portable,5,248.35,10,Virement,Application mobile,6.0,,Livree
104455,2025-02-13,1189,Lyon,Vetements,T-shirt,1,45.32,30,CB,Magasin,5.0,4.0,En cours
102224,2025-11-15,1516,Strasbourg,Maison,Coussin,5,53.57,10,CB,Site web,5.0,,Annulee
102596,2025-12-23,1858,Marseille,Electronique,Smartphone,1,290.21,20,CB,Application mobile,10.0,5.0,Livree
100806,2024-12-05,1281,Paris,Beaute,Parfum,1,16.9,20,CB,Site web,13.0,3.0,Livree
101509,2025-06-22,1399,,Maison,Tapis,3,50.41,20,PayPal,Site web,14.0,3.0,Livree
102771,2025-08-26,1594,Marseille,Livres,Livre de cuisine,1,15.09,0,Virement,Site web,9.0,2.0,Livree
102969,2025-01-18,1541,Strasbourg,Vetements,Baskets,1,47.04,20,PayPal,Site web,4.0,4.0,Livree
102866,2024-10-10,2146,Paris,Maison,Lampe,1,48.67,5,CB,Site web,4.0,5.0,Livree
103474,2024-08-26,2080,Lyon,Vetements,T-shirt,2,12.36,30,CB,Site web,8.0,5.0,Livree
102035,2025-10-22,2187,Paris,Vetements,Robe,1,39.83,0,Especes,Site web,7.0,5.0,Livree
100342,2025-08-26,1313,Paris,Sport,Montre connectee,2,70.57,0,CB,Application mobile,6.0,5.0,Livree
100353,2025-10-19,2114,Lille,Beaute,Serum,2,19.46,15,Virement,Site web,9.0,5.0,Livree
103974,2024-06-28,2322,Marseille,Electronique,Casque audio,1,209.86,15,CB,Application mobile,,4.0,Livree
102568,2025-09-12,2257,Lyon,Vetements,Baskets,2,19.62,15,Especes,Site web,11.0,5.0,Livree
102725,2024-07-09,2064,Toulouse,Electronique,Tablette,4,360.37,0,Especes,Application mobile,7.0,3.0,Livree
100015,2025-11-10,1860,Nantes,Livres,Essai,2,18.77,10,CB,Site web,8.0,4.0,Livree
104764,2025-08-14,1447,Lille,Maison,Coussin,2,53.2,20,CB,Magasin,10.0,2.0,Livree
104485,2025-11-09,1611,Toulouse,Electronique,Ordinateur portable,1,248.46,0,CB,Site web,9.0,4.0,Livree
100842,2025-05-14,1711,Bordeaux,Sport,Tapis de yoga,5,85.69,15,Virement,Magasin,1.0,1.0,Livree
102612,2024-05-12,1878,Strasbourg,Electronique,Enceinte bluetooth,3,224.59,30,CB,Site web,13.0,5.0,En cours
100809,2024-03-10,1080,Marseille,Electronique,Casque audio,3,312.56,15,CB,Magasin,8.0,4.0,Livree
100337,2024-07-28,2115,Marseille,Sport,Montre connectee,5,83.7,0,CB,Site web,11.0,5.0,Annulee
100051,2025-09-23,1684,Lyon,Vetements,Robe,2,41.26,0,CB,Application mobile,7.0,4.0,Livree
104069,2025-06-17,1257,Marseille,Electronique,Enceinte bluetooth,5,254.88,5,PayPal,Magasin,2.0,5.0,Livree
104408,2025-11-15,1966,Strasbourg,Sport,Montre connectee,1,29.49,0,CB,Site web,13.0,2.0,Livree
103132,2024-01-27,2253,Paris,Electronique,Tablette,2,259.61,30,Virement,Site web,14.0,5.0,Livree
103967,2025-09-09,1066,Paris,Beaute,Serum,1,17.01,0,CB,Site web,2.0,5.0,Livree
102841,2024-05-29,1830,Bordeaux,Sport,Tapis de yoga,1,55.77,10,PayPal,Site web,9.0,4.0,Livree
103642,2025-01-16,1411,Toulouse,Beaute,Creme visage,5,21.33,10,Especes,Magasin,8.0,4.0,Livree
101497,2024-11-21,1514,Bordeaux,Beaute,Shampoing,1,22.02,30,CB,Site web,14.0,5.0,Retournee
102442,2024-02-16,2490,Bordeaux,Vetements,Baskets,1,20.39,15,CB,Magasin,6.0,5.0,Livree
103081,2024-03-07,1944,Lille,Sport,Halteres,1,74.47,0,CB,Site web,7.0,4.0,Livree
100831,2024-12-15,1645,Lyon,Vetements,T-shirt,1,40.65,0,CB,Application mobile,12.0,4.0,Livree
102495,2024-01-27,1112,Paris,Electronique,Ordinateur portable,1,242.1,0,CB,Magasin,9.0,5.0,Livree
101323,2025-09-19,2490,Bordeaux,Maison,Set de cuisine,2,57.63,5,CB,Site web,4.0,4.0,Livree
103019,2024-06-12,1667,Lille,Electronique,Casque audio,2,235.65,20,PayPal,Site web,1.0,5.0,Livree
100560,2025-01-21,1531,Strasbourg,Vetements,Jean,2,31.64,0,Especes,Site web,5.0,4.0,Livree
102239,2025-01-29,1196,Strasbourg,Vetements,Baskets,1,29.34,5,CB,Site web,11.0,,Annulee
101855,2024-12-30,2424,Nantes,Maison,Tapis,1,31.86,0,Especes,Magasin,13.0,4.0,Livree
102090,2025-11-03,1071,Paris,Maison,Set de cuisine,2,53.61,5,Especes,Magasin,6.0,5.0,Livree
100292,2024-02-29,1159,Bordeaux,Electronique,Casque audio,1,247.14,15,CB,Application mobile,12.0,5.0,Livree
101905,2024-10-08,1689,Lyon,Sport,Ballon,2,56.25,30,Especes,Magasin,7.0,4.0,Livree
103435,2024-10-20,2059,Marseille,Vetements,Robe,2,36.24,0,CB,Site web,12.0,5.0,Livree
101758,2025-07-27,1723,Lille,Vetements,Veste,1,19.88,20,CB,Site web,9.0,5.0,Livree
101383,2024-01-28,2184,Lyon,Vetements,Robe,2,57.06,20,CB,Site web,13.0,5.0,Livree
103424,2024-06-12,1255,Lyon,Maison,Coussin,2,2035.5,30,PayPal,Magasin,8.0,,Livree
102031,2024-06-09,2195,Marseille,Livres,Essai,3,10.53,15,CB,Application mobile,14.0,5.0,Livree
100326,2024-12-13,1130,Bordeaux,Electronique,Casque audio,3,324.62,5,CB,Site web,2.0,4.0,Livree
100430,2025-12-13,2126,Lille,Maison,Set de cuisine,1,50.13,0,CB,Application mobile,5.0,4.0,Livree
100075,2025-04-27,2072,Paris,Maison,Coussin,2,45.2,5,CB,Site web,9.0,3.0,Livree
103299,2024-09-16,1467,Nantes,Sport,Halteres,1,72.42,0,CB,Site web,7.0,3.0,Livree
100638,2024-03-13,2272,Paris,Vetements,Robe,1,39.48,0,PayPal,Magasin,6.0,1.0,Annulee
104893,2025-10-10,1012,Strasbourg,Maison,Set de cuisine,3,38.37,10,CB,Application mobile,12.0,5.0,Livree
102095,2024-06-08,1603,Strasbourg,Electronique,Ordinateur portable,1,176.91,20,Especes,Site web,3.0,5.0,Livree
100155,2024-03-18,2481,Lille,Vetements,T-shirt,2,32.33,15,CB,Magasin,8.0,5.0,Livree
104800,2025-03-13,1300,Strasbourg,Sport,Halteres,2,64.36,10,CB,Site web,11.0,4.0,Livree
103224,2025-06-10,1150,Bordeaux,Livres,Manuel scolaire,1,16.97,30,CB,Magasin,9.0,2.0,Livree
104040,2025-12-26,1105,Marseille,Vetements,Baskets,1,37.33,0,CB,Magasin,8.0,3.0,Livree
102400,2024-03-21,1216,Lyon,Vetements,Robe,3,38.35,10,CB,Application mobile,12.0,4.0,Livree
104663,2024-05-14,2474,Strasbourg,Vetements,Robe,1,45.0,15,PayPal,Site web,12.0,4.0,Livree
102974,2025-11-07,1021,Lille,Electronique,Casque audio,5,189.6,0,PayPal,Site web,13.0,3.0,Livree
103419,2025-01-22,2131,Paris,Vetements,T-shirt,2,18.96,0,CB,Site web,9.0,5.0,Livree
101867,2025-04-29,1203,Toulouse,Sport,Ballon,1,33.14,10,CB,Site web,13.0,4.0,En cours
102042,2024-07-31,1386,Strasbourg,Electronique,Smartphone,1,163.34,20,Especes,Application mobile,10.0,5.0,Livree
103909,2025-08-31,1556,Strasbourg,Beaute,Creme visage,2,17.8,0,CB,Site web,14.0,3.0,Livree
100694,2025-12-10,2445,Nantes,Sport,Montre connectee,2,93.89,15,Especes,Application mobile,9.0,,Livree
103546,2024-07-02,1079,Lyon,Maison,Etagere,5,58.3,0,CB,Site web,13.0,5.0,En cours
100813,2025-08-27,1775,Nantes,Vetements,Veste,2,,15,CB,Application mobile,13.0,5.0,Retournee
103545,2024-08-07,1986,Bordeaux,Vetements,Baskets,5,36.89,0,CB,Site web,5.0,4.0,En cours
103026,2025-04-16,1162,Paris,Electronique,Ordinateur portable,5,234.83,10,CB,Application mobile,4.0,3.0,Livree
103841,2025-11-23,1134,Nantes,Maison,Lampe,3,38.31,20,CB,Application mobile,5.0,5.0,Livree
102167,2024-05-03,1899,Nantes,Electronique,Casque audio,5,92.52,10,CB,Application mobile,6.0,5.0,Livree
104726,2025-06-26,1721,Lyon,Electronique,Smartphone,2,304.79,10,CB,Magasin,1.0,3.0,Livree
104100,2024-09-14,1514,Strasbourg,Electronique,Casque audio,4,220.6,5,CB,Site web,14.0,4.0,Livree
100158,2025-08-29,2371,Toulouse,Livres,Roman,3,11.34,30,PayPal,Site web,5.0,3.0,Livree
100746,2024-12-15,2123,Paris,Vetements,Baskets,1,26.67,15,Especes,Application mobile,3.0,4.0,Livree
100189,2024-09-07,1078,Marseille,Beaute,Rouge a levres,1,15.65,20,PayPal,Site web,7.0,3.0,Livree
103035,2024-05-18,2083,Nantes,Electronique,Tablette,2,263.91,20,CB,Application mobile,10.0,4.0,Livree
104291,2024-01-25,1865,Bordeaux,Beaute,Creme visage,2,23.44,5,CB,Site web,12.0,,Livree
100956,2025-01-08,2008,Lille,Electronique,Smartphone,2,227.45,15,Virement,Site web,1.0,5.0,Livree
102899,2024-10-21,2158,Marseille,Maison,Lampe,3,75.95,30,Virement,Site web,6.0,5.0,En cours
102101,2025-07-23,1123,Toulouse,Maison,Tapis,2,22.79,0,PayPal,Application mobile,14.0,3.0,Livree
104329,2025-12-09,1604,Nantes,Vetements,Baskets,1,13.43,15,PayPal,Site web,2.0,4.0,Retournee
104474,2025-05-26,2179,Nantes,Beaute,Shampoing,2,21.7,0,CB,Magasin,1.0,2.0,Livree
101995,2025-04-21,1886,Marseille,Vetements,Veste,1,37.67,15,CB,Magasin,3.0,4.0,En cours
100047,2025-05-18,1174,Marseille,Livres,BD,2,21.92,0,CB,Site web,13.0,2.0,En cours
101225,2024-03-19,1284,Toulouse,Sport,Montre connectee,1,49.72,30,CB,Site web,10.0,5.0,Livree
104409,2024-05-18,1083,Paris,Electronique,Tablette,1,191.96,15,Especes,Magasin,12.0,3.0,Livree
102006,2024-08-19,1149,Nantes,Beaute,Shampoing,1,13.91,0,CB,Application mobile,1.0,3.0,Annulee
103962,2024-10-25,2432,Bordeaux,Livres,BD,1,11.68,0,PayPal,Application mobile,7.0,4.0,Livree
100986,2024-02-04,2325,Strasbourg,Maison,Tapis,4,66.05,20,PayPal,Site web,11.0,,Annulee
100523,2024-03-07,1018,Marseille,Livres,Manuel scolaire,2,17.66,0,PayPal,Application mobile,5.0,4.0,Retournee
100461,2025-05-25,1223,Paris,Maison,Set de cuisine,2,25.84,15,PayPal,Site web,14.0,4.0,En cours
103509,2025-05-21,1392,Bordeaux,Electronique,Enceinte bluetooth,2,354.63,5,CB,Application mobile,4.0,2.0,Livree
103664,2024-02-15,1209,Paris,Vetements,Robe,3,33.14,5,CB,Site web,13.0,4.0,Livree
101214,2025-05-27,2452,,Maison,Etagere,2,56.86,20,Especes,Application mobile,12.0,5.0,Livree
101418,2024-03-05,1430,Bordeaux,Vetements,Baskets,1,24.64,0,CB,Application mobile,3.0,4.0,Livree
104516,2025-04-20,1722,Lille,Beaute,Rouge a levres,1,11.86,0,PayPal,Magasin,4.0,5.0,En cours
104030,2025-10-09,1510,Bordeaux,Sport,Velo,4,54.24,10,CB,Site web,7.0,4.0,Livree
100063,2024-09-27,1830,Marseille,Vetements,Robe,1,43.8,0,Virement,Site web,10.0,,En cours
102344,2025-06-28,2011,Strasbourg,Beaute,Creme visage,2,22.73,0,PayPal,Site web,10.0,5.0,Livree
104015,2025-01-11,1757,Toulouse,Vetements,Robe,1,14.59,0,CB,Application mobile,12.0,2.0,Livree
103146,2024-07-04,1184,Marseille,Maison,Set de cuisine,5,29.11,5,CB,Site web,13.0,3.0,Livree
100677,2024-01-09,1113,Toulouse,Sport,Ballon,4,23.67,5,Especes,Magasin,6.0,3.0,Livree
102542,2025-09-21,2133,Bordeaux,Beaute,Creme visage,2,,30,PayPal,Application mobile,4.0,4.0,En cours
103214,2024-05-05,1759,Marseille,Vetements,Veste,2,21.94,20,Virement,Site web,7.0,5.0,Livree
100442,2025-09-13,2316,Paris,Electronique,Enceinte bluetooth,2,267.91,15,Especes,Site web,14.0,3.0,Livree
101554,2025-01-22,1883,Marseille,Vetements,Jean,1,46.26,0,CB,Site web,14.0,2.0,Livree
102020,2024-01-17,2457,Marseille,Electronique,Ordinateur portable,3,250.06,10,CB,Application mobile,12.0,3.0,Annulee
102211,2024-02-27,2209,Lille,Maison,Set de cuisine,2,51.12,5,CB,Magasin,9.0,5.0,Livree
101724,2024-07-18,2025,Marseille,Maison,Etagere,5,31.78,0,PayPal,Application mobile,11.0,5.0,Retournee
104403,2025-08-16,1709,Strasbourg,Electronique,Enceinte bluetooth,3,250.54,10,CB,Site web,10.0,4.0,Retournee
103496,2024-11-16,1525,Strasbourg,Electronique,Tablette,4,237.73,30,CB,Magasin,8.0,3.0,Livree
101219,2024-04-12,1160,Marseille,Beaute,Shampoing,2,26.64,20,Especes,Application mobile,4.0,4.0,Livree
104315,2025-09-04,1109,Paris,Beaute,Serum,3,28.87,0,PayPal,Magasin,2.0,4.0,Livree
103619,2025-11-15,1241,Nantes,Beaute,Shampoing,2,20.04,20,PayPal,Site web,12.0,4.0,Livree
104854,2025-07-16,1339,Lille,Electronique,Smartphone,1,265.04,0,CB,Site web,9.0,3.0,Livree
101608,2024-11-24,1618,Toulouse,Electronique,Casque audio,1,248.24,15,Virement,Application mobile,2.0,1.0,Retournee
103402,2024-04-08,1537,Lyon,Electronique,Ordinateur portable,3,387.21,0,CB,Application mobile,11.0,4.0,Livree
100143,2024-08-20,2172,Toulouse,Vetements,Baskets,1,44.9,20,PayPal,Site web,10.0,5.0,Retournee
102080,2024-05-04,2118,Lyon,Sport,Ballon,3,60.54,0,CB,Site web,12.0,5.0,Livree
102350,2025-05-24,1108,Lyon,Electronique,Ordinateur portable,1,221.55,5,PayPal,Application mobile,10.0,5.0,Livree
100453,2025-04-15,1435,Lille,Electronique,Ordinateur portable,2,247.43,10,CB,Site web,1.0,2.0,Retournee
103398,2025-08-17,2189,Strasbourg,Electronique,Enceinte bluetooth,1,255.98,10,CB,Site web,2.0,3.0,Annulee
100035,2025-02-26,2027,Bordeaux,Beaute,Rouge a levres,3,20.63,20,Virement,Site web,5.0,5.0,Livree
103726,2025-02-28,1384,Toulouse,Livres,Roman,1,9.23,0,CB,Site web,5.0,4.0,Livree
104078,2025-12-13,2442,Marseille,Electronique,Ordinateur portable,2,317.93,10,PayPal,Magasin,1.0,2.0,Livree
100720,2024-07-25,1673,Marseille,Electronique,Tablette,2,372.18,0,CB,Site web,6.0,4.0,Livree
100919,2025-09-08,2415,Bordeaux,Livres,Roman,2,16.53,10,CB,Site web,9.0,5.0,Annulee
101017,2024-12-25,2222,Strasbourg,Electronique,Smartphone,1,243.8,5,PayPal,Site web,3.0,1.0,Livree
102178,2025-12-28,2320,Strasbourg,Electronique,Casque audio,2,247.21,30,PayPal,Site web,6.0,4.0,Livree
103738,2024-06-17,1149,Paris,Electronique,Enceinte bluetooth,2,214.19,20,CB,Magasin,5.0,2.0,Livree
103801,2025-10-01,1602,Lille,Vetements,T-shirt,1,36.66,0,PayPal,Application mobile,12.0,5.0,Livree
100007,2024-12-30,1347,Marseille,Electronique,Enceinte bluetooth,2,309.46,0,CB,Site web,4.0,5.0,Livree
104320,2025-03-10,1547,Paris,Vetements,Robe,5,,0,CB,Site web,3.0,1.0,Livree
101877,2025-11-14,1249,Lille,Vetements,Veste,5,30.32,15,Virement,Site web,1.0,2.0,En cours
102164,2024-11-17,2345,Paris,Beaute,Creme visage,2,13.26,10,Especes,Site web,1.0,1.0,Livree
101570,2025-05-06,1823,Bordeaux,Vetements,Jean,5,24.08,0,Virement,Application mobile,6.0,5.0,En cours
102126,2024-12-03,2393,Paris,Maison,Set de cuisine,3,31.21,15,CB,Magasin,6.0,3.0,Livree
100548,2024-12-26,1677,Marseille,Sport,Montre connectee,1,77.91,20,CB,Site web,2.0,4.0,Livree
102221,2024-10-29,1556,Paris,Livres,Livre de cuisine,1,16.03,5,CB,Site web,2.0,5.0,Livree
100547,2024-07-20,1552,Bordeaux,Electronique,Smartphone,1,243.84,0,CB,Application mobile,4.0,5.0,Livree
103630,2024-03-20,2412,Marseille,Maison,Lampe,1,59.91,5,Especes,Application mobile,13.0,4.0,Livree
104810,2024-06-06,1584,Lyon,Electronique,Casque audio,3,307.28,0,CB,Magasin,9.0,4.0,En cours
101689,2024-10-10,1860,Lyon,Electronique,Casque audio,1,,10,CB,Site web,12.0,2.0,Livree
102854,2024-03-27,1742,Lille,Sport,Montre connectee,3,96.57,15,Virement,Application mobile,13.0,5.0,Livree
102987,2025-07-21,2401,Toulouse,Maison,Set de cuisine,3,59.8,30,CB,Magasin,2.0,5.0,Livree
100052,2024-09-08,1219,Marseille,Sport,Halteres,5,53.87,20,Virement,Application mobile,13.0,4.0,Livree
101247,2025-08-16,1488,Strasbourg,Electronique,Smartphone,3,322.08,15,PayPal,Magasin,7.0,,Livree
102158,2025-10-19,2406,Paris,Vetements,T-shirt,5,27.77,20,CB,Site web,5.0,3.0,Livree
100237,2024-12-30,1637,Toulouse,Maison,Lampe,2,54.09,10,CB,Site web,13.0,,Annulee
102299,2024-11-26,1143,Bordeaux,Maison,Set de cuisine,2,52.55,10,CB,Application mobile,9.0,3.0,Livree
100259,2025-02-14,2056,Strasbourg,Vetements,Robe,3,14.16,10,CB,Site web,13.0,5.0,Livree
104606,2024-02-08,1632,Strasbourg,Maison,Tapis,2,42.1,15,CB,Site web,5.0,5.0,En cours
104141,2024-02-21,1566,Lyon,Beaute,Creme visage,2,22.95,0,PayPal,Site web,9.0,5.0,Livree
100727,2024-05-06,1864,Lyon,Maison,Etagere,3,36.37,0,Virement,Application mobile,5.0,3.0,Livree
103746,2024-12-12,2380,Bordeaux,Livres,Manuel scolaire,1,,5,Especes,Magasin,3.0,3.0,Livree
100970,2024-01-05,1547,Marseille,Beaute,Creme visage,1,12.83,0,Especes,Application mobile,1.0,3.0,Livree
103048,2024-11-13,2475,Lille,Vetements,Robe,4,41.41,20,CB,Application mobile,5.0,5.0,Livree
103835,2025-08-07,1960,Marseille,Livres,Manuel scolaire,1,9.42,10,CB,Site web,5.0,5.0,En cours
100952,2025-11-05,2131,Nantes,Livres,Manuel scolaire,5,16.19,0,PayPal,Site web,14.0,,Retournee
100817,2024-03-18,2399,Marseille,Beaute,Serum,1,22.06,0,CB,Application mobile,4.0,5.0,Livree
101185,2024-09-23,1246,Paris,Sport,Velo,2,68.44,30,CB,Application mobile,3.0,5.0,En cours
100190,2024-03-02,1613,Marseille,Electronique,Casque audio,4,277.51,20,CB,Application mobile,7.0,3.0,Livree
102531,2024-11-24,1797,Lille,Electronique,Ordinateur portable,1,277.08,0,CB,Site web,11.0,5.0,En cours
101751,2024-05-22,2345,Bordeaux,Maison,Set de cuisine,1,,10,CB,Site web,8.0,,Livree
101018,2025-08-15,1565,Marseille,Electronique,Casque audio,3,262.77,0,CB,Site web,6.0,4.0,Livree
102262,2025-04-16,1872,Nantes,Electronique,Casque audio,1,222.77,5,CB,Site web,4.0,,Livree
103797,2025-03-26,2296,Bordeaux,Electronique,Casque audio,4,268.15,30,CB,Site web,11.0,1.0,Livree
104379,2025-10-05,1648,Strasbourg,Maison,Coussin,2,30.67,10,CB,Site web,4.0,5.0,En cours
103505,2024-03-20,2002,Marseille,Sport,Montre connectee,2,47.89,15,Virement,Site web,10.0,2.0,Livree
100502,2025-04-21,2000,Paris,Maison,Lampe,5,27.68,0,CB,Site web,9.0,5.0,Livree
100681,2025-06-14,2012,Lille,Electronique,Smartphone,1,,5,CB,Magasin,10.0,4.0,Annulee
103624,2025-04-17,1731,Strasbourg,Electronique,Tablette,4,103.35,20,CB,Application mobile,2.0,5.0,Livree
104773,2025-07-29,1767,Toulouse,Maison,Coussin,4,54.72,0,CB,Site web,2.0,4.0,Livree
102953,2025-02-22,1880,Paris,Vetements,T-shirt,1,31.39,30,CB,Site web,14.0,5.0,Livree
104239,2025-01-28,1354,Strasbourg,Sport,Ballon,2,55.17,5,PayPal,Application mobile,5.0,4.0,Livree
103864,2024-02-15,2334,Marseille,Beaute,Rouge a levres,1,22.57,0,CB,Magasin,9.0,5.0,Livree
104971,2025-09-06,1594,Lille,Vetements,Veste,2,39.69,20,Virement,Application mobile,6.0,1.0,Livree
102569,2024-06-27,1768,Marseille,Vetements,Jean,1,38.15,10,CB,Magasin,4.0,1.0,En cours
104145,2025-03-15,1328,Bordeaux,Livres,Livre de cuisine,4,6.96,30,CB,Site web,4.0,4.0,Livree
101484,2024-12-21,2005,Strasbourg,Vetements,Baskets,2,25.43,20,CB,Magasin,11.0,4.0,Livree
100127,2025-11-20,1475,Lille,Beaute,Creme visage,2,14.93,0,CB,Application mobile,5.0,3.0,Livree
101266,2024-07-12,1594,Toulouse,Electronique,Casque audio,4,226.39,10,CB,Site web,5.0,5.0,Livree
104912,2024-05-31,1295,Bordeaux,Electronique,Casque audio,3,132.32,15,Especes,Site web,4.0,,Livree
103187,2024-07-04,1020,Lyon,Electronique,Ordinateur portable,1,184.42,20,CB,Site web,4.0,3.0,Annulee
103880,2024-08-27,1733,Lyon,Electronique,Ordinateur portable,1,242.46,5,PayPal,Magasin,2.0,4.0,Livree
102736,2024-03-21,1826,,Sport,Tapis de yoga,3,38.81,0,CB,Application mobile,3.0,3.0,Livree
102327,2024-10-21,2157,Marseille,Maison,Etagere,2,46.28,15,Especes,Application mobile,12.0,4.0,Retournee
101870,2025-11-04,1649,Nantes,Electronique,Casque audio,1,236.15,30,CB,Site web,4.0,5.0,Livree
101284,2024-05-28,2412,Bordeaux,Sport,Montre connectee,1,29.14,0,CB,Magasin,2.0,5.0,Livree
102551,2024-05-24,1700,Marseille,Vetements,Robe,4,32.21,0,CB,Application mobile,12.0,,Livree
102222,2024-02-15,2369,Lyon,Electronique,Tablette,1,359.45,15,CB,Magasin,13.0,4.0,Livree
103586,2024-01-25,1765,Marseille,Sport,Halteres,2,51.23,0,PayPal,Site web,10.0,5.0,Livree
104761,2024-01-24,1016,Lyon,Electronique,Ordinateur portable,3,374.97,10,CB,Site web,8.0,,Livree
103346,2025-02-07,2050,Bordeaux,Beaute,Creme visage,5,31.95,20,PayPal,Site web,1.0,2.0,Livree
103516,2024-05-28,1138,Marseille,Electronique,Smartphone,3,245.49,0,CB,Application mobile,2.0,5.0,Livree
100786,2025-10-01,1364,Lille,Beaute,Serum,1,19.56,5,Especes,Site web,5.0,4.0,Livree
101226,2024-08-15,1922,Lille,Beaute,Serum,1,25.29,15,CB,Site web,9.0,5.0,Livree
102576,2024-06-01,2207,Lyon,Beaute,Rouge a levres,2,23.83,15,CB,Application mobile,14.0,5.0,Livree
100109,2024-05-03,1663,Paris,Vetements,T-shirt,1,35.76,0,CB,Site web,2.0,4.0,Livree
102206,2025-11-22,1744,Lille,Livres,Manuel scolaire,3,13.31,0,CB,Site web,7.0,4.0,Livree
100556,2024-06-30,1462,Bordeaux,Electronique,Tablette,5,213.48,10,PayPal,Site web,1.0,5.0,Retournee
102619,2024-12-24,2191,Strasbourg,Livres,BD,4,10.77,0,PayPal,Site web,3.0,3.0,Livree
101118,2025-12-02,2226,Lille,Beaute,Serum,4,25.65,15,CB,Application mobile,7.0,3.0,Livree
101101,2025-10-11,1697,Strasbourg,Electronique,Ordinateur portable,2,278.73,10,PayPal,Site web,13.0,5.0,Livree
102240,2024-03-18,1335,Lille,Electronique,Smartphone,4,159.04,0,CB,Site web,12.0,4.0,Livree
100309,2025-06-26,2315,Lille,Maison,Set de cuisine,3,45.13,0,Especes,Site web,14.0,2.0,Livree
101160,2025-07-22,1547,Strasbourg,Vetements,Baskets,4,47.89,0,CB,Site web,8.0,4.0,Livree
104621,2024-08-02,1954,Paris,Electronique,Tablette,3,341.76,10,CB,Application mobile,13.0,1.0,Retournee
103708,2025-08-11,1810,Paris,Vetements,Veste,3,33.48,0,Virement,Site web,9.0,3.0,Annulee
104695,2025-03-02,1760,Marseille,Vetements,Baskets,2,35.32,10,Especes,Site web,10.0,5.0,Livree
100712,2025-07-13,2166,Paris,Electronique,Tablette,3,236.55,30,PayPal,Site web,10.0,5.0,Livree
103920,2024-12-11,1580,Toulouse,Beaute,Rouge a levres,1,17.21,15,CB,Site web,1.0,4.0,Livree
104104,2024-03-07,2241,Bordeaux,Vetements,Robe,2,29.64,5,CB,Application mobile,3.0,4.0,Annulee
104641,2024-05-17,2069,Toulouse,Vetements,Veste,2,36.41,0,CB,Application mobile,14.0,4.0,Livree
101220,2024-02-12,1125,Lille,Sport,Halteres,2,72.2,20,Especes,Application mobile,9.0,1.0,Livree
103353,2025-07-27,1542,Marseille,Electronique,Tablette,5,157.26,0,CB,Site web,13.0,2.0,Livree
100572,2025-03-28,1656,Strasbourg,Beaute,Rouge a levres,2,9.5,30,CB,Application mobile,12.0,3.0,Livree
104027,2025-01-02,2383,Paris,Electronique,Smartphone,1,229.73,15,CB,Site web,1.0,5.0,Livree
101471,2024-06-15,2470,Bordeaux,Sport,Velo,5,72.24,15,CB,Site web,8.0,4.0,Livree
100364,2025-01-11,2186,Lyon,Livres,BD,3,4.39,30,CB,Application mobile,11.0,2.0,Livree
104555,2025-05-25,2478,Bordeaux,Electronique,Enceinte bluetooth,5,169.31,20,PayPal,Application mobile,13.0,4.0,Livree
104685,2024-12-17,1645,Strasbourg,Vetements,Veste,1,39.76,0,PayPal,Site web,9.0,1.0,En cours
100516,2024-07-31,1536,Strasbourg,Livres,BD,5,10.88,10,PayPal,Magasin,11.0,5.0,Livree
101587,2024-12-11,1753,Bordeaux,Electronique,Casque audio,1,262.16,30,PayPal,Site web,6.0,4.0,Livree
104430,2025-07-12,2364,Lyon,Beaute,Parfum,2,24.83,0,CB,Site web,13.0,1.0,Livree
102015,2025-11-15,1033,Strasbourg,Maison,Tapis,1,27.86,15,Virement,Site web,7.0,3.0,Livree
102806,2025-09-11,1603,Lyon,Electronique,Smartphone,2,274.12,15,Especes,Application mobile,7.0,5.0,Livree
104546,2025-11-14,1486,Bordeaux,Vetements,Veste,3,25.35,10,CB,Magasin,3.0,3.0,Livree
101662,2024-01-21,2312,Paris,Electronique,Smartphone,3,217.7,20,PayPal,Application mobile,5.0,3.0,Livree
102187,2024-08-31,1328,Strasbourg,Maison,Lampe,1,35.39,0,CB,Site web,12.0,3.0,Livree
103939,2024-08-17,1236,Strasbourg,Vetements,Robe,1,42.41,0,CB,Site web,6.0,4.0,Livree
103314,2024-11-11,1508,Strasbourg,Beaute,Shampoing,2,25.75,15,CB,Site web,,2.0,Livree
102833,2024-09-28,1435,Nantes,Beaute,Shampoing,3,,30,PayPal,Application mobile,7.0,5.0,Livree
100674,2025-01-24,2142,Strasbourg,Vetements,Veste,4,30.81,0,CB,Site web,9.0,3.0,Annulee
100819,2024-08-20,2490,Nantes,Beaute,Parfum,1,16.08,30,CB,Site web,14.0,4.0,En cours
103871,2024-09-14,1956,Toulouse,Electronique,Smartphone,1,250.12,30,CB,Magasin,14.0,5.0,Livree
100431,2025-07-11,1987,Toulouse,Livres,BD,4,14.26,10,CB,Magasin,11.0,5.0,Retournee
104809,2024-02-07,2068,Bordeaux,Electronique,Casque audio,2,188.75,30,CB,Application mobile,11.0,3.0,Livree
102729,2025-09-20,2345,Lille,Beaute,Shampoing,1,21.12,0,Especes,Magasin,1.0,4.0,Livree
104325,2025-06-12,1434,Nantes,Vetements,T-shirt,1,37.94,0,Virement,Site web,11.0,5.0,Livree
100313,2024-02-27,1939,Lyon,Beaute,Rouge a levres,1,18.22,5,CB,Application mobile,5.0,3.0,Livree
104400,2025-06-19,1504,Nantes,Electronique,Tablette,3,278.89,0,CB,Magasin,4.0,,Annulee
102988,2024-10-25,2043,Marseille,Livres,Manuel scolaire,1,12.7,30,PayPal,Site web,13.0,3.0,Livree
100826,2025-01-11,1567,Paris,Beaute,Serum,5,24.58,10,Especes,Site web,14.0,,Livree
103745,2024-11-08,2093,Marseille,Vetements,Baskets,3,28.97,5,Virement,Magasin,3.0,4.0,Livree
100060,2024-08-16,1643,Paris,Livres,Livre de cuisine,1,24.68,0,CB,Application mobile,10.0,5.0,Livree
100682,2024-04-11,2332,Bordeaux,Sport,Halteres,1,67.39,0,CB,Magasin,11.0,1.0,Livree
102781,2024-09-30,1429,Paris,Beaute,Rouge a levres,4,15.07,30,CB,Application mobile,8.0,5.0,Livree
104763,2025-12-20,2404,Toulouse,Maison,Set de cuisine,4,37.14,20,CB,Site web,8.0,5.0,Livree
102324,2024-05-10,1443,Marseille,Vetements,Jean,2,36.38,0,PayPal,Site web,8.0,,Annulee
103484,2025-12-13,2450,Strasbourg,Sport,Ballon,1,56.94,5,CB,Site web,4.0,3.0,Livree
100299,2024-07-29,2238,Marseille,Sport,Montre connectee,5,62.19,20,Especes,Site web,5.0,4.0,Livree
102768,2025-10-17,1873,Nantes,Livres,Roman,1,11.13,5,Virement,Application mobile,2.0,3.0,Livree
101152,2025-03-08,1769,Paris,Maison,Set de cuisine,4,49.43,20,CB,Site web,11.0,3.0,Livree
100889,2024-11-13,2046,Lyon,Sport,Tapis de yoga,1,63.6,10,PayPal,Application mobile,6.0,5.0,Livree
102056,2024-09-08,1097,Nantes,Maison,Tapis,1,56.96,20,Especes,Application mobile,12.0,5.0,Livree
101335,2025-09-20,1260,Paris,Vetements,Robe,2,43.33,10,PayPal,Site web,4.0,5.0,Livree
100644,2025-07-02,2387,Paris,Beaute,Parfum,5,17.73,20,CB,Application mobile,7.0,5.0,Retournee
102321,2025-06-24,1257,Nantes,Electronique,Casque audio,2,212.41,5,Especes,Site web,14.0,5.0,Livree
100526,2025-12-29,1304,Paris,Maison,Etagere,2,35.24,0,Especes,Site web,7.0,3.0,En cours
102949,2025-06-06,1624,Lille,Electronique,Smartphone,2,292.92,10,CB,Site web,2.0,3.0,Annulee
102732,2024-09-15,1180,Toulouse,Sport,Halteres,1,56.16,0,PayPal,Application mobile,1.0,3.0,Livree
104003,2024-05-20,1519,Toulouse,Beaute,Shampoing,5,12.38,30,CB,Site web,11.0,5.0,Livree
100054,2024-08-26,1118,Lille,Vetements,Robe,1,38.08,0,CB,Site web,3.0,1.0,Livree
104626,2024-08-23,1833,Nantes,Vetements,T-shirt,4,35.67,5,PayPal,Application mobile,13.0,3.0,En cours
100049,2025-01-09,1470,Marseille,Sport,Tapis de yoga,2,74.93,30,CB,Site web,9.0,3.0,Livree
100766,2024-08-07,1339,Strasbourg,Beaute,Parfum,1,25.59,10,Especes,Site web,4.0,5.0,Livree
103036,2025-12-16,1225,Paris,Beaute,Parfum,4,23.97,5,CB,Magasin,4.0,5.0,Livree
102156,2025-08-04,2020,Paris,Vetements,Veste,2,26.48,15,CB,Site web,9.0,5.0,Livree
103593,2025-05-30,1724,Strasbourg,Electronique,Enceinte bluetooth,1,347.29,15,CB,Site web,6.0,4.0,Livree
103622,2024-11-25,1758,Toulouse,Beaute,Rouge a levres,1,18.34,0,CB,Application mobile,1.0,2.0,Livree
102070,2024-12-03,1162,Bordeaux,Maison,Tapis,3,69.44,0,PayPal,Site web,13.0,2.0,Livree
104479,2025-10-27,2417,Lyon,Maison,Tapis,1,19.15,15,PayPal,Application mobile,7.0,2.0,Livree
100376,2024-04-16,1191,Marseille,Vetements,Baskets,2,17.82,10,CB,Site web,4.0,1.0,Livree
100736,2025-12-09,2133,Paris,Maison,Lampe,5,27.31,10,CB,Site web,3.0,,Annulee
100594,2024-10-12,2155,,Sport,Velo,1,63.58,30,CB,Magasin,1.0,5.0,Livree
100348,2025-01-04,2402,Nantes,Maison,Coussin,3,45.3,10,PayPal,Site web,7.0,,Annulee
102253,2024-06-15,1334,Toulouse,Maison,Tapis,1,30.82,0,CB,Site web,12.0,3.0,En cours
104189,2025-01-29,1571,Bordeaux,Beaute,Shampoing,3,9.48,0,CB,Site web,8.0,5.0,Livree
102855,2024-04-28,2223,Nantes,Beaute,Serum,5,14.36,20,PayPal,Application mobile,10.0,,Livree
101248,2024-05-18,1637,Lyon,Maison,Tapis,1,43.37,20,CB,Application mobile,5.0,,Annulee
104848,2025-05-07,1574,Strasbourg,Sport,Velo,4,35.35,10,Virement,Magasin,5.0,5.0,Livree
104922,2024-09-05,2144,Paris,Electronique,Tablette,1,299.61,15,CB,Site web,4.0,1.0,Livree
104504,2025-09-29,1144,Toulouse,Sport,Ballon,1,37.02,5,CB,Site web,10.0,4.0,Livree
104318,2024-08-26,2008,Nantes,Vetements,Veste,2,34.1,30,CB,Magasin,2.0,4.0,Livree
101299,2024-12-03,1271,Lille,Maison,Set de cuisine,5,48.31,10,Virement,Application mobile,11.0,,Annulee
104034,2024-02-12,2404,Paris,Electronique,Ordinateur portable,2,400.32,0,CB,Site web,11.0,,Annulee
104095,2024-07-11,1593,Nantes,Livres,BD,1,17.15,5,CB,Site web,14.0,4.0,Livree
104231,2025-03-04,1693,Lyon,Vetements,Jean,1,23.56,0,Virement,Site web,,4.0,Livree
100935,2025-03-13,2002,Toulouse,Electronique,Smartphone,1,213.67,0,CB,Site web,6.0,1.0,Livree
101714,2024-07-01,1984,Nantes,Beaute,Serum,1,,15,CB,Application mobile,7.0,,Livree
102304,2024-05-24,1896,Lille,Electronique,Casque audio,4,320.44,0,CB,Application mobile,9.0,,Livree
104615,2024-11-06,2273,Lyon,Vetements,Baskets,2,20.77,0,Especes,Site web,12.0,4.0,Livree
103147,2025-04-13,1293,Marseille,Vetements,Robe,1,32.85,0,PayPal,Application mobile,6.0,,Livree
104680,2024-12-29,1282,Paris,Electronique,Smartphone,1,204.53,30,CB,Magasin,12.0,3.0,Livree
103052,2024-12-14,1215,Marseille,Sport,Halteres,1,57.92,0,PayPal,Site web,1.0,3.0,Livree
102446,2025-10-11,1880,Strasbourg,Beaute,Parfum,1,24.65,0,Especes,Magasin,9.0,4.0,En cours
100707,2025-10-21,1569,Nantes,Electronique,Enceinte bluetooth,4,226.42,20,Especes,Site web,7.0,,Livree
104747,2025-02-04,2327,Strasbourg,Beaute,Shampoing,3,15.51,0,PayPal,Site web,1.0,5.0,Livree
100653,2024-02-25,2339,Lyon,Livres,Livre de cuisine,1,20.46,20,CB,Site web,1.0,,Annulee
103003,2024-04-05,1453,Bordeaux,Vetements,Baskets,1,52.14,5,CB,Application mobile,3.0,5.0,Livree
100417,2024-12-28,1151,Toulouse,Maison,Tapis,5,53.61,5,PayPal,Site web,9.0,5.0,Livree
102857,2025-12-10,1690,Lyon,Sport,Montre connectee,3,70.45,20,PayPal,Application mobile,6.0,1.0,Livree
101039,2024-02-06,2064,Lille,Maison,Set de cuisine,3,67.9,0,PayPal,Application mobile,8.0,4.0,Livree
100130,2025-09-24,1705,Lyon,Electronique,Ordinateur portable,2,234.41,5,PayPal,Site web,9.0,3.0,Livree
100847,2025-11-13,1705,Strasbourg,Electronique,Ordinateur portable,1,203.97,5,PayPal,Site web,10.0,4.0,En cours
101149,2025-09-19,1504,Lyon,Sport,Halteres,2,60.41,20,PayPal,Application mobile,11.0,3.0,Livree
103911,2024-06-17,1721,Paris,Beaute,Shampoing,1,14.52,5,CB,Application mobile,9.0,5.0,Livree
102992,2025-11-12,1961,Marseille,Beaute,Rouge a levres,4,29.97,30,CB,Site web,14.0,4.0,Livree
104120,2025-06-09,2382,Lille,Livres,Essai,2,20.27,15,Especes,Site web,4.0,4.0,Livree
102631,2025-08-18,2436,Marseille,Maison,Etagere,2,42.13,15,PayPal,Application mobile,14.0,4.0,Livree
102390,2024-01-31,1714,Paris,Sport,Tapis de yoga,1,78.62,0,PayPal,Site web,14.0,4.0,Livree
101889,2024-01-27,1083,Marseille,Sport,Montre connectee,2,68.22,0,CB,Site web,13.0,3.0,Livree
101527,2025-05-21,2288,Nantes,Electronique,Enceinte bluetooth,4,443.71,5,CB,Site web,2.0,3.0,Livree
103868,2024-06-04,1198,Nantes,Maison,Etagere,5,20.92,20,Especes,Site web,13.0,5.0,Livree
102203,2025-09-10,1636,Lille,Beaute,Rouge a levres,2,17.13,0,Virement,Magasin,4.0,1.0,Retournee
104382,2025-10-09,1041,Bordeaux,Beaute,Serum,3,17.89,5,CB,Site web,4.0,5.0,Retournee
101022,2025-10-12,1176,,Beaute,Creme visage,2,23.68,30,CB,Site web,4.0,3.0,Livree
100872,2025-08-13,1070,Paris,Livres,Roman,5,17.38,0,CB,Application mobile,4.0,5.0,Livree
101566,2025-03-10,1246,Lyon,Sport,Halteres,1,77.24,20,Especes,Magasin,6.0,3.0,Livree
100225,2024-04-02,1638,Toulouse,Maison,Coussin,5,50.65,0,CB,Magasin,5.0,3.0,Livree
103778,2024-09-14,1090,Marseille,Electronique,Enceinte bluetooth,2,237.25,30,PayPal,Application mobile,10.0,4.0,Livree
102928,2024-12-12,1894,Toulouse,Electronique,Smartphone,3,210.05,15,PayPal,Magasin,2.0,4.0,Livree
104699,2025-03-04,1338,Strasbourg,Sport,Velo,2,94.61,5,CB,Application mobile,3.0,4.0,Livree
101788,2025-10-10,1193,Lille,Sport,Halteres,4,46.28,0,PayPal,Application mobile,10.0,,Livree
100947,2024-08-19,1507,Nantes,Vetements,Robe,1,32.84,5,CB,Site web,11.0,4.0,Livree
104533,2024-04-05,1429,Lille,Vetements,Veste,3,37.19,30,Virement,Magasin,13.0,4.0,Livree
103701,2025-02-01,2304,Nantes,Sport,Tapis de yoga,2,17.77,0,CB,Application mobile,13.0,5.0,En cours
103135,2025-07-24,1478,Paris,Beaute,Parfum,2,9.38,20,Especes,Site web,6.0,3.0,Livree
101908,2024-03-29,2296,,Maison,Etagere,2,48.27,0,CB,Magasin,1.0,1.0,En cours
100067,2024-07-27,2155,Lille,Livres,Essai,1,18.86,30,PayPal,Application mobile,4.0,4.0,Livree
101697,2025-08-03,1186,Toulouse,Vetements,T-shirt,2,22.99,30,PayPal,Site web,11.0,4.0,Livree
100721,2024-01-08,1296,Lille,Sport,Halteres,3,88.31,30,Virement,Magasin,5.0,4.0,Livree
104241,2025-05-07,1385,Strasbourg,Livres,Livre de cuisine,1,16.57,0,CB,Site web,9.0,5.0,Livree
103092,2025-12-03,1456,Bordeaux,Electronique,Ordinateur portable,3,149.18,20,CB,Site web,4.0,4.0,Livree
102571,2024-08-10,2076,Lille,Vetements,T-shirt,1,37.77,0,Virement,Site web,13.0,5.0,Retournee
104988,2024-06-30,1655,Nantes,Electronique,Casque audio,4,208.83,0,CB,Magasin,1.0,4.0,Livree
100171,2024-12-16,2078,Bordeaux,Electronique,Casque audio,1,417.41,5,CB,Magasin,4.0,5.0,Livree
103676,2024-02-27,2424,Lille,Electronique,Tablette,1,323.5,15,CB,Application mobile,14.0,2.0,Retournee
101895,2024-03-16,2047,Nantes,Electronique,Tablette,1,294.61,10,CB,Magasin,11.0,,Livree
100055,2024-09-08,2390,Bordeaux,Electronique,Tablette,2,279.39,20,PayPal,Site web,14.0,4.0,En cours
104234,2025-05-05,2065,Lille,Sport,Halteres,2,50.43,15,Especes,Magasin,5.0,,Livree
102856,2025-08-26,2366,Lyon,Sport,Velo,1,45.34,5,CB,Application mobile,10.0,1.0,Livree
100449,2025-10-15,1262,Lyon,Sport,Tapis de yoga,3,86.04,5,PayPal,Magasin,2.0,3.0,Livree
101997,2025-02-13,2305,Marseille,Livres,Roman,2,14.32,0,PayPal,Application mobile,4.0,,Annulee
102594,2025-12-15,1033,Paris,Sport,Montre connectee,2,66.07,0,CB,Site web,1.0,5.0,Livree
103397,2025-01-25,1395,Bordeaux,Maison,Tapis,2,43.51,30,Especes,Site web,1.0,5.0,Livree
100988,2024-11-09,1043,Lyon,Maison,Tapis,3,38.84,0,CB,Magasin,12.0,5.0,Livree
100969,2025-04-16,1854,Lille,Electronique,Tablette,3,112.46,5,Especes,Site web,4.0,5.0,Livree
100136,2024-10-08,2017,Toulouse,Beaute,Parfum,1,14.17,20,Especes,Magasin,,1.0,Livree
101896,2024-05-28,2135,Marseille,Beaute,Creme visage,3,20.23,0,CB,Site web,7.0,2.0,Livree
100174,2024-08-31,1285,Marseille,Sport,Ballon,5,46.64,20,Virement,Application mobile,7.0,3.0,Livree
102302,2025-08-23,2061,Bordeaux,Electronique,Casque audio,1,128.85,0,CB,Site web,8.0,5.0,Livree
103205,2025-01-30,2206,Toulouse,Electronique,Tablette,1,291.32,15,PayPal,Site web,11.0,4.0,Livree
104805,2025-05-19,1118,Nantes,Vetements,Baskets,4,15.46,0,PayPal,Site web,14.0,2.0,Livree
100444,2025-03-01,2051,Paris,Livres,BD,1,13.87,5,CB,Site web,6.0,4.0,Livree
101827,2025-09-06,1886,Lille,Vetements,Veste,1,7.5,10,CB,Application mobile,2.0,3.0,Livree
102885,2025-06-20,2238,Lyon,Vetements,Baskets,4,44.88,10,PayPal,Application mobile,11.0,,Livree
101581,2025-11-17,1134,Strasbourg,Electronique,Enceinte bluetooth,1,273.39,20,PayPal,Site web,6.0,3.0,Livree
100089,2025-11-22,1285,Toulouse,Sport,Halteres,5,82.99,0,PayPal,Application mobile,10.0,4.0,Livree
100794,2024-01-02,2158,Strasbourg,Maison,Etagere,4,34.02,0,CB,Site web,11.0,3.0,Livree
102048,2025-02-05,1686,Lyon,Livres,Essai,3,17.13,20,CB,Magasin,4.0,,Annulee
102177,2025-03-21,2498,Lille,Maison,Lampe,1,77.85,5,PayPal,Magasin,11.0,4.0,Retournee
101029,2024-08-14,1676,Marseille,Livres,BD,3,18.02,0,PayPal,Magasin,1.0,3.0,Livree
103414,2024-01-13,1882,Bordeaux,Beaute,Shampoing,4,17.68,5,CB,Application mobile,10.0,5.0,Livree
103953,2024-05-18,1977,Nantes,Sport,Montre connectee,2,57.73,30,CB,Magasin,10.0,3.0,Livree
101329,2024-11-17,1902,Marseille,Vetements,T-shirt,2,16.07,0,CB,Application mobile,4.0,3.0,Livree
103173,2025-07-07,2323,Paris,Livres,Roman,1,19.63,30,Virement,Magasin,7.0,4.0,Livree
103124,2025-03-23,1128,Bordeaux,Electronique,Casque audio,2,325.95,10,PayPal,Magasin,12.0,4.0,Livree
100039,2025-07-07,2054,Toulouse,Vetements,Robe,1,23.78,20,CB,Site web,14.0,5.0,Livree
100943,2024-03-16,2193,Nantes,Maison,Coussin,5,12.46,0,Especes,Site web,8.0,5.0,Livree
103600,2025-01-12,1778,Paris,Vetements,Robe,2,32.52,0,CB,Application mobile,6.0,4.0,Livree
100665,2025-06-18,2060,Lille,Electronique,Smartphone,2,207.54,0,CB,Site web,14.0,4.0,Livree
104011,2024-07-21,2191,Toulouse,Sport,Ballon,1,80.99,0,Virement,Site web,4.0,1.0,En cours
100452,2025-12-17,1413,Toulouse,Vetements,Robe,3,31.1,0,CB,Application mobile,10.0,5.0,Retournee
101684,2024-06-21,1209,Lyon,Maison,Lampe,2,61.32,20,CB,Site web,12.0,5.0,Livree
101148,2025-01-31,1471,Lille,Sport,Velo,1,63.97,15,CB,Magasin,1.0,1.0,Livree
104273,2025-12-05,1106,Nantes,Electronique,Casque audio,4,131.37,0,CB,Application mobile,5.0,5.0,Livree
102184,2024-03-03,1397,Toulouse,Electronique,Casque audio,1,225.92,20,Virement,Site web,5.0,3.0,Livree
100336,2025-09-01,1818,Lyon,Electronique,Smartphone,2,208.06,0,CB,Site web,13.0,5.0,Retournee
102166,2025-01-03,1970,Strasbourg,Livres,Roman,1,19.85,5,Virement,Magasin,9.0,5.0,Livree
104930,2024-03-23,1184,Lille,Beaute,Shampoing,1,17.13,20,CB,Application mobile,,4.0,Livree
102977,2024-12-07,2002,Marseille,Vetements,T-shirt,2,21.25,20,CB,Site web,6.0,3.0,En cours
101600,2025-11-09,1346,Nantes,Vetements,Robe,2,34.71,10,PayPal,Site web,13.0,3.0,En cours
101641,2025-03-22,2032,Marseille,Sport,Montre connectee,4,78.54,15,CB,Site web,1.0,5.0,Livree
100351,2024-04-10,2463,Marseille,Electronique,Ordinateur portable,1,131.82,20,PayPal,Site web,3.0,4.0,Livree
100624,2024-07-23,2246,Paris,Sport,Halteres,1,39.04,0,CB,Magasin,2.0,5.0,Livree
102183,2025-08-10,1914,Nantes,Beaute,Rouge a levres,4,20.72,15,Virement,Application mobile,7.0,1.0,Livree
102508,2025-11-05,1926,Lyon,Livres,Essai,1,14.87,20,CB,Application mobile,13.0,,Annulee
102089,2025-05-04,2154,Lyon,Vetements,Robe,2,42.3,0,Especes,Application mobile,7.0,4.0,Livree
100358,2024-11-21,1633,Bordeaux,Beaute,Rouge a levres,4,27.29,15,Especes,Magasin,3.0,3.0,Livree
101321,2025-04-14,1329,Lille,Maison,Set de cuisine,1,44.19,0,CB,Application mobile,6.0,3.0,Livree
101613,2024-05-27,1007,Toulouse,Maison,Coussin,5,45.5,0,Especes,Site web,9.0,3.0,Annulee
101856,2025-09-25,2381,Marseille,Electronique,Ordinateur portable,1,263.36,15,CB,Site web,1.0,3.0,En cours
101525,2024-06-18,1500,Lyon,Beaute,Rouge a levres,1,12.51,20,Virement,Site web,3.0,4.0,Livree
101434,2025-12-26,1744,Nantes,Electronique,Tablette,5,213.6,0,CB,Site web,1.0,3.0,Livree
104756,2024-09-10,2009,Strasbourg,Beaute,Serum,2,20.51,30,Virement,Site web,8.0,4.0,Livree
104873,2025-12-08,1790,Toulouse,Livres,Roman,3,5.94,0,Virement,Site web,5.0,5.0,Livree
104796,2025-10-02,2055,Lyon,Sport,Halteres,2,71.45,10,CB,Site web,6.0,4.0,Annulee
101419,2025-10-24,1500,Nantes,Beaute,Serum,4,12.96,20,Especes,Site web,2.0,3.0,Livree
101702,2024-07-27,1046,Lyon,Vetements,Baskets,3,,0,CB,Magasin,6.0,5.0,Livree
102649,2024-03-17,2324,Paris,Maison,Tapis,1,,0,CB,Magasin,10.0,5.0,Livree
103758,2024-09-18,1856,Paris,Vetements,Robe,2,15.51,10,CB,Application mobile,3.0,4.0,Livree
100776,2025-04-15,1853,Toulouse,Vetements,Baskets,4,30.25,10,CB,Site web,5.0,4.0,En cours
102575,2024-06-06,1590,Lyon,Sport,Montre connectee,2,23.49,0,PayPal,Site web,2.0,3.0,Livree
103754,2024-01-24,1621,Strasbourg,Vetements,Baskets,2,39.77,30,CB,Site web,9.0,1.0,Livree
103831,2024-04-10,2409,Marseille,Maison,Tapis,2,43.88,0,PayPal,Site web,6.0,3.0,Livree
101765,2025-02-21,2019,Nantes,Maison,Set de cuisine,1,29.8,0,Especes,Application mobile,9.0,4.0,Livree
100473,2024-11-25,2028,Bordeaux,Sport,Halteres,3,74.57,0,Virement,Application mobile,1.0,4.0,Annulee
104688,2025-07-15,1062,Strasbourg,Maison,Lampe,1,48.64,0,PayPal,Application mobile,3.0,,Annulee
103492,2024-01-11,1850,Marseille,Beaute,Parfum,3,21.5,5,CB,Site web,9.0,,Livree
103903,2024-04-23,1386,Bordeaux,Vetements,Jean,2,26.94,30,CB,Site web,4.0,5.0,Livree
102414,2025-09-15,1111,Paris,Beaute,Rouge a levres,3,15.12,0,CB,Magasin,6.0,5.0,Livree
104975,2025-03-26,2099,Nantes,Electronique,Casque audio,2,263.8,0,CB,Site web,11.0,5.0,Livree
103662,2024-08-31,1385,Bordeaux,Maison,Set de cuisine,5,39.13,5,PayPal,Site web,10.0,5.0,Livree
104732,2025-11-23,1009,Marseille,Electronique,Tablette,3,,10,CB,Site web,13.0,3.0,Livree
104482,2024-10-07,1076,Marseille,Beaute,Shampoing,5,16.97,10,CB,Site web,13.0,4.0,Livree
103534,2024-08-31,1050,Paris,Vetements,T-shirt,2,38.34,15,CB,Site web,9.0,5.0,Livree
101580,2025-03-03,1136,Toulouse,Electronique,Enceinte bluetooth,1,204.38,0,CB,Application mobile,11.0,,Livree
100479,2024-03-09,2170,Strasbourg,Electronique,Smartphone,2,255.39,5,PayPal,Application mobile,5.0,,Annulee
102637,2024-05-16,1243,Strasbourg,Electronique,Tablette,2,175.3,5,Especes,Application mobile,11.0,3.0,En cours
100102,2024-09-14,1077,Bordeaux,Beaute,Shampoing,5,23.21,10,CB,Magasin,10.0,5.0,Retournee
101478,2025-09-18,2063,Strasbourg,Livres,BD,3,8.84,0,CB,Magasin,4.0,5.0,Livree
103814,2024-09-22,1782,Marseille,Beaute,Serum,1,19.34,10,Especes,Magasin,3.0,4.0,Livree
104065,2025-05-19,1197,Lille,Maison,Etagere,4,41.41,20,Virement,Application mobile,13.0,1.0,En cours
102711,2024-11-27,2443,Strasbourg,Sport,Halteres,2,59.87,5,PayPal,Site web,12.0,5.0,Retournee
103946,2024-02-15,1379,Marseille,Sport,Velo,1,42.09,0,CB,Application mobile,7.0,2.0,Livree
103825,2024-07-07,1190,Nantes,Livres,BD,3,12.59,15,CB,Site web,1.0,5.0,Annulee
100742,2025-09-02,2329,Bordeaux,Beaute,Creme visage,2,25.44,20,Virement,Application mobile,2.0,5.0,Livree
100053,2025-08-28,2437,Nantes,Maison,Set de cuisine,1,40.89,5,Virement,Site web,13.0,3.0,Livree
100987,2024-12-25,1081,Toulouse,Electronique,Enceinte bluetooth,1,189.18,5,CB,Site web,6.0,,Livree
103756,2025-01-04,2284,Toulouse,Electronique,Smartphone,2,289.47,10,PayPal,Site web,13.0,4.0,Livree
100068,2024-04-19,2455,Toulouse,Beaute,Shampoing,2,19.76,5,PayPal,Site web,3.0,4.0,Livree
104831,2025-07-19,1046,Lyon,Beaute,Creme visage,4,22.78,0,CB,Site web,13.0,5.0,Livree
104036,2024-08-23,1283,Nantes,Electronique,Enceinte bluetooth,1,204.66,30,PayPal,Magasin,1.0,4.0,Livree
103618,2025-01-08,1027,Toulouse,Vetements,Baskets,3,3.0,30,CB,Site web,5.0,4.0,Annulee
104476,2025-08-14,1264,Strasbourg,Sport,Ballon,1,80.39,5,CB,Application mobile,7.0,4.0,Livree
102774,2024-02-06,1370,Toulouse,Maison,Set de cuisine,2,39.76,20,CB,Site web,8.0,5.0,Livree
104429,2024-10-29,2244,Strasbourg,Vetements,Robe,1,25.67,0,CB,Site web,14.0,3.0,Livree
103343,2025-09-17,1703,Lyon,Electronique,Ordinateur portable,2,277.69,30,CB,Site web,3.0,2.0,Livree
104518,2024-06-27,2126,Strasbourg,Vetements,Robe,1,32.95,15,Virement,Application mobile,7.0,4.0,Livree
103324,2025-12-05,1877,Strasbourg,Sport,Montre connectee,5,87.07,20,Especes,Site web,2.0,1.0,Livree
101239,2024-07-04,1854,Marseille,Electronique,Casque audio,4,82.01,0,CB,Site web,7.0,,Livree
100784,2025-10-29,1636,Toulouse,Beaute,Serum,4,19.73,10,CB,Magasin,7.0,4.0,Livree
103772,2025-12-17,1177,Nantes,Maison,Etagere,4,12.02,10,CB,Application mobile,5.0,3.0,En cours
102706,2025-04-16,1322,Paris,Sport,Halteres,1,,0,CB,Site web,12.0,2.0,Retournee
104223,2025-05-11,1294,Strasbourg,Maison,Set de cuisine,1,23.72,5,PayPal,Application mobile,2.0,5.0,Livree
101974,2025-10-14,1971,Marseille,Vetements,Robe,1,51.37,0,PayPal,Site web,8.0,,Livree
102970,2025-03-18,2331,Nantes,Sport,Halteres,1,53.69,15,PayPal,Magasin,14.0,3.0,Livree
103580,2025-10-19,1391,Nantes,Sport,Ballon,2,76.63,0,PayPal,Site web,5.0,2.0,Livree
104955,2024-04-09,1180,Strasbourg,Livres,Livre de cuisine,1,,20,CB,Magasin,3.0,4.0,Livree
101106,2025-01-21,1781,Marseille,Electronique,Smartphone,2,302.25,30,Especes,Site web,3.0,5.0,Livree
100950,2024-06-27,2051,Nantes,Electronique,Casque audio,1,120.74,0,Especes,Site web,12.0,5.0,Livree
103127,2025-10-27,2000,Lille,Vetements,T-shirt,5,27.32,10,CB,Site web,1.0,5.0,Livree
102122,2025-09-23,1842,,Vetements,T-shirt,1,37.32,0,CB,Application mobile,11.0,4.0,Livree
103837,2024-12-23,1599,Lille,Maison,Set de cuisine,2,41.93,20,CB,Magasin,2.0,5.0,Livree
103235,2024-11-26,1649,Nantes,Beaute,Shampoing,1,23.42,30,Especes,Site web,14.0,5.0,Annulee
100639,2024-11-23,1804,Lille,Electronique,Tablette,5,218.15,30,CB,Site web,12.0,5.0,Livree
103382,2025-12-24,1975,Lille,Electronique,Enceinte bluetooth,1,269.24,0,CB,Application mobile,5.0,4.0,Livree
102566,2025-01-29,2387,Lyon,Maison,Lampe,5,82.7,20,CB,Magasin,8.0,5.0,Livree
100757,2024-10-25,1712,Bordeaux,Electronique,Smartphone,1,294.97,10,CB,Site web,5.0,2.0,Livree
103663,2025-11-07,2038,Marseille,Vetements,Robe,4,48.12,15,PayPal,Application mobile,13.0,2.0,En cours
100878,2024-11-07,2048,Strasbourg,Maison,Set de cuisine,2,32.13,0,PayPal,Magasin,11.0,3.0,Livree
100230,2025-06-07,1192,Marseille,Maison,Lampe,3,15.66,20,CB,Application mobile,14.0,2.0,Livree
104676,2025-03-07,1117,Toulouse,Electronique,Tablette,1,242.65,5,Virement,Application mobile,2.0,4.0,Livree
102460,2024-05-06,1483,Lille,Vetements,T-shirt,4,27.61,0,Virement,Magasin,14.0,4.0,Livree
104059,2025-06-04,1913,Bordeaux,Beaute,Shampoing,1,24.17,20,CB,Site web,1.0,4.0,Livree
101560,2024-06-15,1616,Strasbourg,Beaute,Serum,4,24.11,30,PayPal,Application mobile,13.0,3.0,Livree
104110,2024-06-02,1894,Bordeaux,Vetements,Veste,2,33.93,10,CB,Site web,11.0,4.0,Livree
104578,2025-05-27,1445,Strasbourg,Vetements,Baskets,2,30.3,20,CB,Site web,2.0,5.0,Livree
100098,2024-08-18,1833,Nantes,Electronique,Tablette,3,223.23,30,PayPal,Application mobile,3.0,4.0,Livree
103696,2025-10-30,2321,Nantes,Maison,Etagere,5,42.1,0,Especes,Application mobile,1.0,2.0,Livree
101430,2024-12-03,1000,Toulouse,Electronique,Tablette,1,403.92,0,Especes,Site web,14.0,5.0,En cours
101250,2024-12-12,2386,Strasbourg,Electronique,Ordinateur portable,2,276.74,0,CB,Site web,11.0,5.0,Livree
102692,2025-07-24,1402,Toulouse,Maison,Coussin,2,48.28,0,PayPal,Site web,8.0,5.0,En cours
101887,2024-02-17,1670,Marseille,Maison,Coussin,4,41.31,10,Virement,Application mobile,1.0,4.0,Livree
104584,2025-09-22,2451,Nantes,Electronique,Tablette,3,185.05,10,PayPal,Site web,9.0,,Livree
104774,2025-02-11,1264,Lyon,Maison,Coussin,2,38.68,20,CB,Site web,12.0,3.0,Livree
103551,2024-12-08,1031,Paris,Livres,Manuel scolaire,4,21.07,30,CB,Application mobile,4.0,5.0,Livree
103651,2025-09-25,1255,Paris,Sport,Ballon,1,61.2,20,CB,Application mobile,10.0,2.0,En cours
102060,2024-01-24,1586,Paris,Beaute,Creme visage,5,23.45,20,CB,Site web,3.0,,Livree
100294,2024-11-23,2071,Bordeaux,Livres,Livre de cuisine,2,10.72,0,CB,Application mobile,9.0,4.0,Livree
102769,2024-05-26,2005,Paris,Vetements,T-shirt,1,56.93,5,CB,Magasin,10.0,5.0,Livree
104748,2025-09-20,2423,Nantes,Maison,Tapis,1,16.56,5,CB,Application mobile,5.0,5.0,Livree
102353,2025-01-03,2073,Lille,Livres,Roman,2,12.55,15,CB,Site web,3.0,3.0,Livree
103253,2024-09-22,1218,Marseille,Beaute,Parfum,3,28.95,0,CB,Site web,12.0,4.0,Livree
100159,2025-05-22,1133,Bordeaux,Electronique,Smartphone,2,273.6,20,Virement,Site web,2.0,4.0,Annulee
101236,2025-09-24,1498,Paris,Maison,Lampe,1,39.43,5,Virement,Site web,13.0,5.0,Annulee
104793,2024-07-11,1862,Toulouse,Maison,Tapis,1,60.39,0,CB,Site web,6.0,5.0,Livree
100909,2024-02-09,2292,Toulouse,Vetements,Jean,3,34.85,20,PayPal,Magasin,5.0,3.0,Retournee
102431,2025-05-31,1666,Marseille,Vetements,Jean,1,38.46,0,Virement,Site web,3.0,5.0,Livree
101557,2025-05-23,2112,Paris,Maison,Etagere,1,55.67,15,Especes,Site web,9.0,5.0,Retournee
100320,2025-05-10,1445,Marseille,Electronique,Enceinte bluetooth,3,455.01,30,PayPal,Site web,3.0,5.0,Livree
103808,2024-02-21,2177,Paris,Beaute,Shampoing,5,12.76,20,PayPal,Site web,10.0,5.0,Livree
100014,2025-10-06,1748,,Vetements,Jean,4,40.83,30,CB,Magasin,2.0,5.0,Livree
104821,2025-07-08,1965,Strasbourg,Electronique,Casque audio,1,379.29,0,Especes,Magasin,14.0,4.0,Retournee
103464,2024-07-19,1341,Bordeaux,Beaute,Creme visage,4,17.14,0,CB,Site web,14.0,4.0,En cours
101446,2024-08-20,1100,Lyon,Sport,Montre connectee,1,50.82,0,CB,Magasin,8.0,3.0,Livree
103475,2025-04-17,1792,Toulouse,Electronique,Tablette,2,221.03,10,PayPal,Site web,7.0,5.0,Livree
100887,2024-02-18,2093,Bordeaux,Electronique,Casque audio,3,202.16,0,CB,Site web,2.0,4.0,Retournee
101692,2025-04-06,1018,Bordeaux,Vetements,Jean,4,46.25,20,CB,Magasin,5.0,4.0,Livree
103699,2024-12-01,1253,Bordeaux,Electronique,Enceinte bluetooth,2,196.05,30,Especes,Magasin,9.0,3.0,Livree
104630,2025-03-19,1217,Lille,Electronique,Enceinte bluetooth,2,263.25,0,CB,Application mobile,14.0,5.0,Livree
101719,2024-07-31,2202,Lyon,Maison,Set de cuisine,3,43.44,0,CB,Application mobile,9.0,4.0,Annulee
104913,2025-01-21,2243,Paris,Electronique,Tablette,2,144.13,15,CB,Application mobile,8.0,4.0,Livree
100651,2025-11-29,1338,Bordeaux,Beaute,Parfum,1,19.45,15,Especes,Magasin,4.0,3.0,Livree
104349,2024-04-27,1410,Paris,Maison,Etagere,4,52.74,20,Especes,Site web,10.0,4.0,Livree
100918,2024-05-25,1325,Paris,Electronique,Casque audio,4,134.1,0,PayPal,Site web,13.0,5.0,Livree
100882,2025-02-03,1965,Paris,Livres,BD,1,13.18,0,CB,Application mobile,8.0,5.0,Retournee
100291,2024-04-13,2011,Nantes,Electronique,Casque audio,2,255.91,20,Especes,Application mobile,3.0,4.0,En cours
100233,2025-07-19,2128,Lille,Electronique,Enceinte bluetooth,2,352.17,20,CB,Site web,2.0,1.0,Livree
102789,2024-05-07,1987,Lille,Electronique,Tablette,3,174.82,15,PayPal,Application mobile,2.0,5.0,En cours
103437,2025-09-03,1766,Marseille,Livres,Essai,2,21.48,20,Especes,Application mobile,9.0,2.0,Livree
103481,2024-04-08,2197,Lyon,Vetements,Robe,4,37.02,0,PayPal,Magasin,9.0,4.0,Livree
101994,2024-10-05,1640,Paris,Maison,Tapis,2,47.44,0,Especes,Site web,14.0,3.0,Retournee
101304,2024-11-21,1719,Toulouse,Beaute,Parfum,1,20.34,30,Especes,Magasin,1.0,4.0,Annulee
103391,2025-12-21,2474,Marseille,Electronique,Casque audio,1,257.34,30,PayPal,Site web,7.0,5.0,Livree
102271,2024-05-24,1129,Marseille,Electronique,Smartphone,1,145.34,15,CB,Site web,4.0,4.0,Livree
103131,2024-08-27,2192,Bordeaux,Maison,Lampe,1,59.6,0,Especes,Application mobile,9.0,2.0,Livree
102025,2025-07-02,1489,Nantes,Electronique,Ordinateur portable,3,221.76,0,PayPal,Application mobile,9.0,3.0,Livree
103394,2025-03-19,1287,Toulouse,Maison,Etagere,3,36.56,0,PayPal,Application mobile,3.0,5.0,Livree
101485,2025-03-26,1341,Toulouse,Maison,Coussin,1,38.81,5,Virement,Application mobile,5.0,4.0,Livree
102976,2024-07-19,1013,Lyon,Sport,Tapis de yoga,5,79.67,0,CB,Site web,11.0,3.0,Livree
104628,2025-11-10,1749,Strasbourg,Maison,Etagere,5,31.62,0,Virement,Magasin,13.0,3.0,Livree
100525,2024-01-22,1263,Strasbourg,Maison,Coussin,2,41.74,15,PayPal,Magasin,2.0,2.0,Annulee
101080,2024-02-23,1929,Toulouse,Vetements,Robe,2,39.37,20,PayPal,Site web,11.0,5.0,Livree
103443,2025-03-05,1070,Nantes,Maison,Etagere,1,42.16,20,CB,Site web,1.0,5.0,En cours
102447,2024-05-01,2047,Marseille,Sport,Tapis de yoga,3,89.03,0,CB,Magasin,3.0,5.0,Livree
104755,2024-07-23,2456,Toulouse,Livres,Manuel scolaire,5,7.04,0,CB,Application mobile,6.0,3.0,Livree
100673,2024-01-30,1470,Bordeaux,Vetements,Veste,1,,0,CB,Site web,13.0,2.0,Livree
100480,2025-03-25,1634,Toulouse,Livres,Roman,3,15.75,15,PayPal,Application mobile,9.0,5.0,Livree
102154,2025-04-05,1010,Lille,Electronique,Tablette,2,272.59,10,CB,Application mobile,13.0,5.0,En cours
103787,2024-07-25,1632,Strasbourg,Beaute,Creme visage,4,18.79,15,PayPal,Application mobile,7.0,4.0,Livree
100251,2025-10-25,1516,Strasbourg,Electronique,Enceinte bluetooth,1,371.57,5,CB,Application mobile,2.0,3.0,Livree
100390,2024-06-08,2421,Lille,Maison,Etagere,2,36.88,0,CB,Site web,14.0,2.0,Livree
101467,2025-09-02,1664,Paris,Sport,Tapis de yoga,4,27.89,5,CB,Application mobile,3.0,3.0,Livree
104633,2025-11-07,1704,Strasbourg,Beaute,Creme visage,1,23.08,5,CB,Site web,14.0,5.0,Livree
103287,2024-12-29,2436,Bordeaux,Maison,Tapis,3,52.39,20,PayPal,Site web,1.0,4.0,Livree
101984,2024-12-06,2102,Marseille,Maison,Tapis,4,26.44,15,CB,Site web,9.0,3.0,Livree
101933,2024-12-09,1850,Lyon,Electronique,Casque audio,4,169.79,10,Especes,Application mobile,11.0,5.0,Annulee
102104,2025-04-05,2017,Paris,Vetements,Robe,2,43.16,0,PayPal,Site web,1.0,5.0,Livree
101205,2024-12-03,1170,Nantes,Vetements,Robe,2,37.79,10,PayPal,Application mobile,1.0,1.0,Livree
103138,2024-04-14,1932,Strasbourg,Sport,Halteres,2,48.46,5,PayPal,Site web,9.0,5.0,Livree
102394,2025-11-19,2339,Marseille,Maison,Set de cuisine,4,27.77,0,CB,Application mobile,8.0,4.0,Livree
104247,2024-12-27,1216,Lille,Vetements,Baskets,1,43.19,5,CB,Application mobile,1.0,2.0,En cours
104829,2025-01-12,1072,Nantes,Beaute,Shampoing,4,,30,Virement,Site web,3.0,2.0,En cours
100827,2024-10-07,1781,Nantes,Vetements,Baskets,1,20.23,20,Especes,Magasin,14.0,5.0,Livree
100524,2024-04-15,1383,Marseille,Livres,Manuel scolaire,1,13.49,30,PayPal,Site web,7.0,3.0,Retournee
101265,2024-01-31,1819,Bordeaux,Beaute,Parfum,4,20.14,20,Especes,Magasin,5.0,4.0,Livree
102069,2025-09-06,2049,Marseille,Electronique,Smartphone,2,225.83,10,PayPal,Site web,8.0,4.0,Livree
100405,2025-04-05,2285,Bordeaux,Electronique,Enceinte bluetooth,3,141.82,20,CB,Application mobile,10.0,3.0,Livree
104353,2025-12-29,2155,Nantes,Maison,Tapis,2,24.68,5,PayPal,Site web,4.0,3.0,Annulee
104887,2024-09-23,2341,Lille,Maison,Coussin,4,57.32,0,PayPal,Site web,4.0,5.0,Livree
102436,2024-06-24,2213,Toulouse,Electronique,Smartphone,1,192.54,5,CB,Site web,2.0,5.0,Retournee
103766,2024-10-29,1728,Lille,Maison,Lampe,2,44.69,0,CB,Magasin,12.0,5.0,Livree
104281,2025-09-27,1524,Nantes,Beaute,Parfum,5,15.46,20,CB,Site web,12.0,5.0,Livree
102900,2025-10-27,1080,Toulouse,Vetements,Robe,4,44.8,20,CB,Magasin,1.0,3.0,Livree
102388,2024-07-15,2096,Paris,Vetements,Veste,4,37.16,20,CB,Application mobile,1.0,5.0,Livree
104635,2025-03-08,1650,Nantes,Electronique,Ordinateur portable,1,262.69,0,CB,Application mobile,13.0,4.0,Livree
104460,2025-03-16,1143,Paris,Vetements,Jean,1,41.8,0,Especes,Site web,6.0,4.0,Livree
103901,2024-11-16,1843,Toulouse,Livres,Essai,4,11.54,5,CB,Site web,8.0,4.0,Livree
101858,2024-06-18,1394,Toulouse,Vetements,Baskets,1,48.62,0,PayPal,Site web,14.0,,Annulee
103008,2024-05-31,1390,Lille,Livres,Manuel scolaire,1,,0,Especes,Site web,10.0,1.0,Livree
104754,2025-02-13,1225,Marseille,Electronique,Casque audio,1,323.91,0,CB,Magasin,1.0,5.0,Livree
101350,2024-05-24,2276,Nantes,Sport,Ballon,5,44.71,20,Virement,Site web,7.0,4.0,Livree
104425,2024-08-06,1609,Marseille,Sport,Velo,2,80.78,15,PayPal,Site web,13.0,,Livree
100512,2024-09-08,1190,Bordeaux,Vetements,Jean,3,3.0,5,PayPal,Site web,11.0,5.0,Livree
100662,2025-07-22,1821,Paris,Sport,Ballon,1,17.72,15,PayPal,Site web,11.0,4.0,Livree
104441,2025-10-11,2232,Nantes,Beaute,Serum,3,27.59,0,PayPal,Magasin,8.0,5.0,Livree
101603,2024-12-09,2420,Bordeaux,Beaute,Creme visage,3,32.58,0,Especes,Magasin,14.0,1.0,Livree
101676,2024-06-09,1319,Marseille,Beaute,Shampoing,2,26.14,0,CB,Site web,8.0,4.0,Livree
104978,2025-08-11,1974,Toulouse,Electronique,Enceinte bluetooth,1,121.27,5,CB,Application mobile,2.0,,Annulee
100066,2024-06-22,1290,Toulouse,Livres,BD,1,,0,PayPal,Site web,3.0,3.0,Livree
101950,2025-08-13,2275,Marseille,Vetements,Jean,1,36.41,15,CB,Site web,3.0,,Livree
104980,2025-04-15,2133,Paris,Vetements,Baskets,2,32.04,0,CB,Site web,10.0,2.0,En cours
102420,2024-02-11,1233,Bordeaux,Maison,Coussin,1,48.92,0,PayPal,Site web,8.0,5.0,Livree
102691,2025-05-13,1238,Bordeaux,Sport,Halteres,1,86.39,5,CB,Site web,10.0,,Retournee
104330,2024-07-30,1273,Toulouse,Electronique,Enceinte bluetooth,1,261.37,10,CB,Application mobile,2.0,3.0,Retournee
103355,2024-04-16,2270,Nantes,Sport,Halteres,1,48.06,30,Especes,Site web,3.0,5.0,Retournee
100645,2025-02-21,1193,Nantes,Vetements,Jean,3,41.26,20,PayPal,Site web,1.0,5.0,Livree
102347,2024-01-18,1078,Paris,Electronique,Tablette,1,216.49,20,Virement,Magasin,10.0,2.0,Retournee
101666,2024-03-27,1968,Bordeaux,Vetements,Baskets,1,47.01,20,Especes,Application mobile,8.0,4.0,Livree
101138,2024-04-26,2166,Paris,Vetements,Baskets,4,46.19,5,CB,Site web,5.0,3.0,Livree
100541,2025-10-09,1520,Paris,Sport,Halteres,2,61.58,15,PayPal,Application mobile,3.0,5.0,Livree
101313,2025-04-19,2121,Marseille,Electronique,Smartphone,2,159.94,20,PayPal,Application mobile,14.0,4.0,Livree
104296,2025-04-24,2012,Bordeaux,Beaute,Serum,1,24.95,15,PayPal,Magasin,9.0,4.0,Livree
101963,2025-01-11,1110,Toulouse,Electronique,Ordinateur portable,1,265.8,0,CB,Application mobile,1.0,1.0,Livree
102361,2024-03-31,1607,Strasbourg,Sport,Velo,2,80.4,5,Especes,Application mobile,5.0,2.0,Livree
100306,2025-02-03,1419,Bordeaux,Maison,Etagere,1,46.8,10,Especes,Site web,7.0,4.0,Livree
104689,2024-10-26,2494,Lyon,Maison,Tapis,5,51.12,30,CB,Site web,11.0,4.0,Livree
100129,2024-10-26,1040,Toulouse,Vetements,Jean,5,40.76,0,CB,Magasin,10.0,4.0,Livree
100395,2025-01-25,1181,Lille,Livres,Livre de cuisine,2,13.35,15,CB,Magasin,7.0,4.0,Annulee
104910,2024-10-23,2284,Paris,Maison,Lampe,4,54.78,30,CB,Site web,1.0,4.0,Livree
101929,2024-12-20,2228,Paris,Electronique,Tablette,3,197.41,0,PayPal,Site web,10.0,,Annulee
104422,2025-12-05,2479,Toulouse,Electronique,Enceinte bluetooth,5,291.77,20,Especes,Magasin,14.0,,Livree
104287,2025-12-22,1439,Strasbourg,Electronique,Ordinateur portable,1,287.68,30,PayPal,Site web,,1.0,Livree
100722,2025-08-08,1469,Strasbourg,Electronique,Enceinte bluetooth,1,236.25,0,CB,Application mobile,11.0,4.0,Livree
103221,2025-01-05,2163,Nantes,Electronique,Smartphone,2,249.13,30,Especes,Application mobile,9.0,5.0,Livree
103763,2025-04-01,2004,Marseille,Vetements,Veste,2,39.99,15,CB,Site web,6.0,4.0,Livree
100307,2025-01-14,1858,,Beaute,Creme visage,1,23.79,15,CB,Application mobile,10.0,4.0,Livree
104591,2025-01-10,2150,Lille,Sport,Ballon,1,99.12,0,PayPal,Site web,2.0,5.0,Livree
103080,2025-03-14,1467,Strasbourg,Maison,Coussin,1,68.07,20,Especes,Magasin,14.0,3.0,Livree
100384,2025-05-02,1980,Strasbourg,Vetements,Jean,1,57.68,30,CB,Application mobile,6.0,2.0,Annulee
102558,2024-03-22,1497,Marseille,Beaute,Rouge a levres,4,23.92,0,PayPal,Site web,8.0,4.0,Livree
102700,2025-06-29,1596,Paris,Vetements,T-shirt,1,31.5,30,Especes,Application mobile,14.0,3.0,Livree
100582,2025-09-11,2247,Nantes,Beaute,Parfum,4,14.77,15,CB,Site web,4.0,4.0,En cours
104493,2024-12-29,2189,Lille,Beaute,Creme visage,1,22.3,15,CB,Application mobile,3.0,5.0,Livree
104970,2024-08-19,1843,Marseille,Electronique,Casque audio,4,356.34,20,CB,Application mobile,8.0,5.0,Livree
104080,2024-11-29,2019,Toulouse,Vetements,T-shirt,1,50.34,0,CB,Site web,3.0,4.0,Livree
102580,2024-11-12,2350,Marseille,Electronique,Casque audio,2,265.05,0,PayPal,Site web,12.0,4.0,En cours
102810,2025-04-14,1719,Strasbourg,Maison,Etagere,1,39.5,0,CB,Site web,13.0,,Annulee
100161,2024-11-09,2086,Lille,Beaute,Rouge a levres,2,18.94,30,CB,Magasin,11.0,4.0,Retournee
101334,2024-03-12,1285,Strasbourg,Vetements,T-shirt,1,39.22,5,CB,Application mobile,1.0,4.0,Livree
104787,2024-04-09,2405,Strasbourg,Beaute,Serum,5,21.93,20,CB,Site web,8.0,2.0,Livree
100936,2025-06-08,1978,Paris,Sport,Velo,1,45.2,0,Especes,Magasin,4.0,4.0,Livree
101366,2024-06-16,1084,Paris,Vetements,Baskets,1,36.66,5,CB,Site web,10.0,,Livree
104876,2024-04-26,2227,Marseille,Beaute,Shampoing,2,26.76,0,CB,Site web,4.0,4.0,Livree
103121,2024-03-02,1527,Bordeaux,Maison,Etagere,4,39.21,5,CB,Site web,6.0,3.0,Livree
104022,2024-04-15,1943,Lille,Electronique,Enceinte bluetooth,3,248.76,30,Virement,Application mobile,11.0,4.0,Livree
101949,2025-07-08,1052,Paris,Vetements,Jean,1,49.55,0,CB,Application mobile,10.0,4.0,Livree
103873,2024-10-08,2356,Lille,Livres,Essai,2,17.41,0,CB,Site web,5.0,4.0,Livree
101159,2024-03-29,1562,Bordeaux,Vetements,Veste,2,41.27,30,PayPal,Site web,11.0,4.0,Livree
103989,2024-04-12,1202,,Sport,Halteres,1,60.48,0,CB,Magasin,10.0,4.0,En cours
101591,2024-05-12,2271,Marseille,Electronique,Casque audio,5,343.02,10,CB,Magasin,4.0,5.0,Livree
102701,2025-12-02,1011,Strasbourg,Maison,Etagere,2,51.74,30,CB,Application mobile,11.0,1.0,Livree
102744,2025-07-31,1823,Lyon,Vetements,Veste,2,15.14,5,Especes,Application mobile,10.0,3.0,Livree
101880,2024-09-29,1146,Nantes,Livres,Roman,1,12.25,30,Virement,Application mobile,3.0,1.0,Annulee
103636,2024-08-12,1222,Lyon,Sport,Tapis de yoga,1,66.79,0,CB,Site web,2.0,5.0,Livree
102529,2025-07-04,1364,Marseille,Electronique,Smartphone,5,239.26,20,PayPal,Magasin,14.0,4.0,Livree
102081,2024-09-05,1539,,Livres,Manuel scolaire,3,21.16,0,PayPal,Application mobile,5.0,5.0,Livree
103182,2024-04-21,1768,Strasbourg,Beaute,Rouge a levres,2,19.92,10,PayPal,Application mobile,3.0,,Livree
104143,2025-05-07,2143,Bordeaux,Maison,Etagere,4,27.6,0,CB,Site web,1.0,5.0,Livree
104125,2024-10-17,2331,Paris,Beaute,Rouge a levres,1,16.37,10,PayPal,Magasin,13.0,4.0,Livree
103053,2024-12-29,1666,Lille,Vetements,Baskets,1,20.32,0,CB,Magasin,3.0,3.0,Livree
103225,2024-02-17,2294,Nantes,Beaute,Rouge a levres,1,16.7,30,CB,Site web,3.0,5.0,Livree
104597,2024-05-15,2040,Marseille,Beaute,Shampoing,4,19.56,30,PayPal,Site web,7.0,4.0,Livree
101846,2025-07-21,1649,Lille,Livres,Roman,1,14.61,30,PayPal,Magasin,4.0,5.0,Livree
104814,2024-07-14,2336,Paris,Vetements,T-shirt,3,31.59,0,PayPal,Magasin,6.0,4.0,Livree
101268,2024-07-15,1167,Lille,Electronique,Tablette,3,318.37,30,CB,Magasin,5.0,5.0,Livree
103230,2024-01-07,1070,Marseille,Vetements,T-shirt,2,37.8,15,CB,Site web,5.0,3.0,Livree
104528,2024-07-05,2017,Nantes,Electronique,Tablette,1,71.5,30,CB,Application mobile,6.0,,Livree
102301,2025-05-28,1901,Toulouse,Electronique,Ordinateur portable,1,253.44,20,PayPal,Magasin,9.0,4.0,Livree
100996,2025-02-15,2455,Marseille,Beaute,Serum,1,15.71,15,CB,Site web,12.0,4.0,Livree
100044,2024-04-13,2262,Lyon,Maison,Set de cuisine,4,28.85,20,CB,Magasin,2.0,4.0,En cours
102739,2024-04-29,1436,Nantes,Maison,Etagere,4,49.72,20,PayPal,Application mobile,13.0,4.0,Livree
104462,2024-08-26,2033,Lille,Maison,Coussin,2,35.11,30,PayPal,Magasin,11.0,4.0,Livree
103838,2025-02-26,2118,Strasbourg,Vetements,T-shirt,1,23.35,30,CB,Site web,12.0,5.0,Livree
100260,2024-09-11,2412,Marseille,Livres,Livre de cuisine,2,16.83,10,CB,Application mobile,11.0,4.0,Livree
102860,2024-09-13,1428,Bordeaux,Sport,Velo,2,45.96,0,CB,Application mobile,10.0,5.0,En cours
102783,2025-08-28,2437,Marseille,Vetements,Baskets,1,29.16,10,PayPal,Magasin,11.0,5.0,Livree
103096,2024-03-19,1108,Toulouse,Sport,Montre connectee,5,69.88,5,PayPal,Site web,13.0,4.0,Livree
104652,2024-04-17,2111,Lyon,Electronique,Enceinte bluetooth,4,194.54,0,PayPal,Application mobile,8.0,,Annulee
102623,2025-09-26,2194,Nantes,Sport,Velo,5,43.71,0,Especes,Site web,11.0,5.0,En cours
104953,2024-01-27,2287,Bordeaux,Livres,Manuel scolaire,3,22.82,5,CB,Magasin,6.0,5.0,Livree
103326,2025-03-21,1465,Paris,Maison,Set de cuisine,4,,0,PayPal,Application mobile,1.0,1.0,Livree
100599,2025-10-06,1617,Strasbourg,Vetements,Jean,2,32.11,10,CB,Application mobile,8.0,4.0,Livree
103922,2024-05-31,2207,Lille,Livres,Roman,2,15.46,15,CB,Application mobile,12.0,5.0,Livree
100419,2024-09-14,1693,Toulouse,Electronique,Ordinateur portable,1,379.43,0,CB,Site web,6.0,4.0,Livree
102136,2025-11-15,2204,Marseille,Maison,Coussin,1,34.54,10,PayPal,Site web,6.0,,Annulee
101246,2024-09-30,2391,Bordeaux,Electronique,Casque audio,1,397.76,0,CB,Application mobile,1.0,4.0,Livree
101232,2025-11-25,2412,Toulouse,Electronique,Smartphone,5,276.73,0,CB,Site web,7.0,3.0,En cours
102266,2025-11-16,1932,Lille,Electronique,Smartphone,1,235.53,0,CB,Site web,8.0,3.0,Livree
102204,2024-03-12,2116,Paris,Beaute,Serum,1,17.5,0,CB,Site web,6.0,5.0,Livree
101812,2024-07-29,1026,Bordeaux,Vetements,Jean,2,16.89,15,PayPal,Magasin,11.0,5.0,Livree
100275,2024-05-21,1605,Strasbourg,Electronique,Smartphone,4,412.35,20,Virement,Magasin,2.0,4.0,Livree
100705,2024-01-14,1775,Paris,Beaute,Serum,4,21.16,20,CB,Application mobile,12.0,5.0,Livree
103842,2024-07-13,1165,Lyon,Vetements,Jean,4,39.86,5,CB,Application mobile,13.0,5.0,Livree
104549,2025-09-25,1558,Strasbourg,Electronique,Enceinte bluetooth,5,,15,PayPal,Application mobile,1.0,4.0,En cours
100113,2025-06-23,1611,Lyon,Maison,Etagere,2,35.1,20,PayPal,Site web,12.0,5.0,Livree
104167,2025-01-03,1168,Strasbourg,Sport,Halteres,2,57.7,15,PayPal,Magasin,1.0,5.0,Livree
104013,2024-10-18,1678,Strasbourg,Electronique,Ordinateur portable,2,347.86,0,CB,Magasin,6.0,4.0,Livree
102130,2024-01-05,2458,Marseille,Livres,Roman,5,20.87,0,CB,Magasin,5.0,4.0,Retournee
103228,2025-11-06,1029,Lille,Beaute,Rouge a levres,2,24.99,5,CB,Magasin,1.0,4.0,Livree
102926,2025-11-04,1844,Bordeaux,Beaute,Rouge a levres,5,18.68,20,Virement,Site web,4.0,4.0,Livree
100141,2025-04-26,2177,Lyon,Electronique,Ordinateur portable,1,311.13,10,PayPal,Magasin,5.0,3.0,En cours
104547,2024-02-23,1022,Lille,Maison,Lampe,4,61.81,0,Virement,Site web,13.0,3.0,Livree
104579,2025-08-23,1651,Lille,Livres,Roman,1,12.18,10,CB,Site web,5.0,5.0,Livree
101565,2025-08-18,2332,Lyon,Livres,Manuel scolaire,2,14.52,10,CB,Magasin,1.0,5.0,Livree
103765,2024-12-29,1589,Bordeaux,Electronique,Casque audio,1,326.32,15,PayPal,Site web,5.0,,Livree
103988,2025-04-21,1054,Lille,Electronique,Ordinateur portable,1,290.23,0,Virement,Site web,10.0,5.0,Livree
102412,2024-07-25,1963,Strasbourg,Vetements,Jean,3,,30,PayPal,Application mobile,5.0,5.0,En cours
101653,2025-02-15,1071,Lyon,Vetements,T-shirt,2,37.87,20,CB,Site web,13.0,5.0,Livree
103531,2025-06-12,2026,Toulouse,Electronique,Tablette,1,278.88,0,CB,Application mobile,1.0,4.0,Livree
100104,2025-06-18,2064,Lyon,Maison,Tapis,1,44.67,30,CB,Site web,1.0,,Annulee
104052,2024-05-06,2283,Strasbourg,Livres,Roman,4,19.95,30,Virement,Site web,9.0,5.0,Livree
101857,2024-04-02,2168,Nantes,Electronique,Enceinte bluetooth,1,70.94,5,CB,Application mobile,2.0,5.0,Livree
104875,2024-07-21,2211,,Vetements,Robe,4,36.67,30,Virement,Application mobile,5.0,2.0,Livree
102764,2024-03-16,1868,Nantes,Beaute,Shampoing,1,5.04,30,CB,Magasin,2.0,2.0,Livree
102329,2025-01-17,1702,Bordeaux,Electronique,Enceinte bluetooth,1,279.19,20,CB,Site web,6.0,2.0,Livree
103976,2025-05-14,1712,Paris,Vetements,Baskets,4,40.9,0,PayPal,Application mobile,4.0,4.0,Livree
103889,2025-03-16,2450,Bordeaux,Livres,Livre de cuisine,3,11.74,0,PayPal,Application mobile,10.0,,Livree
102709,2025-03-07,2367,Paris,Beaute,Rouge a levres,2,28.99,20,CB,Application mobile,10.0,5.0,Livree
104337,2024-05-19,1087,Lyon,Electronique,Casque audio,1,19.76,20,Virement,Magasin,6.0,5.0,Livree
102478,2024-01-23,1647,Marseille,Sport,Velo,3,32.75,0,PayPal,Site web,2.0,5.0,Livree
102862,2024-10-13,1433,,Sport,Ballon,4,62.39,20,CB,Site web,8.0,4.0,Livree
104192,2024-02-14,2352,Bordeaux,Livres,BD,1,12.09,15,CB,Application mobile,8.0,3.0,En cours
102515,2025-09-01,2334,Lille,Maison,Tapis,5,64.17,0,PayPal,Site web,14.0,4.0,Livree
104738,2024-06-06,1010,Strasbourg,Electronique,Smartphone,5,241.37,10,Especes,Site web,6.0,2.0,Livree
103564,2024-09-26,2379,Toulouse,Maison,Etagere,2,51.74,0,CB,Site web,5.0,4.0,Livree
100084,2025-01-12,1389,Nantes,Beaute,Shampoing,5,18.61,0,PayPal,Site web,9.0,5.0,Retournee
101718,2025-04-16,1229,Lyon,Electronique,Tablette,2,348.89,5,Virement,Site web,7.0,4.0,Livree
104105,2024-05-30,1547,Lille,Livres,Essai,4,15.83,5,Virement,Application mobile,9.0,5.0,Livree
102652,2025-01-24,2166,Bordeaux,Maison,Tapis,1,35.47,15,CB,Site web,5.0,5.0,Livree
101339,2025-10-08,1931,Bordeaux,Vetements,Jean,4,27.42,10,CB,Magasin,8.0,5.0,Livree
103895,2024-06-02,1793,Nantes,Electronique,Ordinateur portable,1,173.79,15,Especes,Magasin,1.0,3.0,Livree
100276,2024-01-13,1187,Lyon,Vetements,Jean,1,38.88,0,CB,Application mobile,7.0,4.0,Livree
101408,2024-01-20,1437,Paris,Electronique,Casque audio,3,310.14,30,CB,Magasin,3.0,,Livree
101372,2024-05-08,1583,Paris,Maison,Coussin,3,41.0,5,CB,Site web,10.0,5.0,Livree
103844,2025-10-06,2287,Lyon,Electronique,Tablette,1,172.21,0,CB,Application mobile,4.0,4.0,Livree
103994,2024-08-02,1865,Lyon,Electronique,Tablette,1,299.65,10,PayPal,Magasin,1.0,3.0,Livree
104184,2025-09-20,2015,Nantes,Maison,Tapis,4,45.21,20,CB,Site web,7.0,4.0,Livree
100090,2024-02-21,2165,Nantes,Beaute,Shampoing,5,23.68,5,PayPal,Magasin,13.0,5.0,Livree
104376,2025-07-28,1803,Nantes,Electronique,Smartphone,2,260.52,30,CB,Site web,7.0,4.0,Livree
103055,2025-01-10,1539,Lille,Livres,BD,5,14.96,0,Virement,Site web,5.0,5.0,Livree
101906,2024-10-19,1792,Paris,Electronique,Enceinte bluetooth,1,178.06,15,PayPal,Magasin,9.0,2.0,En cours
102699,2025-02-23,1295,Marseille,Electronique,Tablette,4,166.9,0,PayPal,Application mobile,11.0,4.0,Livree
101823,2025-06-02,1212,Bordeaux,Maison,Lampe,1,62.51,0,PayPal,Magasin,11.0,4.0,Livree
103417,2024-06-14,2143,Paris,Maison,Coussin,1,49.63,0,CB,Application mobile,6.0,4.0,Livree
101426,2025-04-16,1617,Paris,Sport,Halteres,2,55.41,0,CB,Application mobile,5.0,4.0,Livree
103412,2025-01-15,2410,Nantes,Maison,Set de cuisine,1,55.09,0,CB,Application mobile,14.0,3.0,En cours
104461,2025-05-02,1424,Lyon,Beaute,Shampoing,3,30.0,15,CB,Site web,3.0,2.0,Livree
102071,2025-03-02,1662,Lyon,Maison,Coussin,1,50.67,5,CB,Site web,1.0,5.0,Livree
102026,2024-04-22,1277,Lyon,Electronique,Ordinateur portable,1,283.55,10,CB,Application mobile,13.0,5.0,Livree
100998,2024-06-20,1813,Paris,Sport,Velo,2,65.04,30,CB,Application mobile,4.0,,Livree
102358,2024-07-28,1291,Nantes,Vetements,Baskets,4,39.14,15,CB,Magasin,2.0,5.0,En cours
103108,2025-02-07,2460,Toulouse,Beaute,Parfum,1,19.55,0,CB,Site web,7.0,4.0,Livree
103425,2024-04-28,1697,Marseille,Electronique,Ordinateur portable,1,238.38,15,CB,Site web,7.0,3.0,Livree
101759,2024-09-04,1800,Lyon,Vetements,Jean,3,33.68,10,CB,Application mobile,4.0,4.0,Livree
103451,2025-12-12,2374,Marseille,Sport,Halteres,3,51.82,0,CB,Site web,11.0,3.0,En cours
102288,2025-10-04,1406,Lyon,Sport,Ballon,1,,15,Especes,Site web,6.0,3.0,Livree
102714,2024-09-08,1828,Lille,Maison,Coussin,1,44.15,30,PayPal,Site web,1.0,3.0,Livree
101342,2024-08-26,1470,Paris,Livres,Livre de cuisine,4,13.91,0,PayPal,Magasin,4.0,5.0,Livree
104190,2024-04-29,2271,Lille,Sport,Tapis de yoga,4,92.17,0,PayPal,Application mobile,2.0,5.0,Livree
102146,2024-07-09,1572,Paris,Maison,Tapis,5,38.79,30,PayPal,Site web,1.0,4.0,En cours
100167,2024-06-06,2400,Lille,Beaute,Serum,3,23.59,15,CB,Site web,13.0,4.0,Livree
100496,2024-05-21,1535,Paris,Electronique,Smartphone,2,274.29,10,CB,Site web,4.0,4.0,Livree
103161,2025-12-20,1287,Bordeaux,Electronique,Ordinateur portable,2,214.64,5,PayPal,Site web,12.0,3.0,Livree
104427,2025-03-26,1961,Nantes,Electronique,Smartphone,5,286.34,0,CB,Site web,4.0,4.0,En cours
100219,2025-01-24,1317,Marseille,Electronique,Ordinateur portable,2,138.49,30,CB,Application mobile,12.0,5.0,Livree
102481,2024-08-23,1896,Lyon,Electronique,Smartphone,1,235.03,10,CB,Magasin,8.0,4.0,Livree
104974,2024-10-25,1221,Paris,Electronique,Smartphone,2,180.95,10,PayPal,Site web,13.0,2.0,Annulee
102534,2024-01-11,1016,Paris,Beaute,Rouge a levres,4,23.49,0,PayPal,Site web,9.0,,Livree
103730,2025-05-05,1967,Nantes,Maison,Tapis,5,61.9,0,CB,Magasin,11.0,4.0,Livree
101537,2024-05-31,1741,Bordeaux,Sport,Montre connectee,5,55.68,20,CB,Application mobile,3.0,,Livree
104627,2024-06-07,1764,Strasbourg,Maison,Tapis,3,46.45,20,PayPal,Magasin,11.0,4.0,Livree
100305,2024-04-01,2423,Marseille,Vetements,Robe,4,30.15,0,Virement,Magasin,2.0,1.0,En cours
103843,2025-11-22,1490,Paris,Electronique,Enceinte bluetooth,4,174.84,0,CB,Site web,1.0,5.0,Livree
100196,2025-05-15,1408,Toulouse,Livres,BD,1,,30,CB,Site web,7.0,3.0,Livree
101146,2025-12-11,1328,Marseille,Vetements,Jean,2,28.59,0,Virement,Magasin,8.0,5.0,Livree
104590,2025-03-12,2428,Marseille,Beaute,Serum,4,15.72,15,CB,Site web,14.0,2.0,Livree
100110,2025-07-26,2144,Toulouse,Maison,Set de cuisine,2,37.99,0,CB,Magasin,11.0,5.0,Livree
103554,2024-06-05,2068,Bordeaux,Sport,Tapis de yoga,2,71.42,0,Especes,Site web,11.0,3.0,Livree
104465,2025-09-20,2364,Paris,Livres,BD,1,19.37,0,CB,Site web,13.0,2.0,Livree
104981,2024-03-05,2400,Nantes,Beaute,Parfum,4,21.16,10,CB,Application mobile,2.0,3.0,Livree
100926,2025-08-01,1361,Paris,Beaute,Rouge a levres,4,36.23,20,PayPal,Application mobile,4.0,1.0,Livree
101815,2025-02-04,2147,Nantes,Livres,Manuel scolaire,1,18.24,0,CB,Application mobile,8.0,5.0,Livree
104492,2024-06-12,1983,Paris,Electronique,Casque audio,4,355.27,0,Virement,Site web,7.0,5.0,Livree
100797,2025-07-25,2253,Bordeaux,Livres,Manuel scolaire,1,19.49,0,CB,Site web,9.0,,Livree
101298,2024-11-04,1004,Marseille,Vetements,T-shirt,1,28.44,10,Especes,Application mobile,13.0,5.0,En cours
103259,2024-07-06,1301,Bordeaux,Beaute,Rouge a levres,3,19.51,0,CB,Site web,8.0,3.0,Livree
101062,2025-09-23,1127,Toulouse,Vetements,Veste,2,34.59,30,CB,Application mobile,8.0,5.0,Livree
104514,2025-09-24,1046,Marseille,Electronique,Enceinte bluetooth,2,238.25,0,Virement,Site web,6.0,3.0,Livree
103280,2024-10-02,1095,Nantes,Beaute,Rouge a levres,1,18.19,20,CB,Site web,4.0,3.0,Livree
104471,2025-07-19,2197,Strasbourg,Electronique,Casque audio,2,317.1,0,Especes,Magasin,3.0,5.0,Livree
104566,2025-11-17,1573,Toulouse,Sport,Ballon,1,55.58,10,CB,Site web,2.0,4.0,Livree
103320,2024-06-30,1248,Strasbourg,Sport,Montre connectee,1,72.48,5,CB,Site web,5.0,3.0,Livree
103971,2024-01-10,1450,Toulouse,Maison,Etagere,2,44.11,15,PayPal,Application mobile,14.0,4.0,Livree
103317,2024-05-18,2431,Strasbourg,Vetements,Veste,5,40.92,5,CB,Application mobile,6.0,4.0,Livree
101359,2025-07-27,2462,Paris,Vetements,Baskets,3,42.09,30,CB,Application mobile,7.0,5.0,Annulee
101761,2025-01-30,1225,Lyon,Electronique,Ordinateur portable,2,230.24,0,CB,Magasin,3.0,5.0,Livree
102059,2024-07-22,1974,Marseille,Beaute,Parfum,2,5.29,0,CB,Site web,3.0,5.0,Livree
102892,2025-02-24,2408,Toulouse,Livres,Essai,4,13.97,5,PayPal,Site web,1.0,3.0,Retournee
103734,2024-08-07,1652,Bordeaux,Beaute,Shampoing,1,16.24,15,Virement,Site web,8.0,,Annulee
103557,2025-11-19,1000,Lyon,Electronique,Smartphone,3,382.34,15,CB,Site web,14.0,4.0,Livree
101486,2024-10-01,1163,Lille,Vetements,Veste,1,33.98,30,CB,Magasin,3.0,3.0,Livree
104634,2025-05-12,1337,Bordeaux,Vetements,Baskets,1,27.25,0,CB,Application mobile,,4.0,Livree
103779,2024-12-19,1445,Paris,Vetements,T-shirt,2,34.51,0,CB,Site web,5.0,4.0,Livree
104576,2024-11-28,2284,,Electronique,Smartphone,2,251.17,0,CB,Site web,2.0,5.0,Retournee
104319,2025-04-11,1641,Toulouse,Vetements,Jean,3,28.03,15,CB,Magasin,2.0,5.0,Livree
100672,2025-07-07,2488,Toulouse,Vetements,Robe,1,35.37,20,Virement,Application mobile,11.0,,Livree
104071,2024-11-25,2198,Marseille,Maison,Tapis,1,26.44,15,PayPal,Magasin,1.0,,Livree
101393,2025-07-11,1177,Toulouse,Beaute,Serum,3,25.03,0,CB,Site web,11.0,,Livree
103141,2024-03-18,1725,Lille,Electronique,Smartphone,4,283.75,20,Virement,Site web,4.0,4.0,Livree
102653,2024-08-10,1474,Marseille,Electronique,Smartphone,3,239.96,0,CB,Application mobile,8.0,4.0,Livree
100580,2025-05-10,1960,Paris,Electronique,Ordinateur portable,2,252.79,5,PayPal,Application mobile,2.0,,Annulee
101045,2024-08-29,1610,Strasbourg,Vetements,Jean,1,28.78,0,Especes,Site web,3.0,4.0,Livree
104173,2025-03-15,1845,Toulouse,Beaute,Shampoing,1,24.19,15,CB,Site web,13.0,,Livree
102595,2025-07-16,2362,Bordeaux,Electronique,Ordinateur portable,1,291.26,10,Especes,Site web,3.0,3.0,Livree
102796,2025-12-29,1804,Lille,Maison,Coussin,1,51.11,15,Especes,Magasin,7.0,,Livree
103477,2025-01-09,1611,Paris,Vetements,Robe,2,50.57,30,CB,Application mobile,7.0,3.0,Livree
104221,2025-05-01,1894,,Livres,Essai,2,15.84,0,PayPal,Site web,6.0,,Livree
103114,2025-03-31,1687,Toulouse,Sport,Tapis de yoga,1,76.39,15,Especes,Application mobile,13.0,5.0,Livree
103588,2024-10-14,1391,Strasbourg,Electronique,Tablette,2,258.48,30,PayPal,Application mobile,1.0,5.0,Annulee
103961,2024-03-25,1603,,Livres,Essai,4,14.78,20,CB,Site web,7.0,5.0,Livree
101960,2025-09-11,1855,Lyon,Beaute,Rouge a levres,5,17.74,10,PayPal,Magasin,12.0,2.0,Livree
101932,2024-01-03,1702,Paris,Electronique,Casque audio,2,237.42,0,CB,Site web,10.0,5.0,Livree
101596,2025-01-12,2463,Strasbourg,Vetements,Jean,2,35.31,0,CB,Magasin,10.0,4.0,Annulee
104672,2025-11-08,2388,Marseille,Vetements,Jean,2,45.86,0,CB,Site web,12.0,3.0,Livree
104717,2024-01-29,1371,Lille,Electronique,Tablette,2,282.15,15,Especes,Site web,10.0,5.0,En cours
100767,2025-06-22,1219,Nantes,Vetements,Baskets,3,35.61,20,CB,Site web,10.0,4.0,Livree
100659,2024-12-07,2204,Nantes,Maison,Lampe,2,32.46,0,CB,Site web,13.0,3.0,En cours
104818,2024-02-25,1512,Nantes,Vetements,Robe,2,37.56,20,PayPal,Magasin,9.0,5.0,Livree
103572,2024-05-11,1456,Nantes,Maison,Tapis,3,46.58,0,Virement,Application mobile,4.0,3.0,Livree
100622,2025-11-05,2356,Marseille,Sport,Velo,3,40.45,5,CB,Site web,3.0,3.0,Livree
104843,2025-10-01,1681,Paris,Electronique,Casque audio,3,347.45,15,CB,Magasin,2.0,3.0,Livree
104355,2025-03-07,2381,Strasbourg,Sport,Tapis de yoga,3,71.24,5,PayPal,Application mobile,2.0,4.0,Livree
104378,2024-06-04,1585,Bordeaux,Electronique,Ordinateur portable,3,413.99,0,CB,Site web,8.0,4.0,Livree
104051,2024-04-08,1383,Strasbourg,Electronique,Casque audio,3,162.12,10,PayPal,Magasin,8.0,4.0,Livree
102682,2024-06-07,2315,Paris,Sport,Ballon,1,60.85,15,CB,Site web,14.0,4.0,Livree
101184,2025-10-15,1630,Bordeaux,Maison,Etagere,2,32.93,15,CB,Site web,10.0,4.0,En cours
101973,2024-11-28,2395,Strasbourg,Electronique,Ordinateur portable,2,266.83,5,CB,Site web,2.0,4.0,Livree
104551,2024-04-28,1675,Bordeaux,Maison,Tapis,2,,0,PayPal,Site web,14.0,5.0,Annulee
103858,2024-07-12,1432,Lille,Maison,Set de cuisine,5,37.42,10,Virement,Application mobile,5.0,2.0,Livree
104530,2025-01-11,2068,Lille,Electronique,Ordinateur portable,5,272.01,20,CB,Site web,6.0,4.0,Livree
103735,2025-12-14,1693,Marseille,Maison,Tapis,5,44.03,0,CB,Site web,14.0,,Livree
102935,2025-08-21,1513,Lyon,Maison,Lampe,4,26.7,15,PayPal,Site web,2.0,4.0,Livree
104395,2025-03-22,1024,Bordeaux,Sport,Halteres,1,54.48,30,CB,Site web,10.0,4.0,Livree
103992,2024-05-07,1741,Strasbourg,Sport,Montre connectee,1,,0,CB,Site web,2.0,1.0,Livree
104911,2025-11-26,1559,Marseille,Sport,Montre connectee,2,54.04,10,PayPal,Application mobile,9.0,4.0,Livree
104534,2024-05-10,2496,,Maison,Lampe,2,57.98,20,Virement,Magasin,4.0,,Livree
102373,2025-05-27,1462,Marseille,Vetements,T-shirt,1,52.31,15,CB,Site web,8.0,3.0,Livree
102451,2025-09-13,1693,Lille,Sport,Ballon,1,66.21,5,CB,Site web,9.0,5.0,Livree
103337,2024-08-30,1541,Marseille,Electronique,Casque audio,2,108.82,30,PayPal,Magasin,13.0,3.0,Livree
104008,2025-10-19,1001,Lyon,Beaute,Rouge a levres,1,23.91,5,Virement,Site web,14.0,5.0,Livree
104388,2024-05-03,1174,Marseille,Maison,Coussin,2,48.93,10,PayPal,Magasin,12.0,3.0,Livree
101837,2025-04-24,1628,Paris,Beaute,Serum,2,22.86,0,CB,Site web,12.0,5.0,Livree
104374,2024-11-11,2266,Toulouse,Beaute,Shampoing,1,22.54,15,PayPal,Site web,2.0,3.0,En cours
100655,2024-02-20,1896,Nantes,Electronique,Enceinte bluetooth,4,83.48,15,CB,Magasin,10.0,5.0,Livree
101058,2024-12-23,1998,Toulouse,Electronique,Casque audio,4,261.35,0,CB,Site web,14.0,3.0,Livree
100732,2024-07-29,2356,Marseille,Vetements,Jean,2,25.62,10,CB,Magasin,13.0,4.0,Livree
103783,2024-09-11,1227,Paris,Sport,Tapis de yoga,1,76.96,20,PayPal,Magasin,13.0,5.0,Livree
100553,2024-03-23,1864,Strasbourg,Vetements,Veste,3,18.09,20,CB,Site web,13.0,4.0,Livree
102142,2024-08-24,2430,Lille,Livres,Essai,5,23.73,15,CB,Magasin,9.0,3.0,Livree
100277,2024-12-27,1718,Bordeaux,Beaute,Creme visage,1,11.54,20,CB,Site web,13.0,4.0,Livree
101900,2025-12-08,1005,Strasbourg,Sport,Montre connectee,3,41.1,30,PayPal,Magasin,11.0,,Livree
103303,2024-03-16,2480,Nantes,Livres,Roman,4,14.67,15,Virement,Magasin,13.0,5.0,Livree
102293,2024-05-20,1138,Marseille,Vetements,Baskets,2,41.14,10,CB,Magasin,14.0,5.0,Livree
103897,2025-01-30,1526,Paris,Electronique,Ordinateur portable,4,276.86,30,Especes,Application mobile,6.0,5.0,Livree
101191,2024-05-10,2046,Lyon,Livres,Roman,5,15.81,15,CB,Magasin,7.0,4.0,Livree
101356,2024-04-29,1710,Marseille,Vetements,Veste,1,52.24,0,CB,Magasin,3.0,5.0,Livree
101694,2025-11-13,2247,Lille,Vetements,T-shirt,1,20.99,0,PayPal,Site web,4.0,4.0,Livree
103806,2024-11-21,1187,Bordeaux,Electronique,Enceinte bluetooth,4,228.51,20,Virement,Site web,6.0,4.0,Livree
100426,2024-06-02,1866,Marseille,Electronique,Ordinateur portable,4,226.1,5,CB,Application mobile,5.0,3.0,Livree
101186,2024-02-05,2124,Lyon,Vetements,Baskets,1,29.22,20,CB,Magasin,13.0,5.0,Livree
100865,2025-11-27,2471,Strasbourg,Electronique,Casque audio,1,252.63,5,CB,Application mobile,10.0,3.0,Livree
103015,2025-11-19,1458,Toulouse,Electronique,Tablette,5,305.98,15,PayPal,Site web,9.0,5.0,Retournee
101709,2025-08-02,1653,Lille,Livres,Livre de cuisine,3,11.69,15,CB,Application mobile,1.0,3.0,Livree
101245,2024-07-07,1636,Marseille,Beaute,Parfum,5,16.98,15,Virement,Site web,4.0,5.0,Livree
103669,2024-02-27,1911,Lille,Livres,Essai,3,18.6,30,PayPal,Site web,6.0,5.0,Livree
101528,2025-07-11,2363,Lyon,Electronique,Casque audio,1,217.31,30,CB,Application mobile,13.0,2.0,Retournee
104697,2024-03-30,2109,Bordeaux,Maison,Coussin,5,47.2,0,CB,Application mobile,2.0,5.0,En cours
103106,2024-06-24,1770,Paris,Electronique,Ordinateur portable,4,117.08,20,CB,Site web,4.0,4.0,En cours
100217,2024-07-09,1022,Lyon,Sport,Velo,1,52.22,0,PayPal,Site web,5.0,4.0,Livree
104309,2025-03-14,1053,Strasbourg,Livres,Essai,1,20.05,15,Virement,Site web,4.0,4.0,Livree
104131,2025-12-03,1045,Lyon,Electronique,Smartphone,3,253.49,0,Virement,Site web,10.0,5.0,Livree
102955,2025-03-29,2224,Paris,Electronique,Casque audio,2,280.27,15,CB,Application mobile,13.0,5.0,Livree
103694,2025-11-08,1302,Strasbourg,Maison,Etagere,2,53.55,20,CB,Magasin,8.0,3.0,En cours
104463,2025-11-24,2397,Nantes,Vetements,Robe,2,32.29,0,CB,Magasin,1.0,4.0,Livree
104108,2025-09-25,1216,Bordeaux,Vetements,Jean,1,25.67,10,CB,Site web,9.0,4.0,Livree
100476,2024-10-15,1252,Lyon,Electronique,Casque audio,1,384.62,5,CB,Site web,1.0,5.0,Livree
103415,2025-01-01,1748,Toulouse,Sport,Velo,3,69.83,0,CB,Application mobile,13.0,4.0,Retournee
103270,2024-05-06,2060,Nantes,Electronique,Ordinateur portable,2,358.71,10,PayPal,Application mobile,3.0,5.0,Retournee
102282,2024-08-18,1391,Paris,Electronique,Smartphone,2,293.99,10,Virement,Site web,12.0,,Annulee
102743,2025-08-09,2192,Paris,Vetements,T-shirt,4,26.42,30,PayPal,Magasin,14.0,4.0,Livree
100728,2025-12-10,2204,Marseille,Maison,Etagere,3,61.23,15,CB,Site web,1.0,3.0,Livree
101632,2024-08-27,1744,Strasbourg,Beaute,Serum,1,21.48,0,PayPal,Application mobile,,5.0,Livree
104045,2024-06-03,1864,Paris,Maison,Coussin,1,54.05,15,CB,Site web,3.0,,Livree
100013,2025-03-11,2096,Paris,Electronique,Tablette,1,140.84,20,CB,Site web,9.0,3.0,Livree
101023,2024-10-26,1174,Paris,Vetements,Veste,2,35.67,30,PayPal,Application mobile,11.0,5.0,Livree
104703,2025-03-08,2156,Marseille,Livres,Manuel scolaire,3,14.72,0,Virement,Application mobile,1.0,3.0,Livree
100435,2025-04-07,1088,Paris,Livres,Manuel scolaire,1,18.38,0,Virement,Application mobile,5.0,4.0,En cours
104113,2024-08-10,1098,Marseille,Sport,Halteres,5,55.05,0,CB,Site web,12.0,2.0,Livree
101782,2024-03-06,1972,Lyon,Beaute,Serum,2,18.15,0,PayPal,Application mobile,3.0,5.0,Livree
101803,2025-01-26,1642,Toulouse,Maison,Etagere,3,58.37,0,Especes,Application mobile,6.0,3.0,Livree
101114,2024-02-05,1268,Nantes,Sport,Halteres,2,53.9,30,PayPal,Site web,13.0,,Annulee
103379,2024-09-30,2401,Nantes,Maison,Set de cuisine,2,73.71,10,CB,Site web,6.0,5.0,Livree
102389,2025-11-13,2403,Bordeaux,Sport,Tapis de yoga,1,48.49,30,PayPal,Site web,4.0,3.0,Livree
101953,2024-11-05,1308,Paris,Vetements,Veste,4,28.08,10,CB,Magasin,6.0,,Livree
100344,2024-04-18,1538,Paris,Electronique,Casque audio,5,228.17,20,Especes,Site web,4.0,5.0,Retournee
100032,2024-06-15,1520,Lille,Vetements,Veste,2,27.05,30,PayPal,Application mobile,7.0,5.0,Livree
103935,2024-07-17,1431,Strasbourg,Sport,Ballon,2,67.09,15,PayPal,Magasin,1.0,3.0,Livree
102599,2025-04-12,2290,Toulouse,Maison,Set de cuisine,1,37.65,0,Especes,Magasin,3.0,,Annulee
102646,2025-08-19,1085,Lille,Electronique,Casque audio,2,212.34,20,CB,Site web,3.0,,Annulee
104128,2025-01-05,1509,Nantes,Livres,Livre de cuisine,1,11.23,5,PayPal,Site web,10.0,3.0,Annulee
100372,2025-11-11,1918,Bordeaux,Vetements,Veste,5,32.04,0,Virement,Site web,5.0,5.0,Livree
100657,2025-04-06,1224,Marseille,Electronique,Enceinte bluetooth,4,312.57,30,CB,Application mobile,13.0,5.0,En cours
103742,2025-04-22,2267,Paris,Electronique,Enceinte bluetooth,2,310.13,0,CB,Magasin,2.0,4.0,Livree
101086,2024-10-06,1247,Nantes,Beaute,Rouge a levres,2,17.0,20,PayPal,Site web,2.0,4.0,Livree
103098,2024-12-03,1329,Toulouse,Sport,Montre connectee,2,3541.5,15,CB,Site web,10.0,,Livree
104966,2025-11-19,2155,Lyon,Vetements,Baskets,2,27.7,20,Virement,Magasin,5.0,,Livree
102248,2024-09-29,2234,Nantes,Maison,Etagere,2,48.23,30,CB,Magasin,3.0,2.0,Livree
100860,2025-05-14,1094,Nantes,Sport,Ballon,1,49.49,0,PayPal,Application mobile,5.0,4.0,Livree
104140,2025-11-08,2382,Marseille,Vetements,Jean,3,33.45,5,CB,Magasin,8.0,2.0,Livree
101534,2025-03-26,1658,Lille,Vetements,Veste,4,28.39,0,PayPal,Site web,13.0,5.0,En cours
102592,2024-09-09,2217,Toulouse,Livres,BD,2,3.0,30,PayPal,Site web,12.0,3.0,Retournee
104767,2024-11-06,2450,Lyon,Beaute,Shampoing,3,30.12,0,CB,Application mobile,9.0,5.0,Livree
100489,2024-07-08,1495,Toulouse,Maison,Tapis,5,66.27,20,CB,Magasin,11.0,5.0,En cours
104599,2024-05-01,1641,Marseille,Sport,Montre connectee,1,45.14,5,Especes,Application mobile,14.0,,Annulee
100133,2025-07-18,2488,Lyon,Electronique,Casque audio,1,330.75,0,PayPal,Site web,9.0,,Annulee
102108,2025-03-13,1824,Paris,Sport,Tapis de yoga,5,67.26,5,Especes,Site web,14.0,3.0,En cours
100690,2025-04-20,1146,Bordeaux,Electronique,Enceinte bluetooth,4,302.89,0,CB,Site web,3.0,5.0,Livree
102074,2024-12-21,1622,Marseille,Vetements,Jean,1,39.23,20,CB,Application mobile,8.0,4.0,Livree
102148,2025-03-01,1871,Nantes,Maison,Etagere,4,39.17,15,PayPal,Site web,8.0,1.0,Livree
103603,2025-05-27,1648,Strasbourg,Maison,Set de cuisine,4,32.46,0,CB,Site web,12.0,4.0,Livree
104872,2025-07-05,1221,Lyon,Livres,Roman,3,25.36,20,Virement,Application mobile,7.0,5.0,Livree
104884,2025-08-19,1730,Bordeaux,Livres,Manuel scolaire,1,16.25,30,CB,Site web,11.0,,Annulee
100363,2025-09-07,1499,Paris,Sport,Halteres,1,58.8,5,CB,Application mobile,6.0,5.0,Livree
104891,2024-08-29,1012,Lille,Beaute,Rouge a levres,5,25.82,10,Virement,Magasin,8.0,4.0,Livree
101628,2025-04-17,1697,Bordeaux,Vetements,Veste,1,23.9,30,Virement,Site web,13.0,3.0,Livree
101276,2024-10-15,1266,Nantes,Electronique,Tablette,2,312.37,0,CB,Application mobile,5.0,5.0,En cours
102489,2025-11-23,1384,Nantes,Electronique,Smartphone,1,388.63,15,CB,Site web,4.0,4.0,Livree
100647,2024-04-06,1734,Toulouse,Beaute,Serum,2,14.76,5,PayPal,Magasin,14.0,5.0,Livree
101003,2024-04-27,2401,Nantes,Beaute,Rouge a levres,2,18.16,0,CB,Site web,14.0,4.0,Livree
102524,2024-06-23,1364,Marseille,Vetements,T-shirt,3,38.67,0,Virement,Site web,2.0,5.0,Livree
102110,2024-06-04,1528,Lille,Electronique,Enceinte bluetooth,2,231.1,10,PayPal,Site web,6.0,5.0,Livree
101172,2024-05-27,2438,Marseille,Electronique,Enceinte bluetooth,1,234.21,15,PayPal,Application mobile,13.0,3.0,Livree
100483,2024-07-15,2281,Nantes,Vetements,Baskets,1,40.17,5,PayPal,Site web,9.0,4.0,Livree
101810,2025-05-18,1471,Lyon,Beaute,Parfum,1,16.45,10,CB,Site web,7.0,,Livree
103329,2024-06-08,2192,Lille,Electronique,Casque audio,2,225.26,10,Especes,Site web,2.0,5.0,Livree
104148,2024-09-07,2296,Paris,Sport,Ballon,5,51.01,30,Virement,Magasin,3.0,5.0,Livree
100242,2025-02-04,2187,Lille,Beaute,Shampoing,1,30.72,10,CB,Site web,11.0,4.0,Livree
102083,2025-03-06,1882,Lille,Vetements,Jean,2,40.07,20,Virement,Magasin,11.0,5.0,Livree
101202,2025-05-05,1385,Strasbourg,Vetements,Jean,4,39.6,10,CB,Application mobile,1.0,5.0,Livree
103751,2025-04-22,1613,Lyon,Electronique,Enceinte bluetooth,1,227.26,30,Virement,Application mobile,4.0,4.0,Livree
104834,2025-07-01,2306,Lyon,Sport,Montre connectee,1,61.98,0,PayPal,Site web,12.0,4.0,Livree
102168,2025-03-02,2386,Lyon,Electronique,Ordinateur portable,1,403.27,10,Virement,Application mobile,9.0,,Livree
101019,2024-03-18,1034,Lille,Vetements,Jean,3,39.09,10,CB,Site web,13.0,5.0,Annulee
102092,2025-12-07,1876,Lyon,Electronique,Enceinte bluetooth,1,273.24,5,CB,Magasin,8.0,4.0,Livree
103372,2025-03-30,2471,Lille,Maison,Lampe,3,62.42,20,PayPal,Site web,3.0,5.0,Retournee
104932,2024-10-23,2468,Bordeaux,Beaute,Rouge a levres,2,13.25,15,CB,Magasin,8.0,3.0,Livree
102124,2024-07-08,2059,Nantes,Vetements,T-shirt,2,43.34,0,CB,Site web,1.0,,Annulee
101744,2025-08-30,1837,Nantes,Vetements,Veste,2,37.91,0,CB,Site web,4.0,5.0,Livree
104464,2024-12-11,2196,,Vetements,Robe,5,24.11,0,CB,Site web,13.0,4.0,Livree
102954,2025-10-27,1285,Lyon,Beaute,Parfum,3,17.8,0,PayPal,Site web,13.0,5.0,Livree
103284,2024-05-09,1538,Marseille,Livres,Essai,1,20.64,10,PayPal,Site web,12.0,,Annulee
104363,2024-08-27,1994,Nantes,Electronique,Smartphone,1,250.91,0,PayPal,Magasin,10.0,5.0,Annulee
103383,2025-05-23,1020,Toulouse,Electronique,Ordinateur portable,2,241.16,20,CB,Magasin,4.0,4.0,Livree
104824,2025-04-29,2217,Lille,Beaute,Rouge a levres,3,21.54,0,CB,Site web,10.0,2.0,Retournee
102492,2025-12-09,2351,Lille,Sport,Halteres,1,27.27,0,CB,Site web,3.0,5.0,Livree
101519,2024-06-12,1634,Nantes,Vetements,Veste,1,21.75,10,CB,Application mobile,14.0,5.0,Livree
101033,2025-10-12,1493,Strasbourg,Electronique,Enceinte bluetooth,5,330.45,10,CB,Application mobile,4.0,4.0,Retournee
101712,2025-07-24,1049,Marseille,Sport,Montre connectee,5,44.26,20,PayPal,Site web,2.0,5.0,Livree
100295,2024-08-09,1684,Bordeaux,Electronique,Enceinte bluetooth,1,342.42,5,CB,Site web,7.0,5.0,Livree
101848,2025-06-20,2134,Lille,Electronique,Tablette,3,209.16,10,CB,Site web,2.0,2.0,Livree
104721,2025-07-15,1398,Lille,Sport,Montre connectee,5,84.34,0,PayPal,Site web,5.0,4.0,Livree
104373,2024-09-16,1864,Lyon,Sport,Ballon,2,48.15,15,CB,Site web,2.0,4.0,Livree
100497,2025-02-13,1788,Lyon,Maison,Lampe,1,63.39,20,CB,Application mobile,7.0,4.0,Livree
103675,2024-12-08,1107,Bordeaux,Vetements,T-shirt,1,23.37,0,CB,Site web,11.0,4.0,Livree
100484,2024-10-28,1569,Nantes,Livres,Roman,4,9.56,5,Virement,Magasin,12.0,1.0,Livree
101520,2025-04-14,2361,Lille,Electronique,Tablette,2,251.25,20,Virement,Site web,8.0,5.0,Livree
100182,2025-07-11,1967,Lyon,Sport,Halteres,1,51.64,30,CB,Magasin,9.0,4.0,Livree
100684,2025-06-01,1597,Strasbourg,Livres,Roman,1,11.72,0,CB,Site web,12.0,4.0,Livree
101768,2024-03-17,1518,Lyon,Sport,Ballon,5,68.13,0,CB,Application mobile,9.0,5.0,Livree
104954,2024-08-06,1966,Bordeaux,Electronique,Smartphone,1,337.06,30,CB,Magasin,9.0,4.0,En cours
102050,2024-04-18,1915,Paris,Maison,Lampe,2,30.42,0,CB,Magasin,14.0,5.0,Livree
100754,2025-03-02,2418,Lyon,Maison,Etagere,2,59.23,0,PayPal,Site web,7.0,5.0,Livree
104604,2024-05-20,1699,Lyon,Vetements,T-shirt,2,19.17,15,CB,Site web,2.0,4.0,Livree
102545,2025-12-10,1839,Lyon,Sport,Halteres,1,70.34,10,CB,Application mobile,7.0,4.0,Livree
103361,2024-05-23,1613,Marseille,Maison,Lampe,1,37.12,5,PayPal,Magasin,3.0,5.0,Livree
103632,2024-04-03,2037,Nantes,Electronique,Ordinateur portable,1,232.01,0,Especes,Application mobile,7.0,4.0,Livree
101438,2024-05-16,1078,Paris,Vetements,Veste,5,40.59,30,Virement,Site web,12.0,3.0,Livree
101445,2024-03-27,1418,Lille,Vetements,Baskets,4,28.04,20,CB,Application mobile,8.0,4.0,Livree
104237,2024-09-12,1970,Paris,Beaute,Serum,1,23.59,0,CB,Site web,10.0,4.0,Livree
100864,2025-02-03,1526,Lille,Maison,Etagere,5,48.1,0,CB,Site web,8.0,4.0,Livree
102231,2025-05-12,1148,Paris,Maison,Set de cuisine,1,22.55,15,PayPal,Application mobile,5.0,5.0,Livree
102322,2025-02-14,1934,Strasbourg,Electronique,Tablette,4,282.2,15,CB,Application mobile,9.0,5.0,Retournee
102960,2024-05-13,2488,Lyon,Sport,Montre connectee,3,76.26,5,PayPal,Site web,14.0,3.0,Livree
103744,2024-03-25,2493,Lyon,Sport,Velo,3,67.6,30,PayPal,Application mobile,14.0,5.0,Livree
104944,2024-02-21,2309,Bordeaux,Maison,Lampe,1,40.4,0,PayPal,Magasin,2.0,,Annulee
103984,2025-09-29,1482,Toulouse,Maison,Etagere,5,27.93,5,PayPal,Site web,2.0,4.0,Livree
102779,2025-07-07,1246,Bordeaux,Livres,BD,1,9.76,5,CB,Site web,8.0,,Annulee
103683,2024-12-13,1474,Lyon,Electronique,Smartphone,3,171.37,10,CB,Magasin,10.0,1.0,Livree
103044,2024-09-18,2173,Paris,Vetements,Jean,2,25.72,30,Especes,Site web,4.0,5.0,Livree
104213,2024-06-07,1734,Lille,Livres,BD,1,20.22,0,CB,Application mobile,4.0,,Retournee
103073,2025-08-08,1065,Toulouse,Electronique,Tablette,2,190.87,0,PayPal,Site web,5.0,,Retournee
102161,2025-04-22,1410,Toulouse,Sport,Montre connectee,3,72.07,30,PayPal,Application mobile,14.0,5.0,Livree
100545,2024-12-31,1677,Toulouse,Livres,Essai,2,16.11,20,Virement,Application mobile,8.0,5.0,En cours
101789,2025-05-20,1608,,Vetements,Baskets,1,14.95,30,CB,Site web,8.0,3.0,Livree
102213,2024-02-28,2484,Lyon,Vetements,Robe,1,27.18,5,CB,Application mobile,8.0,,Annulee
104039,2024-09-27,2437,Toulouse,Sport,Tapis de yoga,1,22.42,30,CB,Site web,3.0,2.0,Livree
102232,2024-12-16,1207,Toulouse,Electronique,Smartphone,3,227.34,5,CB,Magasin,13.0,3.0,Livree
101396,2025-05-15,1574,Toulouse,Maison,Set de cuisine,4,34.18,0,CB,Application mobile,13.0,4.0,Livree
100274,2025-12-14,2085,Nantes,Vetements,T-shirt,5,25.08,15,CB,Site web,8.0,3.0,Livree
100704,2024-07-03,1179,Paris,Maison,Etagere,2,,0,CB,Application mobile,8.0,4.0,Livree
101024,2025-05-29,1529,Lyon,Electronique,Tablette,4,253.69,10,PayPal,Site web,12.0,5.0,Livree
100383,2024-11-20,2055,Lyon,Livres,Essai,1,8.4,15,Virement,Magasin,2.0,5.0,Livree
102609,2025-08-12,1275,Toulouse,Vetements,Veste,2,29.77,5,Especes,Magasin,1.0,,Livree
104272,2025-10-25,1838,Lille,Vetements,Veste,2,45.93,15,CB,Site web,6.0,,Annulee
103243,2025-04-11,1329,Bordeaux,Sport,Tapis de yoga,2,57.42,0,Especes,Magasin,3.0,3.0,Retournee
102567,2025-10-28,1727,Lyon,Vetements,Veste,5,48.44,30,CB,Application mobile,14.0,4.0,Livree
104926,2024-03-01,2031,Paris,Vetements,Baskets,1,19.9,30,PayPal,Magasin,9.0,1.0,Livree
101642,2024-05-02,1335,Toulouse,Vetements,Veste,2,43.67,30,PayPal,Magasin,7.0,4.0,Livree
104718,2024-12-28,1513,Bordeaux,Electronique,Tablette,3,379.9,0,CB,Application mobile,7.0,4.0,Livree
100858,2024-12-07,1432,Lille,Electronique,Ordinateur portable,2,303.16,5,CB,Magasin,7.0,4.0,En cours
104019,2024-09-17,2366,Toulouse,Electronique,Smartphone,2,131.71,5,PayPal,Site web,10.0,5.0,Livree
104737,2024-04-10,1154,Lyon,Maison,Tapis,2,50.3,30,CB,Magasin,2.0,4.0,Livree
103388,2025-05-06,1880,Strasbourg,Electronique,Smartphone,2,172.61,0,CB,Site web,4.0,5.0,Livree
102306,2024-08-01,1507,Toulouse,Electronique,Enceinte bluetooth,1,164.59,0,CB,Site web,13.0,4.0,Livree
100834,2024-09-07,1874,Strasbourg,Beaute,Shampoing,3,22.22,30,CB,Site web,11.0,2.0,Livree
102710,2024-05-16,2301,Paris,Electronique,Ordinateur portable,1,274.77,5,CB,Magasin,4.0,5.0,En cours
101498,2025-03-13,1748,Marseille,Electronique,Enceinte bluetooth,1,395.58,20,CB,Site web,4.0,5.0,Livree
104433,2024-03-01,1629,Lille,Vetements,Robe,1,33.61,5,Especes,Magasin,1.0,5.0,Livree
103610,2025-05-03,2398,Lyon,Electronique,Tablette,3,271.32,15,CB,Application mobile,12.0,4.0,Livree
103576,2024-06-06,2400,Toulouse,Maison,Tapis,1,58.66,20,CB,Application mobile,5.0,3.0,Livree
101447,2024-07-31,1513,Strasbourg,Electronique,Smartphone,4,282.46,30,Especes,Application mobile,9.0,4.0,Retournee
102528,2025-03-06,2331,Lille,Sport,Montre connectee,1,66.96,0,CB,Application mobile,2.0,3.0,Retournee
101705,2024-07-09,1151,Toulouse,Maison,Lampe,1,53.26,20,CB,Site web,10.0,3.0,Annulee
102923,2025-07-02,1486,Bordeaux,Maison,Tapis,1,48.54,20,Especes,Magasin,14.0,4.0,Livree
102707,2025-02-18,1508,,Sport,Montre connectee,4,79.8,5,PayPal,Application mobile,14.0,4.0,Livree
103069,2025-10-25,2149,Toulouse,Vetements,Veste,5,33.42,0,Especes,Application mobile,2.0,3.0,Livree
100789,2024-09-24,1342,Lyon,Electronique,Tablette,5,272.22,30,CB,Application mobile,12.0,5.0,Livree
100968,2024-02-15,2364,Toulouse,Beaute,Creme visage,2,11.8,15,CB,Application mobile,2.0,5.0,Livree
101667,2025-06-22,2024,Paris,Electronique,Smartphone,1,288.09,20,CB,Site web,2.0,5.0,Livree
103321,2024-07-07,1767,Toulouse,Vetements,Veste,2,35.64,10,Especes,Application mobile,13.0,4.0,Livree
101688,2024-06-25,1346,Lyon,Sport,Montre connectee,2,77.76,0,PayPal,Magasin,13.0,1.0,Livree
